0,0,0,0,715.2600002,-135000,11.5,8000,0,0,0,0,0,0,0,0,0,0
0,0,0,0,715.2600002,-135000,11.5,8000,0,0,0,0,0,0,0,0,0,0
0,0,0,0,715.2600002,-135000,11.5,8000,0,0,0,0,0,0,0,0,0,0
0,0,0,0,715.2600002,-135000,11.5,8000,0,0,0,0,0,0,0,0,0,0
0,0,0,0,715.2600002,-135000,11.5,8000,0,0,0,0,0,0,0,0,0,0
0,0,0,0,715.2600002,-135000,11.5,8000,0,0,0,0,0,0,0,0,0,0
0,0,0,0,715.25,-135000,11.5,8000,0,0,0,0,0,0,0,0,0,0
0,0,0,0,715.25,-135000,11.5,8000,0,0,0,0,0,0,0,0,0,0
0,0,0,0,715.25,-135000,11.5,8000,0,0,0,0,0,0,0,0,0,0
0,0,0,0,715.2600002,-135000,11.5,8000,0,0,0,0,0,0,0,0,0,0
0,0,0,0,715.2600002,-135000,11.5,8000,0,0,0,0,0,0,0,0,0,0
0,0,0,0,715.2600002,-135000,11.5,8000,0,0,0,0,0,0,0,0,0,0
0,0,0,0,715.2600002,-135000,11.5,8000,0,0,0,0,0,0,0,0,0,0
0,0,0,0,715.2600002,-135000,11.5,8000,0,0,0,0,0,0,0,0,0,0
0,0,0,0,715.2600002,-135000,11.5,8000,0,0,0,0,0,0,0,0,0,0
0,0,0,0,715.2600002,-135000,11.5,8000,0,0,0,0,0,0,0,0,0,0
0,0,0,0,715.25,-135000,11.5,8000,0,0,0,0,0,0,0,0,0,0
0,0,0,0,715.2600002,-135000,11.5,8000,0,0,0,0,0,0,0,0,0,0
0,0,0,0,715.25,-135000,11.5,8000,0,0,0,0,0,0,0,0,0,0
0,0,0,0,715.2600002,-135000,11.5,8000,0,0,0,0,0,0,0,0,0,0
0,0,0,0,715.2600002,-135000,11.5,8000,0,0,0,0,0,0,0,0,0,0
0,0,0,0,715.2600002,-135000,11.5,8000,0,0,0,0,0,0,0,0,0,0
0,0,0,0,715.2600002,-135000,11.5,8000,0,0,0,0,0,0,0,0,0,0
0,0,0,0,715.2600002,-135000,11.5,8000,0,0,0,0,0,0,0,0,0,0
0,0,0,0,715.2600002,-135000,11.5,8000,0,0,0,0,0,0,0,0,0,0
0,0,0,0,715.2600002,-135000,11.5,8000,0,0,0,0,0,0,0,0,0,0
0,0,0,0,715.2600002,-135000,11.5,8000,0,0,0,0,0,0,0,0,0,0
0,0,0,0,715.2600002,-135000,11.5,8000,0,0,0,0,0,0,0,0,0,0
0,0,0,0,715.2600002,-135000,11.5,8000,0,0,0,0,0,0,0,0,0,0
0,0,0,0,715.2600002,-135000,11.5,8000,0,0,0,0,0,0,0,0,0,0
0,0,0,0,715.2600002,-135000,11.5,8000,0,0,0,0,0,0,0,0,0,0
0,0,0,0,715.2600002,-135000,11.5,8000,0,0,0,0,0,0,0,0,0,0
0,0,0,0,715.2600002,-135000,11.5,8000,0,0,0,0,0,0,0,0,0,0
0,0,0,0,715.2600002,-135000,11.5,8000,0,0,0,0,0,0,0,0,0,0
0,0,0,0,715.2600002,-135000,11.5,8000,0,0,0,0,0,0,0,0,0,0
0,0,0,0,715.2600002,-135000,11.5,8000,0,0,0,0,0,0,0,0,0,0
0,0,0,0,715.2600002,-135000,11.5,8000,0,0,0,0,0,0,0,0,0,0
0,0,0,0,715.2600002,-135000,11.5,8000,0,0,0,0,0,0,0,0,0,0
0,0,0,0,715.2600002,-135000,11.5,8000,0,0,0,0,0,0,0,0,0,0
0,0,0,0,715.2600002,-135000,11.5,8000,0,0,0,0,0,0,0,0,0,0
0,0,0,0,715.2600002,-135000,11.5,8000,0,0,0,0,0,0,0,0,0,0
0,0,0,0,715.2600002,-135000,11.5,8000,0,0,0,0,0,0,0,0,0,0
0,0,0,0,715.2600002,-135000,11.5,8000,0,0,0,0,0,0,0,0,0,0
0,0,0,0,715.2600002,-135000,11.5,8000,0,0,0,0,0,0,0,0,0,0
0,0,0,0,715.2600002,-135000,11.5,8000,0,0,0,0,0,0,0,0,0,0
0,0,0,0,715.2600002,-135000,11.5,8000,0,0,0,0,0,0,0,0,0,0
0,0,0,0,715.27,-135000,11.5,8000,0,0,0,0,0,0,0,0,0,0
0,0,0,0,715.2600002,-135000,11.5,8000,0,0,0,0,0,0,0,0,0,0
0,0,0,0,715.2600002,-135000,11.5,8000,0,0,0,0,0,0,0,0,0,0
0,0,0,0,715.25,-135000,11.5,8000,0,0,0,0,0,0,0,0,0,0
0,0,0,0,715.25,-135000,11.5,8000,0,0,0,0,0,0,0,0,0,0
0,0,0,0,715.25,-135000,11.5,8000,0,0,0,0,0,0,0,0,0,0
0,0,0,0,715.2600002,-135000,11.5,8000,0,0,0,0,0,0,0,0,0,0
0,0,0,0,715.27,-135000,11.5,8000,0,0,0,0,0,0,0,0,0,0
0,0,0,0,715.27,-135000,11.5,8000,0,0,0,0,0,0,0,0,0,0
0,0,0,0,715.27,-135000,11.5,8000,0,0,0,0,0,0,0,0,0,0
0,0,0,0,715.2600002,-135000,11.5,8000,0,0,0,0,0,0,0,0,0,0
0,0,0,0,715.2600002,-135000,11.5,8000,0,0,0,0,0,0,0,0,0,0
0,0,0,0,715.2600002,-135000,11.5,8000,0,0,0,0,0,0,0,0,0,0
0,0,0,0,715.2600002,-135000,11.5,8000,0,0,0,0,0,0,0,0,0,0
0,0,0,0,715.2600002,-135000,11.5,8000,0,0,0,0,0,0,0,0,0,0
0,0,0,0,715.27,-135000,11.5,8000,0,0,0,0,0,0,0,0,0,0
0,0,0,0,715.27,-135000,11.5,8000,0,0,0,0,0,0,0,0,0,0
0,0,0,0,715.27,-135000,11.5,8000,0,0,0,0,0,0,0,0,0,0
0,0,0,0,715.2600002,-135000,11.5,8000,0,0,0,0,0,0,0,0,0,0
0,0,0,0,715.2600002,-135000,11.5,8000,0,0,0,0,0,0,0,0,0,0
0,0,0,0,715.2600002,-135000,11.5,8000,0,0,0,0,0,0,0,0,0,0
0,0,0,0,715.2600002,-135000,11.5,8000,0,0,0,0,0,0,0,0,0,0
0,0,0,0,715.2600002,-135000,11.5,8000,0,0,0,0,0,0,0,0,0,0
0,0,0,0,715.2600002,-135000,11.5,8000,0,0,0,0,0,0,0,0,0,0
0,0,0,0,715.2600002,-135000,11.5,8000,0,0,0,0,0,0,0,0,0,0
0,0,0,0,715.2600002,-135000,11.5,8000,0,0,0,0,0,0,0,0,0,0
0,0,0,0,715.2600002,-135000,11.5,8000,0,0,0,0,0,0,0,0,0,0
0,0,0,0,715.27,-135000,11.5,8000,0,0,0,0,0,0,0,0,0,0
0,0,0,0,715.27,-135000,11.5,8000,0,0,0,0,0,0,0,0,0,0
0,0,0,0,715.27,-135000,11.5,8000,0,0,0,0,0,0,0,0,0,0
0,0,0,0,715.2600002,-135000,11.5,8000,0,0,0,0,0,0,0,0,0,0
0,0,0,0,715.2600002,-135000,11.5,8000,0,0,0,0,0,0,0,0,0,0
0,0,0,0,715.2600002,-135000,11.5,8000,0,0,0,0,0,0,0,0,0,0
0,0,0,0,715.2600002,-135000,11.5,8000,0,0,0,0,0,0,0,0,0,0
0,0,0,0,715.2600002,-135000,11.5,8000,0,0,0,0,0,0,0,0,0,0
0,0,0,0,715.2600002,-135000,11.5,8000,0,0,0,0,0,0,0,0,0,0
0,0,0,0,715.2600002,-135000,11.5,8000,0,0,0,0,0,0,0,0,0,0
0,0,0,0,715.2600002,-135000,11.5,8000,0,0,0,0,0,0,0,0,0,0
0,0,0,0,715.2600002,-135000,11.5,8000,0,0,0,0,0,0,0,0,0,0
0,0,0,0,715.2600002,-135000,11.5,8000,0,0,0,0,0,0,0,0,0,0
0,0,0,0,715.2600002,-135000,11.5,8000,0,0,0,0,0,0,0,0,0,0
0,0,0,0,715.2600002,-135000,11.5,8000,0,0,0,0,0,0,0,0,0,0
0,0,0,0,715.2600002,-135000,11.5,8000,0,0,0,0,0,0,0,0,0,0
0,0,0,0,715.2600002,-135000,11.5,8000,0,0,0,0,0,0,0,0,0,0
0,0,0,0,715.2600002,-135000,11.5,8000,0,0,0,0,0,0,0,0,0,0
0,0,0,0,715.2600002,-135000,11.5,8000,0,0,0,0,0,0,0,0,0,0
0,0,0,0,715.2600002,-135000,11.5,8000,0,0,0,0,0,0,0,0,0,0
0,0,0,0,715.2600002,-135000,11.5,8000,0,0,0,0,0,0,0,0,0,0
0,0,0,0,715.2600002,-135000,11.5,8000,0,0,0,0,0,0,0,0,0,0
0,0,0,0,715.2600002,-135000,11.5,8000,0,0,0,0,0,0,0,0,0,0
0,0,0,0,715.2600002,-135000,11.5,8000,0,0,0,0,0,0,0,0,0,0
0,0,0,0,715.2600002,-135000,11.5,8000,0,0,0,0,0,0,0,0,0,0
0,0,0,0,715.2600002,-135000,11.5,8000,0,0,0,0,0,0,0,0,0,0
0,0,0,0,715.27,-135000,11.5,8000,0,0,0,0,0,0,0,0,0,0
0,0,0,0,715.2600002,-135000,11.5,8000,0,0,0,0,0,0,0,0,0,0
0,0,0,0,715.25,-135000,11.5,8000,0,0,0,0,0,0,0,0,0,0
0,0,0,0,715.23,-135000,11.5,8000,0,0,0,0,0,0,0,0,0,0
0,0,0,0,715.2399998,-135000,11.5,8000,0,0,0,0,0,0,0,0,0,0
0,0,0,0,715.2600002,-135000,11.5,8000,-0.5,0,0,0,0,0,0,0,0,0
0,0,0,0,715.23,-135000,11.5,8000,-0.5,0,0,0,0,0,0,0,0,0
0,0,0,0,715.23,-135000,11.5,8000,-0.5,0,0,0,0,0,0,0,0,0
0,0,0,0,715.2199998,-135000,11.5,8000,-0.5,0,0,0,0,0,0,0,0,0
0,0,0,0,715.23,-135000,11.5,8000,-0.5,0,0,0,0,0,0,0,0,0
0,0,0,0,715.2399998,-135000,11.5,8000,-0.5,0,0,0,0,0,0,0,0,0
0,0,0,0,715.2399998,-135000,11.5,8000,-0.5,0,0,0,0,0,0,0,0,0
0,0,0,0,715.2399998,-135000,11.5,8000,-0.5,0,0,0,0,0,0,0,0,0
0,0,0,0,715.2399998,-135000,11.5,8000,-0.5,0,0,0,0,0,0,0,0,0
0,0,0,0,715.23,-135000,11.5,8000,-0.5,0,0,0,0,0,0,0,0,0
0,0,0,0,715.23,-135000,11.5,8000,-0.5,0,0,0,0,0,0,0,0,0
0,0,0,0,715.23,-135000,11.5,8000,-0.5,0,0,0,0,0,0,0,0,0
0,0,0,0,715.23,-135000,11.5,8000,-0.5,0,0,0,0,0,0,0,0,0
0,0,0,0,715.23,-135000,11.5,8000,-0.5,0,0,0,0,0,0,0,0,0
0,0,0,0,715.23,-135000,11.5,8000,-0.5,0,0,0,0,0,0,0,0,0
0,0,0,0,715.23,-135000,11.5,8000,-0.5,0,0,0,0,0,0,0,0,0
0,0,0,0,715.23,-135000,11.5,8000,-0.5,0,0,0,0,0,0,0,0,0
0,0,0,0,715.23,-135000,11.5,8000,-0.5,0,0,0,0,0,0,0,0,0
0,0.0807234,0,0,715.23,-135000,11.5,8000,-0.5,0,0,0,0,0,0,0,0,0
0,0.104724409,0.096484375,0,715.23,-135000,11.5,8000,0,0,0,0,0,0,0,0,0,0
0,0.119685039,0.126171875,0,715.23,-135000,11.5,8000,0,0,0,0,0,0,0,0,0,0
0,0.142125987,0.13359375,0,715.2399998,2000,27.5,10,0,0,0,0,0,0,0,0,0,0
0,0.15708661,0.141015625,0,715.3400002,2000,27.5,10,0,0,0,0,0,0,0,0,0,0
0,0.15708661,0.141015625,0,715.5599999,2000,27.5,10,0,0,0,0,0,0,0,0,0,0
0,0.164566936,0.16328125,0,715.7800002,2000,27.5,10,0,0,0,0,0,0,0,0,0,0
0,0.179527558,0.185546875,0,715.9299998,2000,27.5,10,0,0,0,0,0,0,0,0,0,0
0,0.201968507,0.200390625,0,716.04,2000,27.5,10,0,0,0,0,0,0,0,0,0,0
0,0.21692913,0.215234375,0,716.27,2000,27.5,10,0,0,0,0,0,0,0,0,0,0
0,0.231889766,0.215234375,0,716.4100001,2000,27.5,10,0,0,0,0,0,0,0,0,0,0
0,0.246850389,0.215234375,0,716.48,2000,27.5,10,0,0,0,0,0,0,0,0,0,0
0,0.261811012,0.215234375,0,716.5699999,2000,27.5,10,0,0,0,0,0,0,0,0,0,0
0,0.269291352,0.22265625,0,716.6700001,2000,27.5,10,0,0,0,0,0,0,0,0,0,0
0,0.276771663,0.215234375,0,716.78,2000,27.5,10,0,0,0,0,0,0,0,0,0,0
0,0.276771663,0.215234375,0,716.8800001,2000,27.5,10,0,0,0,0,0,0,0,0,0,0
0,0.291732286,0.215234375,0,716.99,2000,27.5,10,0,0,0,0,0,0,0,0,0,0
0,0.291732286,0.215234375,0,717.1099999,2000,27.5,10,0,0,0,0,0,0,0,0,0,0
0,0.306692909,0.215234375,0,717.23,2000,27.5,10,0,0,0,0,0,0,0,0,0,0
0,0.321653531,0.2078125,0,717.3800001,2000,27.5,10,0,0,0,0,0,0,0,0,0,0
0,0.321653531,0.2078125,0,717.54,2000,27.5,10,0,0,0,0,0,0,0,0,0,0
0,0.336614183,0.185546875,0,717.71,2000,27.5,10,0,0,0,0,0,0,0,0,0,0
0,0.37401574,0.11875,0,718.34,2000,27.5,10,0,0,0,0,0,0,0,0,0,0
0,0.396456702,0,0,718.8099999,2000,27.5,10,0,0,0,0,0,0,0,0,0,0
0,0.403937013,0,0,719.22,2000,27.5,10,0,0,0,0,0,0,0,0,0,0
0,0.403937013,0,0,719.4,2000,27.5,10,0,0,0,0,0,0,0,0,0,0
0,0.418897636,0,0,719.55,2000,27.5,10,0,0,0,0,0,0,0,0,0,0
0,0.44133857,0,0,719.61,2000,27.5,10,0,0,0,0,0,0,0,0,0,0
0,0.44881891,0,0,719.44,2000,27.5,10,0,0,0,0,0,0,0,0,0,0
0,0.44881891,0,0,719.27,2000,27.5,10,0,0,0,0,0,0,0,0,0,0
0,0.44881891,0,0,719.16,2000,27.5,10,0,0,0,0,0,0,0,0,0,0
0,0.44881891,0,0,719.25,2000,27.5,10,0,0,0,0,0,0,0,0,0,0
0,0.44881891,0,0,719.48,2000,27.5,10,0,0,0,0,0,0,0,0,0,0
0,0.44881891,0,0,719.74,2000,27.5,10,0,0,0,0,0,0,0,0,0,0
0,0.44881891,0,0,720.18,2000,27.5,10,0,0,0,0,0,0,0,0,0,0
0,0.44881891,0,0,720.5,2000,27.5,10,0,0,0,0,0,0,0,0,0,0
0,0.44881891,0,0,720.75,2000,27.5,10,0,0,0,0,0,0,0,0,0,0
0,0.44881891,0,0,721.0700001,2000,27.5,10,0,0,0,0,0,0,0,0,0,0
0,0.44881891,0,0,721.47,2000,27.5,10,0,0,0,0,0,0,0,0,0,0
0,0.44881891,0,0,721.87,2000,27.5,10,0,0,0,0,0,0,0,0,0,0
0,0.44881891,0,0,722.1800001,2000,27.5,10,0,0,0,0,0,0,0,0,0,0
0,0.44881891,0.0887889,0,722.5799999,2000,27.5,10,0,0,0,0,0,0,0,0,0,0
0,0.44881891,0.10390625,0,722.9000001,2000,27.5,10,0,0,0,0,0,0,0,0,0,0
0,0.44881891,0.126171875,0,723.1099999,2000,27.5,10,0,0,0,0,0,0,0,0,0,0
0,0.44133857,0.141015625,0,723.1199999,2000,27.5,10,0,0,0,0,0,0,0,0,0,0
0,0.426377948,0.155859375,0,723.2,2000,27.5,10,0,0,0,0,0,0,0,0,0,0
0,0.396456702,0.22265625,0,724.1900001,2000,27.5,10,0,0,0,0,0,0,0,0,0,0
0,0.388976391,0.230078125,0,724.3000002,2000,27.5,10,0,0,0,0,0,0,0,0,0,0
0,0.388976391,0.230078125,0,724.3899999,2000,27.5,10,0,0,0,0,0,0,0,0,0,0
0,0.381496051,0.230078125,0,724.5100002,2000,27.5,10,0,0,0,0,0,0,0,0,0,0
0,0.381496051,0.230078125,0,724.73,2000,27.5,10,0,0,0,0,0,0,0,0,0,0
0,0.381496051,0.230078125,0,725.02,2000,27.5,10,0,0,0,0,0,0,0,0,0,0
0,0.37401574,0.230078125,0,725.29,2000,27.5,10,0,0,0,0,0,0,0,0,0,0
0,0.37401574,0.230078125,0,725.48,2000,27.5,10,0,0,0,0,0,0,0,0,0,0
0,0.37401574,0.230078125,0,725.5700002,2000,27.5,10,0,0,0,0,0,0,0,0,0,0
0,0.366535428,0.2375,0,725.6399999,2000,7.5,3000,0,0,0,0,0,0,0,0,0,0
0,0.366535428,0.2375,0,725.8800001,2000,7.5,3000,0,0,0,0,0,0,0,0,0,0
0,0.366535428,0.2375,0,726.04,2000,7.5,3000,0,0,0,0,0,0,0,0,0,0
0,0.381496051,0.16328125,0,726.98,2000,7.5,3000,0,0,0,0,0,0,0,0,0,0
0,0.381496051,0.141015625,0,727.1599998,2000,7.5,3000,0,0,0,0,0,0,0,0,0,0
0,0.388976391,0.13359375,0.148421707,727.4099998,2000,7.5,3000,0,0,0,0,0,0,0,0,0,0
0,0.396456702,0.126171875,0.164913,727.6999998,2000,7.5,3000,0,0,0,0,0,0,0,0,0,0
0,0.396456702,0.126171875,0.181404307,727.9499998,2000,7.5,3000,0,0,0,0,0,0,0,0,0,0
0,0.396456702,0.111328125,0.197895599,728.1400003,2000,7.5,3000,0,0,0,0,0,0,0,0,0,0
0,0.396456702,0.111328125,0.197895599,728.2600002,2000,7.5,3000,0,0,0,0,0,0,0,0,0,0
0,0.396456702,0.096484375,0.197895599,728.29,2000,7.5,3000,0,0,0,0,0,0,0,0,0,0
0,0.396456702,0.018223375,0.197895599,728.1499996,2000,7.5,3000,0,0,0,0,0,0,0,0,0,0
0,0.396456702,0,0.197895599,728.0200005,2000,7.5,3000,0,0,0,0,0,0,0,0,0,0
0,0.396456702,0,0.230878199,727.9299998,2000,7.5,3000,0,0,0,0,0,0,0,0,0,0
0,0.396456702,0,0.247369507,727.5100002,2000,7.5,3000,0,0,0,0,0,0,0,0,0,0
0,0.396456702,0,0.247369507,727.1300001,2000,7.5,3000,0,0,0,0,0,0,0,0,0,0
0,0.403937013,0,0.247369507,726.27,2000,7.5,3000,0,0,0,0,0,0,0,0,0,0
0,0.403937013,0,0.280352091,725.8299999,2000,7.5,3000,0,0,0,0,0,0,0,0,0,0
0,0.403937013,0,0.280352091,725.8299999,2000,7.5,3000,0,0,0,0,0,0,0,0,0,0
0,0.403937013,0,0.280352091,725.3099999,2000,7.5,3000,0,0,0,0,0,0,0,0,0,0
0,0.403937013,0,0.280352091,724.6999998,2000,7.5,3000,0,0,0,0,0,0,0,0,0,0
0,0.403937013,0,0.280352091,724.0799999,2000,7.5,3000,0,0,0,0,0,0,0,0,0,0
0,0.403937013,0,0.263860799,723.4200001,2000,7.5,3000,0,0,0,0,0,0,0,0,0,0
0,0.403937013,0,0.263860799,722.1199999,2000,7.5,3000,0,0,0,0,0,0,0,0,0,0
0,0.411417325,0,0.214386907,721.52,2000,7.5,3000,0,0,0,0,0,0,0,0,0,0
0,0.411417325,0,0.181404307,720.9,2000,7.5,3000,0,0,0,0,0,0,0,0,0,0
0,0.411417325,0,0.164913,720.2,2000,7.5,3000,0,0,0,0,0,0,0,0,0,0
0,0.411417325,0,0,717.8699999,2000,7.5,3000,0,0,0,0,0,0,0,0,0,0
0,0.411417325,0,0,715.8600001,2000,7.5,3000,0,0,0,0,0,0,0,0,0,0
0,0.411417325,0,0,715.21,2000,7.5,3000,0,0,0,0,0,0,0,0,0,0
0,0.411417325,0,0,714.5599999,2000,7.5,3000,0,0,0,0,0,0,0,0,0,0
0,0.411417325,0,0,714.5599999,2000,7.5,3000,0,0,0,0,0,0,0,0,0,0
0,0.411417325,0,0,713.4099998,2000,7.5,3000,0,0,0,0,0,0,0,0,0,0
0,0.411417325,0,0,712.9899998,2000,7.5,3000,0,0,0,0,0,0,0,0,0,0
0,0.411417325,0,0,712.6500001,2000,7.5,3000,0,0,0,0,0,0,0,0,0,0
0,0.411417325,0,0,712.3499999,2000,7.5,3000,0,0,0,0,0,0,0,0,0,0
0,0.411417325,0,0,712.04,2000,7.5,3000,0,0,0,0,0,0,0,0,0,0
0,0.411417325,0,0,712.04,2000,7.5,3000,0,0,0,0,0,0,0,0,0,0
0,0.411417325,0,0,711.5600004,2000,7.5,3000,0,0,0,0,0,0,0,0,0,0
0,0.411417325,0,0,711.2299995,2000,7.5,3000,0,0,0,0,0,0,0,0,0,0
0,0.411417325,0,0,711.0900002,2000,7.5,3000,0,0,0,0,0,0,0,0,0,0
0,0.411417325,0,0,710.9799995,2000,7.5,3000,0,0,0,0,0,0,0,0,0,0
0,0.411417325,0,0,710.8999996,2000,7.5,3000,0,0,0,0,0,0,0,0,0,0
0,0.411417325,0,0,710.8699999,2000,7.5,3000,0,0,0,0,0,0,0,0,0,0
0,0.411417325,0,0,710.8400002,2000,7.5,3000,0,0,0,0,0,0,0,0,0,0
0,0.411417325,0,0,710.8199997,2000,7.5,3000,0,0,0,0,0,0,0,0,0,0
0,0.403937013,0,0,710.7799997,2000,7.5,3000,0,0,0,0,0,0,0,0,0,0
0,0.403937013,0,0,710.75,2000,7.5,3000,0,0,0,0,0,0,0,0,0,0
0,0.403937013,0,0,710.7299995,2000,7.5,3000,0,0,0,0,0,0,0,0,0,0
0,0.403937013,0,0,710.7299995,2000,7.5,3000,0,0,0,0,0,0,0,0,0,0
0,0.396456702,0,0,710.7399998,2000,7.5,3000,0,0,0,0,0,0,0,0,0,0
0,0.396456702,0,0,710.7600002,2000,7.5,3000,0,0,0,0,0,0,0,0,0,0
0,0.396456702,0,0,710.7600002,2000,7.5,3000,0,0,0,0,0,0,0,0,0,0
0,0.388976391,0,0,710.8000002,2000,7.5,3000,0,0,0,0,0,0,0,0,0,0
0,0.388976391,0,0,710.8000002,2000,7.5,3000,0,0,0,0,0,0,0,0,0,0
0,0.388976391,0,0,710.8000002,2000,7.5,3000,0,0,0,0,0,0,0,0,0,0
0,0.381496051,0,0,710.8000002,2000,7.5,3000,0,0,0,0,0,0,0,0,0,0
0,0.37401574,0,0,710.8299999,2000,7.5,3000,0,0,0,0,0,0,0,0,0,0
0,0.366535428,-0.104724409,0,710.8699999,2000,7.5,3000,0,0,0,0,0,0,0,0,0,0
0,0.366535428,-0.104724409,0,710.9099998,2000,7.5,3000,0,0,0,0,0,0,0,0,0,0
0,0.366535428,-0.097244098,0,710.9300003,2000,7.5,3000,0,0,0,0,0,0,0,0,0,0
0,0.366535428,-0.089763779,0,710.9399996,2000,7.5,3000,0,0,0,0,0,0,0,0,0,0
0,0.351574805,-0.089763779,0,710.9200001,2000,7.5,3000,0,0,0,0,0,0,0,0,0,0
0,0.344094494,-0.089763779,0,710.3800001,2000,7.5,3000,0,0,0,0,0,0,0,0,0,0
0,0.336614183,-0.089763779,0,710.25,2000,7.5,3000,0,0,0,0,0,0,0,0,0,0
0,0.336614183,-0.089763779,0,710.0900002,2000,7.5,3000,0,0,0,0,0,0,0,0,0,0
0,0.329133871,-0.089763779,0,709.8400002,2000,7.5,3000,0,0,0,0,0,0,0,0,0,0
0,0.329133871,-0.089763779,0,709.6199999,2000,7.5,3000,0,0,0,0,0,0,0,0,0,0
0,0.329133871,-0.002981279,0,709.4899998,2000,7.5,3000,0,0,0,0,0,0,0,0,0,0
0,0.329133871,0,0,709.3999996,2000,7.5,3000,0,0,0,0,0,0,0,0,0,0
0,0.321653531,0,0,709.3599997,2000,7.5,3000,0,0,0,0,0,0,0,0,0,0
0,0.321653531,0,0,709.29,2000,7.5,3000,0,0,0,0,0,0,0,0,0,0
0,0.31417322,0,0,709.2399998,2000,7.5,3000,0,0,0,0,0,0,0,0,0,0
0,0.291732286,0,0,709.1899996,2000,7.5,3000,0,0,0,0,0,0,0,0,0,0
0,0.261811012,0,0,709.1199999,2000,7.5,3000,0,0,0,0,0,0,0,0,0,0
0,0.224409455,0,0,709.25,2000,7.5,3000,0,0,0,0,0,0,0,0,0,0
0,0.172047247,0,0,709.2399998,2000,7.5,3000,0,0,0,0,0,0,0,0,0,0
0,0.104724409,0,0,709.25,2000,7.5,3000,0,0,0,0,0,0,0,0,0,0
0,0.104724409,0,0,709.29,2000,7.5,3000,0,0,0,0,0,0,0,0,0,0
0,0.104724409,0,0,709.3100004,2000,7.5,3000,0,0,0,0,0,0,0,0,0,0
0,0.112204728,0,0,709.3100004,2000,7.5,3000,0,0,0,0,0,0,0,0,0,0
0,0.112204728,0,0,709.2700005,2000,7.5,3000,0,0,0,0,0,0,0,0,0,0
0,0.104724409,0,0,709.21,2000,7.5,3000,0,0,0,0,0,0,0,0,0,0
0,0.104724409,0,0,709.1499996,2000,7.5,3000,0,0,0,0,0,0,0,0,0,0
0,0.097244098,0,0,709.0799999,2000,7.5,3000,0,0,0,0,0,0,0,0,0,0
0,0.104724409,-0.0736554,0,708.9899998,2000,7.5,3000,0,0,0,0,0,0,0,0,0,0
0,0.119685039,-0.149606299,0,708.9099998,2000,7.5,3000,0,0,0,0,0,0,0,0,0,0
0,0.142125987,-0.142125987,0,708.75,2000,7.5,3000,0,0,0,0,0,0,0,0,0,0
0,0.149606299,-0.12716535,0,708.6700001,2000,7.5,3000,0,0,0,0,0,0,0,0,0,0
0,0.149606299,-0.12716535,0,708.6400003,2000,7.5,3000,0,0,0,0,0,0,0,0,0,0
0,0.149606299,-0.12716535,0,708.6199999,2000,7.5,3000,0,0,0,0,0,0,0,0,0,0
0,0.149606299,-0.12716535,0,708.6499996,2000,7.5,3000,0,0,0,0,0,0,0,0,0,0
0,0.149606299,-0.12716535,0,708.71,2000,7.5,3000,0,0,0,0,0,0,0,0,0,0
0,0.149606299,-0.097244098,0,708.7600002,2000,7.5,3000,0,0,0,0,0,0,0,0,0,0
0,0.149606299,0,0,708.6899996,2000,7.5,3000,0,0,0,0,0,0,0,0,0,0
0,0.149606299,0,0,708.5900002,2000,7.5,3000,0,0,0,0,0,0,0,0,0,0
0,0.15708661,0,0,708.4499998,2000,7.5,3000,0,0,0,0,0,0,0,0,0,0
0,0.164566936,0,0,708.4700003,2000,7.5,3000,0,0,0,0,0,0,0,0,0,0
0,0.15708661,0,0,708.6199999,2000,7.5,3000,0,0,0,0,0,0,0,0,0,0
0,0.164566936,0,0,709.4200001,2000,7.5,3000,0,0,0,0,0,0,0,0,0,0
0,0.164566936,0,0,709.6300001,2000,7.5,3000,0,0,0,0,0,0,0,0,0,0
0,0.164566936,0,0,709.7600002,2000,7.5,3000,0,0,0,0,0,0,0,0,0,0
0,0.164566936,0,0,709.8800001,2000,7.5,3000,0,0,0,0,0,0,0,0,0,0
0,0.164566936,0,0,709.96,2000,7.5,3000,0,0,0,0,0,0,0,0,0,0
0,0.164566936,0,0,709.9700003,2000,7.5,3000,0,0,0,0,0,0,0,0,0,0
0,0.164566936,0,0,709.9499998,2000,7.5,3000,0,0,0,0,0,0,0,0,0,0
0,0.164566936,0,0,709.9899998,2000,7.5,3000,0,0,0,0,0,0,0,0,0,0
0,0.164566936,0,0,710.0799999,2000,7.5,3000,0,0,0,0,0,0,0,0,0,0
0,0.172047247,0,0,710.0799999,2000,7.5,3000,0,0,0,0,0,0,0,0,0,0
0,0.172047247,0,0,710.0100002,2000,7.5,3000,0,0,0,0,0,0,0,0,0,0
0,0.172047247,0,0,709.9700003,2000,7.5,3000,0,0,0,0,0,0,0,0,0,0
0,0.179527558,0,0,709.6400003,2000,7.5,3000,0,0,0,0,0,0,0,0,0,0
0,0.194488195,0,0,709.6400003,2000,7.5,3000,0,0,0,0,0,0,0,0,0,0
0,0.209448818,0,0,709.6899996,2000,7.5,3000,0,0,0,0,0,0,0,0,0,0
0,0.21692913,0,0,709.8100004,2000,7.5,3000,0,0,0,0,0,0,0,0,0,0
0,0.224409455,0,0,709.9399996,2000,7.5,3000,0,0,0,0,0,0,0,0,0,0
0,0.224409455,0,0,710.0900002,2000,7.5,3000,0,0,0,0,0,0,0,0,0,0
0,0.224409455,0,0,710.2399998,2000,7.5,3000,0,0,0,0,0,0,0,0,0,0
0,0.224409455,0,0,710.3900003,2000,7.5,3000,0,0,0,0,0,0,0,0,0,0
0,0.224409455,0,0,710.5100002,2000,7.5,3000,0,0,0,0,0,0,0,0,0,0
0,0.224409455,0,0,710.6099997,2000,7.5,3000,0,0,0,0,0,0,0,0,0,0
0,0.209448818,0,0,710.8100004,2000,7.5,3000,0,0,0,0,0,0,0,0,0,0
0,0.209448818,0,0,710.8699999,2000,7.5,3000,0,0,0,0,0,0,0,0,0,0
0,0.164566936,0.0890625,0,710.8599997,2000,7.5,3000,0,0,0,0,0,0,0,0,0,0
0,0.15708661,0.096484375,0,710.9399996,2000,7.5,3000,0,0,0,0,0,0,0,0,0,0
0,0.15708661,0.096484375,0,711.0500002,2000,7.5,3000,0,0,0,0,0,0,0,0,0,0
0,0.15708661,0.096484375,0,711.4399996,2000,7.5,3000,0,0,0,0,0,0,0,0,0,0
0,0.164566936,0.0890625,0,711.6300001,2000,7.5,3000,0,0,0,0,0,0,0,0,0,0
0,0.164566936,0,0,711.7299995,2000,7.5,3000,0,0,0,0,0,0,0,0,0,0
0,0.164566936,0,0,711.79,2000,7.5,3000,0,0,0,0,0,0,0,0,0,0
0,0.164566936,0,0,711.8500004,2000,7.5,3000,0,0,0,0,0,0,0,0,0,0
0,0.172047247,0,0,711.9899998,2000,7.5,3000,0,0,0,0,0,0,0,0,0,0
0,0.172047247,0,0,712.1599998,2000,7.5,3000,0,0,0,0,0,0,0,0,0,0
0,0.172047247,0.096484375,0,712.46,2000,7.5,3000,0,0,0,0,0,0,0,0,0,0
0,0.179527558,0.11875,0,712.71,2000,7.5,3000,0,0,0,0,0,0,0,0,0,0
0,0.179527558,0.126171875,0,712.7199998,2000,7.5,3000,0,0,0,0,0,0,0,0,0,0
0,0.179527558,0.126171875,0,712.3699999,2000,7.5,3000,0,0,0,0,0,0,0,0,0,0
0,0.179527558,0.126171875,0,712.27,2000,7.5,3000,0,0,0,0,0,0,0,0,0,0
0,0.18700787,0.13359375,0,712.2600002,2000,7.5,3000,0,0,0,0,0,0,0,0,0,0
0,0.18700787,0.13359375,0,712.2600002,2000,7.5,3000,0,0,0,0,0,0,0,0,0,0
0,0.18700787,0.13359375,0,712.2399998,2000,7.5,3000,0,0,0,0,0,0,0,0,0,0
0,0.18700787,0.13359375,0,712.2399998,2000,7.5,3000,0,0,0,0,0,0,0,0,0,0
0,0.18700787,0.13359375,0,712.2600002,2000,7.5,3000,0,0,0,0,0,0,0,0,0,0
0,0.194488195,0.11875,0,712.8499999,2000,7.5,3000,0.5,0,0,0,0,0,0,0,0,0
0,0.201968507,0.10390625,0,712.9099998,2000,7.5,3000,0.5,0,0,0,0,0,0,0,0,0
0,0.209448818,0.00273125,0,712.9299998,2000,7.5,3000,0.5,0,0,0,0,0,0,0,0,0
0,0.224409455,0,0,713.5599999,2000,7.5,3000,0.5,0,0,0,0,0,0,0,0,0
0,0.224409455,0,0,713.73,2000,7.5,3000,0.5,0,0,0,0,0,0,0,0,0
0,0.239370078,0,0,714.21,2000,7.5,3000,0.5,0,0,0,0,0,0,0,0,0
0,0.239370078,0.096484375,0,714.5799999,2000,7.5,3000,0.5,0,0,0,0,0,0,0,0,0
0,0.239370078,0.096484375,0,714.9000001,2000,7.5,3000,0.5,0,0,0,0,0,0,0,0,0
0,0.231889766,0.111328125,0,715.1599998,2000,7.5,3000,0.5,0,0,0,0,0,0,0,0,0
0,0.231889766,0.11875,0,715.1599998,2000,7.5,3000,0.5,0,0,0,0,0,0,0,0,0
0,0.231889766,0.126171875,0,714.8499999,2000,7.5,3000,0.5,0,0,0,0,0,0,0,0,0
0,0.231889766,0.126171875,0,714.8099999,2000,7.5,3000,0.5,0,0,0,0,0,0,0,0,0
0,0.231889766,0.126171875,0,714.9299998,2000,7.5,3000,0.5,0,0,0,0,0,0,0,0,0
0,0.231889766,0.126171875,0,715.0300002,2000,7.5,3000,0.5,0,0,0,0,0,0,0,0,0
0,0.231889766,0.126171875,0,715.0900002,2000,7.5,3000,0.5,0,0,0,0,0,0,0,0,0
0,0.231889766,0.111328125,0,715.3000002,2000,7.5,3000,0.5,0,0,0,0,0,0,0,0,0
0,0.231889766,0.111328125,0,715.9200001,2000,7.5,3000,0.5,0,0,0,0,0,0,0,0,0
0,0.231889766,0.111328125,0,716.1099999,2000,7.5,3000,0.5,0,0,0,0,0,0,0,0,0
0,0.231889766,0.10390625,0,716.3099999,2000,7.5,3000,0.5,0,0,0,0,0,0,0,0,0
0,0.231889766,0.10390625,0,716.51,2000,7.5,3000,0.5,0,0,0,0,0,0,0,0,0
0,0.246850389,0.10390625,0,716.8299999,2000,7.5,3000,0.5,0,0,0,0,0,0,0,0,0
0,0.246850389,0.10390625,0,716.98,2000,7.5,3000,0.5,0,0,0,0,0,0,0,0,0
0,0.246850389,0.10390625,0,717.1700001,2000,7.5,3000,0.5,0,0,0,0,0,0,0,0,0
0,0.246850389,0.10390625,0,717.3,2000,7.5,3000,0.5,0,0,0,0,0,0,0,0,0
0,0.246850389,0.10390625,0,717.3499999,2000,7.5,3000,0.5,0,0,0,0,0,0,0,0,0
0,0.246850389,0.10390625,0,717.48,2000,7.5,3000,0.5,0,0,0,0,0,0,0,0,0
0,0.246850389,0.10390625,0,717.6700001,2000,7.5,3000,0.5,0,0,0,0,0,0,0,0,0
0,0.239370078,0.10390625,0,717.77,2000,7.5,3000,0.5,0,0,0,0,0,0,0,0,0
0,0.209448818,0.10390625,0,718.14,2000,7.5,3000,0.5,0,0,0,0,0,0,0,0,0
0,0.18700787,0.10390625,0,718.3099999,2000,7.5,3000,0.5,0,0,0,0,0,0,0,0,0
0,0.18700787,0.10390625,0,718.49,2000,7.5,3000,0.5,0,0,0,0,0,0,0,0,0
0,0.164566936,0.096484375,0,718.77,2000,7.5,3000,0.5,0,0,0,0,0,0,0,0,0
0,0.142125987,0.0890625,0,719.14,2000,7.5,3000,0.5,0,0,0,0,0,0,0,0,0
0,0.104724409,0.0138738,0,719.5,2000,7.5,3000,0.5,0,0,0,0,0,0,0,0,0
0,0.104724409,0,0,719.82,2000,7.5,3000,0.5,0,0,0,0,0,0,0,0,0
0,0.004814809,0,0,720.16,2000,7.5,3000,0.5,0,0,0,0,0,0,0,0,0
0,0,0,0,720.6,2000,7.5,3000,0.5,0,0,0,0,0,0,0,0,0
0,0,0,0,721.28,2000,7.5,3000,0.5,0,0,0,0,0,0,0,0,0
0,0,0,0,721.9299999,2000,7.5,3000,0.5,0,0,0,0,0,0,0,0,0
0,-0.126171875,0,0,722.9100001,2000,7.5,3000,0.5,0,0,0,0,0,0,0,0,0
0,-0.155859375,0,0,722.8499999,2000,7.5,3000,0.5,0,0,0,0,0,0,0,0,0
0,-0.155859375,0,0,722.79,2000,7.5,3000,0.5,0,0,0,0,0,0,0,0,0
0,-0.155859375,0,0,722.75,2000,7.5,3000,0.5,0,0,0,0,0,0,0,0,0
0,-0.155859375,0,0,722.72,2000,7.5,3000,0.5,0,0,0,0,0,0,0,0,0
0,-0.16328125,0,0,722.7,2000,7.5,3000,0.5,0,0,0,0,0,0,0,0,0
0,-0.19296875,0,0,722.72,2000,7.5,3000,0.5,0,0,0,0,0,0,0,0,0
0,-0.215234375,0,0,722.75,2000,7.5,3000,0.5,0,0,0,0,0,0,0,0,0
0,-0.215234375,0,0,722.76,2000,7.5,3000,0.5,0,0,0,0,0,0,0,0,0
0,-0.2375,0,0,722.74,2000,7.5,3000,0.5,0,0,0,0,0,0,0,0,0
0,-0.244921875,0,0,722.71,2000,7.5,3000,0.5,0,0,0,0,0,0,0,0,0
0,-0.25234375,0,0,722.7,2000,7.5,3000,0,0,0,0,0,0,0,0,0,0
0,-0.296875,0,0,722.6600001,2000,7.5,3000,0,0,0,0,0,0,0,0,0,0
0,-0.31171875,0,0,722.5899999,2000,7.5,3000,0,0,0,0,0,0,0,0,0,0
0,-0.319140625,0,0,722.55,2000,7.5,3000,0,0,0,0,0,0,0,0,0,0
0,-0.319140625,0,0,722.49,2000,7.5,3000,0,0,0,0,0,0,0,0,0,0
0,-0.319140625,0,0,722.4400001,2000,7.5,3000,0,0,0,0,0,0,0,0,0,0
0,-0.333984375,0,0,722.3900001,2000,7.5,3000,0,0,0,0,0,0,0,0,0,0
0,-0.333984375,0,0,722.3199999,2000,7.5,3000,0,0,0,0,0,0,0,0,0,0
0,-0.34140625,0,0,722.25,2000,7.5,3000,0,0,0,0,0,0,0,0,0,0
0,-0.34140625,0,0,722.2,2000,7.5,3000,0,0,0,0,0,0,0,0,0,0
0,-0.34140625,0,0,722.1700001,2000,7.5,3000,0,0,0,0,0,0,0,0,0,0
0,-0.348828125,0,0,722.05,2000,7.5,3000,0,0,0,0,0,0,0,0,0,0
0,-0.35625,0,0,721.98,2000,7.5,3000,0,0,0,0,0,0,0,0,0,0
0,-0.363671875,0,0,721.84,2000,7.5,3000,0,0,0,0,0,0,0,0,0,0
0,-0.378515625,0,0,721.86,2000,7.5,3000,0,0,0,0,0,0,0,0,0,0
0,-0.3859375,0,0,721.89,2000,7.5,3000,0,0,0,0,0,0,0,0,0,0
0,-0.3859375,0,0,721.91,2000,7.5,3000,0,0,0,0,0,0,0,0,0,0
0,-0.3859375,0,0,721.95,2000,7.5,3000,0,0,0,0,0,0,0,0,0,0
0,-0.3859375,0,0,722.02,2000,7.5,3000,0,0,0,0,0,0,0,0,0,0
0,-0.3859375,0,0,722.1500001,2000,7.5,3000,0,0,0,0,0,0,0,0,0,0
0,-0.3859375,0,0,722.1500001,2000,7.5,3000,0,0,0,0,0,0,0,0,0,0
0,-0.3859375,0,0,722.1500001,2000,7.5,3000,0,0,0,0,0,0,0,0,0,0
0,-0.3859375,0,0,722.29,2000,7.5,3000,0,0,0,0,0,0,0,0,0,0
0,-0.3859375,0,0,722.3900001,2000,7.5,3000,0,0,0,0,0,0,0,0,0,0
0,-0.3859375,0,0,722.48,2000,7.5,3000,0,0,0,0,0,0,0,0,0,0
0,-0.393359375,0,0,722.74,2000,7.5,3000,0,0,0,0,0,0,0,0,0,0
0,-0.3859375,0,0,722.8199999,2000,7.5,3000,0,0,0,0,0,0,0,0,0,0
0,-0.393359375,0,0,722.9000001,2000,7.5,3000,0,0,0,0,0,0,0,0,0,0
0,-0.3859375,0,0,722.96,2000,7.5,3000,0,0,0,0,0,0,0,0,0,0
0,-0.393359375,0,0,723.1099999,2000,7.5,3000,0,0,0,0,0,0,0,0,0,0
0,-0.3859375,0,0,723.1900001,2000,7.5,3000,0,0,0,0,0,0,0,0,0,0
0,-0.3859375,0,0.148421707,723.3399999,2000,7.5,3000,0,0,0,0,0,0,0,0,0,0
0,-0.378515625,0,0.164913,723.3900001,2000,7.5,3000,0,0,0,0,0,0,0,0,0,0
0,-0.378515625,0,0.164913,723.45,2000,7.5,3000,0,0,0,0,0,0,0,0,0,0
0,-0.378515625,0,0.164913,723.52,2000,7.5,3000,0,0,0,0,0,0,0,0,0,0
0,-0.378515625,0,0.181404307,723.5899999,2000,7.5,3000,0,0,0,0,0,0,0,0,0,0
0,-0.378515625,0,0.181404307,723.6099999,2000,7.5,3000,0,0,0,0,0,0,0,0,0,0
0,-0.378515625,0,0.197895599,722.74,2000,7.5,3000,0,0,0,0,0,0,0,0,0,0
0,-0.378515625,0,0.197895599,721.84,2000,7.5,3000,0,0,0,0,0,0,0,0,0,0
0,-0.378515625,0,0.197895599,721.3099999,2000,7.5,3000,0,0,0,0,0,0,0,0,0,0
0,-0.378515625,0,0.197895599,721.3099999,2000,7.5,3000,0,0,0,0,0,0,0,0,0,0
0,-0.378515625,0,0.197895599,720.21,2000,7.5,3000,0,0,0,0,0,0,0,0,0,0
0,-0.37109375,0,0.197895599,719.62,2000,7.5,3000,0,0,0,0,0,0,0,0,0,0
0,-0.37109375,0,0.214386907,719,2000,7.5,3000,0,0,0,0,0,0,0,0,0,0
0,-0.37109375,0,0.214386907,718.38,2000,7.5,3000,0,0,0,0,0,0,0,0,0,0
0,-0.37109375,0,0.214386907,717.71,2000,7.5,3000,0,0,0,0,0,0,0,0,0,0
0,-0.37109375,0,0.214386907,717.05,2000,7.5,3000,0,0,0,0,0,0,0,0,0,0
0,-0.37109375,0,0.214386907,716.3399999,2000,7.5,3000,0,0,0,0,0,0,0,0,0,0
0,-0.37109375,0,0.214386907,715.5799999,2000,7.5,3000,0,0,0,0,0,0,0,0,0,0
0,-0.378515625,0,0,710.46,2000,7.5,3000,0,0,0,0,0,0,0,0,0,0
0,-0.3859375,0,0,709.5299997,2000,7.5,3000,0,0,0,0,0,0,0,0,0,0
0,-0.3859375,0,0,708.6400003,2000,7.5,3000,0,0,0,0,0,0,0,0,0,0
0,-0.3859375,0,0,707.75,2000,7.5,3000,0,0,0,0,0,0,0,0,0,0
0,-0.3859375,0,0,706.8400002,2000,7.5,3000,0,0,0,0,0,0,0,0,0,0
0,-0.3859375,-0.089763779,0,705.9499998,2000,7.5,3000,0,0,0,0,0,0,0,0,0,0
0,-0.3859375,-0.097244098,0,705.1800003,2000,7.5,3000,0,0,0,0,0,0,0,0,0,0
0,-0.393359375,-0.104724409,0,704.1300001,2000,7.5,3000,0,0,0,0,0,0,0,0,0,0
0,-0.40078125,-0.104724409,0,704.1300001,2000,7.5,3000,0,0,0,0,0,0,0,0,0,0
0,-0.40078125,-0.104724409,0,703.7000008,2000,7.5,3000,0,0,0,0,0,0,0,0,0,0
0,-0.40078125,-0.104724409,0,703.6800003,2000,7.5,3000,0,0,0,0,0,0,0,0,0,0
0,-0.40078125,-0.112204728,0,703.8199997,2000,7.5,3000,0,0,0,0,0,0,0,0,0,0
0,-0.408203125,-0.112204728,0,703.75,2000,7.5,3000,0,0,0,0,0,0,0,0,0,0
0,-0.408203125,-0.112204728,0,703.5699997,2000,7.5,3000,0,0,0,0,0,0,0,0,0,0
0,-0.408203125,-0.112204728,0,703.4899998,2000,7.5,3000,0,0,0,0,0,0,0,0,0,0
0,-0.408203125,-0.112204728,0,703.3899994,2000,7.5,3000,0,0,0,0,0,0,0,0,0,0
0,-0.408203125,-0.112204728,0,703.3099995,2000,7.5,3000,0,0,0,0,0,0,0,0,0,0
0,-0.408203125,-0.119685039,0,703.2399998,2000,7.5,3000,0,0,0,0,0,0,0,0,0,0
0,-0.408203125,-0.119685039,0,703.2099991,2000,7.5,3000,0,0,0,0,0,0,0,0,0,0
0,-0.408203125,-0.119685039,0,703.1599998,2000,7.5,3000,0,0,0,0,0,0,0,0,0,0
0,-0.408203125,-0.119685039,0,703.0799999,2000,7.5,3000,0,0,0,0,0,0,0,0,0,0
0,-0.408203125,-0.119685039,0,702.9799995,2000,7.5,3000,0,0,0,0,0,0,0,0,0,0
0,-0.408203125,-0.12716535,0,702.9099998,2000,7.5,3000,0,0,0,0,0,0,0,0,0,0
0,-0.408203125,-0.12716535,0,702.8600006,2000,7.5,3000,0,0,0,0,0,0,0,0,0,0
0,-0.40078125,-0.12716535,0,702.6200008,2000,7.5,3000,0,0,0,0,0,0,0,0,0,0
0,-0.40078125,-0.12716535,0,702.4899998,2000,7.5,3000,0,0,0,0,0,0,0,0,0,0
0,-0.393359375,-0.12716535,0,702.4099998,2000,7.5,3000,0,0,0,0,0,0,0,0,0,0
0,-0.393359375,-0.12716535,0,702.3199997,2000,7.5,3000,0,0,0,0,0,0,0,0,0,0
0,-0.393359375,-0.12716535,0,702.25,2000,7.5,3000,0,0,0,0,0,0,0,0,0,0
0,-0.3859375,-0.12716535,0,702.1800003,2000,7.5,3000,0,0,0,0,0,0,0,0,0,0
0,-0.3859375,-0.119685039,0,702.0900002,2000,7.5,3000,0,0,0,0,0,0,0,0,0,0
0,-0.3859375,-0.119685039,0,702.0100002,2000,7.5,3000,0,0,0,0,0,0,0,0,0,0
0,-0.3859375,-0.119685039,0,701.9300003,2000,7.5,3000,0,0,0,0,0,0,0,0,0,0
0,-0.3859375,-0.119685039,0,701.8700008,2000,7.5,3000,0,0,0,0,0,0,0,0,0,0
0,-0.3859375,-0.119685039,0,701.7600002,2000,7.5,3000,0,0,0,0,0,0,0,0,0,0
0,-0.3859375,-0.112204728,0,701.7299995,2000,7.5,3000,0,0,0,0,0,0,0,0,0,0
0,-0.3859375,-0.112204728,-0.147262156,701.6700001,2000,7.5,3000,0,0,0,0,0,0,0,0,0,0
0,-0.3859375,-0.112204728,-0.163624617,701.6100006,2000,7.5,3000,0,0,0,0,0,0,0,0,0,0
0,-0.3859375,-0.112204728,-0.179987079,701.5799999,2000,7.5,3000,0,0,0,0,0,0,0,0,0,0
0,-0.3859375,-0.112204728,-0.179987079,701.5400009,2000,7.5,3000,0,0,0,0,0,0,0,0,0,0
0,-0.3859375,-0.112204728,-0.179987079,701.5400009,2000,7.5,3000,0,0,0,0,0,0,0,0,0,0
0,-0.3859375,-0.112204728,-0.179987079,701.6200008,2000,7.5,3000,0,0,0,0,0,0,0,0,0,0
0,-0.3859375,-0.112204728,-0.147262156,701.9799995,2000,7.5,3000,0,0,0,0,0,0,0,0,0,0
0,-0.378515625,-0.112204728,-0.147262156,701.9799995,2000,7.5,3000,0,0,0,0,0,0,0,0,0,0
0,-0.378515625,-0.112204728,-0.147262156,702.2600002,2000,7.5,3000,0,0,0,0,0,0,0,0,0,0
0,-0.378515625,-0.112204728,-0.147262156,702.6000004,2000,7.5,3000,0,0,0,0,0,0,0,0,0,0
0,-0.378515625,-0.112204728,-0.147262156,703.3799992,-155000,-61,8000,0,0,0,0,0,0,0,0,0,0
0,-0.378515625,-0.112204728,-0.147262156,703.8099995,-155000,-61,8000,0,0,0,0,0,0,0,0,0,0
0,-0.37109375,-0.112204728,-0.147262156,704.75,-155000,-61,8000,0,0,0,0,0,0,0,0,0,0
0,-0.37109375,-0.112204728,-0.147262156,705.71,-155000,-61,8000,0,0,0,0,0,0,0,0,0,0
0,-0.37109375,-0.112204728,-0.163624617,706.7399998,-155000,-61,8000,0,0,0,0,0,0,0,0,0,0
0,-0.37109375,-0.112204728,-0.163624617,706.7399998,-155000,-61,8000,0,0,0,0,0,0,0,0,0,0
0,-0.37109375,-0.112204728,-0.163624617,707.8199997,-155000,-61,8000,0,0,0,0,0,0,0,0,0,0
0,-0.37109375,-0.112204728,-0.163624617,707.8199997,-155000,-61,8000,0,0,0,0,0,0,0,0,0,0
0,-0.37109375,-0.112204728,-0.147262156,708.3800001,-155000,-61,8000,0,0,0,0,0,0,0,0,0,0
0,-0.37109375,-0.112204728,0,708.9499998,-155000,-61,8000,0,0,0,0,0,0,0,0,0,0
0,-0.37109375,-0.112204728,0,709.5299997,-155000,-61,8000,0,0,0,0,0,0,0,0,0,0
0,-0.37109375,-0.112204728,0,710.7200003,-155000,-61,8000,0,0,0,0,0,0,0,0,0,0
0,-0.37109375,-0.112204728,0,711.3199997,-155000,-61,8000,0,0,0,0,0,0,0,0,0,0
0,-0.37109375,-0.104724409,0,711.9200001,-155000,-61,8000,0,0,0,0,0,0,0,0,0,0
0,-0.363671875,-0.104724409,0,713.75,-155000,-61,8000,0,0,0,0,0,0,0,0,0,0
0,-0.35625,-0.097244098,0,713.8299999,-155000,-61,8000,0,0,0,0,0,0,0,0,0,0
0,-0.35625,-0.097244098,0,713.8899999,-155000,-61,8000,0,0,0,0,0,0,0,0,0,0
0,-0.35625,-0.089763779,0,713.96,-155000,-61,8000,0,0,0,0,0,0,0,0,0,0
0,-0.35625,-0.089763779,0,713.98,-155000,-61,8000,0,0,0,0,0,0,0,0,0,0
0,-0.35625,0,0,713.98,-155000,-61,8000,0,0,0,0,0,0,0,0,0,0
0,-0.35625,0,0,713.9899998,-155000,-61,8000,0,0,0,0,0,0,0,0,0,0
0,-0.35625,0,0,713.9699998,-155000,-61,8000,0,0,0,0,0,0,0,0,0,0
0,-0.35625,0,0,713.9499998,-155000,-61,8000,0,0,0,0,0,0,0,0,0,0
0,-0.35625,0,0,713.8800001,-155000,-61,8000,0,0,0,0,0,0,0,0,0,0
0,-0.35625,0,0,713.8099999,-155000,-61,8000,0,0,0,0,0,0,0,0,0,0
0,-0.35625,0,0,713.4899998,-155000,-61,8000,0,0,0,0,0,0,0,0,0,0
0,-0.35625,0,0,713.3800001,-155000,-61,8000,0,0,0,0,0,0,0,0,0,0
0,-0.35625,0,0,713.3000002,-155000,-61,8000,0,0,0,0,0,0,0,0,0,0
0,-0.35625,0,0,713.25,-155000,-61,8000,0,0,0,0,0,0,0,0,0,0
0,-0.35625,0,0,713.1999998,-155000,-61,8000,0,0,0,0,0,0,0,0,0,0
0,-0.35625,0,0,713.1399999,-155000,-61,8000,0,0,0,0,0,0,0,0,0,0
0,-0.35625,0,0,712.98,-155000,-61,8000,0,0,0,0,0,0,0,0,0,0
0,-0.35625,0,0,712.8699999,-155000,-61,8000,0,0,0,0,0,0,0,0,0,0
0,-0.35625,0,0,712.7600002,-155000,-61,8000,0,0,0,0,0,0,0,0,0,0
0,-0.35625,0,0,712.6300001,-155000,-61,8000,0,0,0,0,0,0,0,0,0,0
0,-0.35625,0,0,712.48,-155000,-61,8000,0,0,0,0,0,0,0,0,0,0
0,-0.35625,0,0,712.3200002,-155000,-61,8000,0,0,0,0,0,0,0,0,0,0
0,-0.35625,0,0,712.1700001,-155000,-61,8000,0,0,0,0,0,0,0,0,0,0
0,-0.35625,0,0,711.6800003,-155000,-61,8000,0,0,0,0,0,0,0,0,0,0
0,-0.35625,0,0,711.54,-155000,-61,8000,0,0,0,0,0,0,0,0,0,0
0,-0.35625,0,0,711.4200001,-155000,-61,8000,0,0,0,0,0,0,0,0,0,0
0,-0.35625,0,0,711.25,-155000,-61,8000,0,0,0,0,0,0,0,0,0,0
0,-0.35625,0,0,711.0799999,-155000,-61,8000,0,0,0,0,0,0,0,0,0,0
0,-0.35625,0,0,710.9499998,-155000,-61,8000,0,0,0,0,0,0,0,0,0,0
0,-0.35625,0,0,710.8299999,-155000,-61,8000,0,0,0,0,0,0,0,0,0,0
0,-0.348828125,0,0,710.6700001,-155000,-61,8000,0,0,0,0,0,0,0,0,0,0
0,-0.348828125,-0.089763779,0,710.5500002,-155000,-61,8000,0,0,0,0,0,0,0,0,0,0
0,-0.348828125,-0.097244098,0,710.3100004,-155000,-61,8000,0,0,0,0,0,0,0,0,0,0
0,-0.348828125,-0.104724409,0,710.1999998,-155000,-61,8000,0,0,0,0,0,0,0,0,0,0
0,-0.34140625,-0.112204728,0,710.1199999,-155000,-61,8000,0,0,0,0,0,0,0,0,0,0
0,-0.3265625,-0.149606299,0,710.1499996,-155000,-61,8000,0,0,0,0,0,0,0,0,0,0
0,-0.319140625,-0.164566936,0,710.1999998,-155000,-61,8000,0,0,0,0,0,0,0,0,0,0
0,-0.304296875,-0.172047247,0,710.1999998,-155000,-61,8000,0,0,0,0,0,0,0,0,0,0
0,-0.296875,-0.172047247,0,710.1599998,-155000,-61,8000,0,0,0,0,0,0,0,0,0,0
0,-0.296875,-0.172047247,0,710.1499996,-155000,-61,8000,0,0,0,0,0,0,0,0,0,0
0,-0.296875,-0.172047247,0,710.1499996,-155000,-61,8000,0,0,0,0,0,0,0,0,0,0
0,-0.296875,-0.172047247,0,710.1599998,-155000,-61,8000,0,0,0,0,0,0,0,0,0,0
0,-0.296875,-0.172047247,0,710.1800003,-155000,-61,8000,0,0,0,0,0,0,0,0,0,0
0,-0.296875,-0.172047247,0,710.1400003,-155000,-61,8000,0,0,0,0,0,0,0,0,0,0
0,-0.296875,-0.172047247,0,710.0900002,-155000,-61,8000,0,0,0,0,0,0,0,0,0,0
0,-0.296875,-0.164566936,0,710.04,-155000,-61,8000,0,0,0,0,0,0,0,0,0,0
0,-0.296875,-0.164566936,0,709.9700003,-155000,-61,8000,0,0,0,0,0,0,0,0,0,0
0,-0.289453125,-0.12716535,0,709.6700001,-155000,-61,8000,0,0,0,0,0,0,0,0,0,0
0,-0.289453125,-0.119685039,0,709.5799999,-155000,-61,8000,0,0,0,0,0,0,0,0,0,0
0,-0.28203125,-0.112204728,0,709.2799997,-155000,-61,8000,0,0,0,0,0,0,0,0,0,0
0,-0.28203125,-0.104724409,0,709.0699997,-155000,-61,8000,0,0,0,0,0,0,0,0,0,0
0,-0.274609375,-0.020575309,-0.147262156,708.96,-155000,-61,8000,0,0,0,0,0,0,0,0,0,0
0,-0.274609375,0,-0.163624617,708.8299999,-155000,-61,8000,0,0,0,0,0,0,0,0,0,0
0,-0.274609375,0,-0.179987079,708.6999998,-155000,-61,8000,0,0,0,0,0,0,0,0,0,0
0,-0.274609375,0,-0.179987079,708.6999998,-155000,-61,8000,0,0,0,0,0,0,0,0,0,0
0,-0.2671875,0,-0.196349541,708.5799999,-155000,-61,8000,0,0,0,0,0,0,0,0,0,0
0,-0.259765625,0,-0.196349541,708.46,-155000,-61,8000,0,0,0,0,0,0,0,0,0,0
0,-0.259765625,0,-0.212712003,708.3500004,-155000,-61,8000,0,0,0,0,0,0,0,0,0,0
0,-0.259765625,0,-0.212712003,708.3999996,-155000,-61,8000,0,0,0,0,0,0,0,0,0,0
0,-0.25234375,0,0,709.1199999,-155000,-61,8000,0,0,0,0,0,0,0,0,0,0
0,-0.25234375,0,0,709.5500002,-155000,-61,8000,0,0,0,0,0,0,0,0,0,0
0,-0.244921875,0,0,710.0500002,-155000,-61,8000,0,0,0,0,0,0,0,0,0,0
0,-0.244921875,0,0,710.5799999,-155000,-61,8000,0,0,0,0,0,0,0,0,0,0
0,-0.244921875,0,0,711.7600002,-155000,-61,8000,0,0,0,0,0,0,0,0,0,0
0,-0.244921875,0,0,711.7600002,-155000,-61,8000,0,0,0,0,0,0,0,0,0,0
0,-0.244921875,0,0,712.52,-155000,-61,8000,0,0,0,0,0,0,0,0,0,0
0,-0.244921875,0,0,712.8000002,-155000,-61,8000,0,0,0,0,0,0,0,0,0,0
0,-0.244921875,0,0,713.0100002,-155000,-61,8000,0,0,0,0,0,0,0,0,0,0
0,-0.244921875,0,0,713.1100001,-155000,-61,8000,0,0,0,0,0,0,0,0,0,0
0,-0.244921875,0,0,713.1300001,-155000,-61,8000,0,0,0,0,0,0,0,0,0,0
0,-0.244921875,0,0,713.1700001,-155000,-61,8000,0,0,0,0,0,0,0,0,0,0
0,-0.2375,0,0,713.1999998,-155000,-61,8000,0,0,0,0,0,0,0,0,0,0
0,-0.2375,0,0,713.4000001,-155000,-61,8000,0,0,0,0,0,0,0,0,0,0
0,-0.230078125,0,0,713.5500002,-155000,-61,8000,0,0,0,0,0,0,0,0,0,0
0,-0.2078125,0,0,713.98,-155000,-61,8000,0,0,0,0,0,0,0,0,0,0
0,-0.178125,0,0,714.5599999,-155000,-61,8000,0,0,0,0,0,0,0,0,0,0
0,-0.0827982,0,0,715.1700001,-155000,-61,8000,0,0,0,0,0,0,0,0,0,0
0,0,0,0,715.6199999,-155000,-61,8000,0,0,0,0,0,0,0,0,0,0
0,0,0,0,715.9400001,-155000,-61,8000,0,0,0,0,0,0,0,0,0,0
0,0,0,0,716.6099999,-155000,-61,8000,0,0,0,0,0,0,0,0,0,0
0,0,0,0,716.74,-155000,-61,8000,0,0,0,0,0,0,0,0,0,0
0,0,0,0,716.76,-155000,-61,8000,0,0,0,0,0,0,0,0,0,0
0,0,0,0,716.5999999,-155000,-61,8000,0,0,0,0,0,0,0,0,0,0
0,0,0,0,716.3399999,-155000,-61,8000,0,0,0,0,0,0,0,0,0,0
0,0,0,0,716.21,-155000,-61,8000,0,0,0,0,0,0,0,0,0,0
0,0,0,0,716.2,-155000,-61,8000,0,0,0,0,0,0,0,0,0,0
0,0,0,0,716.3099999,-155000,-61,8000,0,0,0,0,0,0,0,0,0,0
0,0,0,0,716.25,-155000,-61,8000,0,0,0,0,0,0,0,0,0,0
0,0,0,0,716.21,-155000,-61,8000,0,0,0,0,0,0,0,0,0,0
0,0,0,0,716.2,-155000,-61,8000,0,0,0,0,0,0,0,0,0,0
0,0,0,0,716.24,-155000,-61,8000,0,0,0,0,0,0,0,0,0,0
0,0,0,0,716.26,-155000,-61,8000,0,0,0,0,0,0,0,0,0,0
0,0,0,0,716.26,-155000,-61,8000,0,0,0,0,0,0,0,0,0,0
0,0,0,0,716.26,-155000,-61,8000,0,0,0,0,0,0,0,0,0,0
0,0,0,0,716.26,-155000,-61,8000,0,0,0,0,0,0,0,0,0,0
0,0,0,0,716.25,-155000,-61,8000,0,0,0,0,0,0,0,0,0,0
0,0,0,0,716.26,-155000,-61,8000,0,0,0,0,0,0,0,0,0,0
0,0,0,0,716.27,-155000,-61,8000,0,0,0,0,0,0,0,0,0,0
0,0,0,0,716.27,-155000,-61,8000,0,0,0,0,0,0,0,0,0,0
0,0,0,0,716.27,-155000,-61,8000,0,0,0,0,0,0,0,0,0,0
0,0,0,0,716.27,-155000,-61,8000,0,0,0,0,0,0,0,0,0,0
0,0,0,0,716.27,-155000,-61,8000,0,0,0,0,0,0,0,0,0,0
0,0,0,0,716.27,-155000,-61,8000,0,0,0,0,0,0,0,0,0,0
0,0,0,0,716.27,-155000,-61,8000,0,0,0,0,0,0,0,0,0,0
0,0,0,0,716.27,-155000,-61,8000,0,0,0,0,0,0,0,0,0,0
0,0,0,0,716.26,-155000,-61,8000,0,0,0,0,0,0,0,0,0,0
0,0,0,0,716.27,-155000,-61,8000,0,0,0,0,0,0,0,0,0,0
0,0,0,0,716.28,-155000,-61,8000,0,0,0,0,0,0,0,0,0,0
0,0,0,0,716.28,-155000,-61,8000,0,0,0,0,0,0,0,0,0,0
0,0,0,0,716.28,-155000,-61,8000,0,0,0,0,0,0,0,0,0,0
0,0,0,0,716.28,-155000,-61,8000,0,0,0,0,0,0,0,0,0,0
0,0,0,0,716.28,-155000,-61,8000,0,0,0,0,0,0,0,0,0,0
0,0,0,0,716.28,-155000,-61,8000,0,0,0,0,0,0,0,0,0,0
0,0,0,0,716.28,-155000,-61,8000,0,0,0,0,0,0,0,0,0,0
0,0,0,0,716.28,-155000,-61,8000,0,0,0,0,0,0,0,0,0,0
0,0,0,0,716.28,-155000,-61,8000,0,0,0,0,0,0,0,0,0,0
0,0,0,0,716.28,-155000,-61,8000,0,0,0,0,0,0,0,0,0,0
0,0,0,0,716.28,-155000,-61,8000,0,0,0,0,0,0,0,0,0,0
0,0,0,0,716.28,-155000,-61,8000,0,0,0,0,0,0,0,0,0,0
0,0,0,0,716.29,-155000,-61,8000,0,0,0,0,0,0,0,0,0,0
0,0,0,0,716.29,-155000,-61,8000,0,0,0,0,0,0,0,0,0,0
0,0,0,0,716.29,-155000,-61,8000,0,0,0,0,0,0,0,0,0,0
0,0,0,0,716.29,-155000,-61,8000,0,0,0,0,0,0,0,0,0,0
0,0,0,0,716.29,-155000,-61,8000,0,0,0,0,0,0,0,0,0,0
0,0,0,0,716.29,-155000,-61,8000,0,0,0,0,0,0,0,0,0,0
0,0,0,0,716.29,-155000,-61,8000,0,0,0,0,0,0,0,0,0,0
0,0,0,0,716.28,-155000,-61,8000,0,0,0,0,0,0,0,0,0,0
0,0,0,0,716.28,-155000,-61,8000,0,0,0,0,0,0,0,0,0,0
0,0,0,0,716.28,-155000,-61,8000,0,0,0,0,0,0,0,0,0,0
0,0,0,0,716.28,-155000,-61,8000,0,0,0,0,0,0,0,0,0,0
0,0,0,0,716.29,-155000,-61,8000,0,0,0,0,0,0,0,0,0,0
0,0,0,0,716.29,-155000,-61,8000,0,0,0,0,0,0,0,0,0,0
0,0,0,0,716.29,-155000,-61,8000,0,0,0,0,0,0,0,0,0,0
0,0,0,0,716.29,-155000,-61,8000,0,0,0,0,0,0,0,0,0,0
0,0,0,0,716.29,-155000,-61,8000,0,0,0,0,0,0,0,0,0,0
0,0,0,0,716.28,-155000,-61,8000,0,0,0,0,0,0,0,0,0,0
0,0,0,0,716.28,-155000,-61,8000,0,0,0,0,0,0,0,0,0,0
0,0,0,0,716.28,-155000,-61,8000,0,0,0,0,0,0,0,0,0,0
0,0,0,0,716.28,-155000,-61,8000,0,0,0,0,0,0,0,0,0,0
0,0,0,0,716.29,-155000,-61,8000,0,0,0,0,0,0,0,0,0,0
0,0,0,0,716.29,-155000,-61,8000,0,0,0,0,0,0,0,0,0,0
0,0,0,0,716.3,-155000,-61,8000,0,0,0,0,0,0,0,0,0,0
0,0,0,0,716.3,-155000,-61,8000,0,0,0,0,0,0,0,0,0,0
0,0,0,0,716.3099999,-155000,-61,8000,0,0,0,0,0,0,0,0,0,0
0,0,0,0,716.3099999,-155000,-61,8000,0,0,0,0,0,0,0,0,0,0
0,0,0,0,716.3099999,-155000,-61,8000,0,0,0,0,0,0,0,0,0,0
0,0,0,0,716.3299999,-155000,-61,8000,0,0,0,0,0,0,0,0,0,0
0,0,0,0,716.3299999,-155000,-61,8000,0,0,0,0,0,0,0,0,0,0
0,0,0,0,716.3199999,-155000,-61,8000,0,0,0,0,0,0,0,0,0,0
0,0,0,0,716.3199999,-155000,-61,8000,0,0,0,0,0,0,0,0,0,0
0,0,0,0,716.3099999,-155000,-61,8000,0,0,0,0,0,0,0,0,0,0
0,0,0,0,716.3099999,-155000,-61,8000,0,0,0,0,0,0,0,0,0,0
0,0,0,0,716.3099999,-155000,-61,8000,0,0,0,0,0,0,0,0,0,0
0,0,0,0,716.3099999,-155000,-61,8000,0,0,0,0,0,0,0,0,0,0
0,0,0,0,716.3199999,-155000,-61,8000,0,0,0,0,0,0,0,0,0,0
0,0,0,0,716.3099999,-155000,-61,8000,0,0,0,0,0,0,0,0,0,0
0,0,0,0,716.3099999,-155000,-61,8000,0,0,0,0,0,0,0,0,0,0
0,0,0,0,716.3099999,-155000,-61,8000,0,0,0,0,0,0,0,0,0,0
0,0,0,0,716.3199999,-155000,-61,8000,0,0,0,0,0,0,0,0,0,0
0,0,0,0,716.3199999,-155000,-61,8000,0,0,0,0,0,0,0,0,0,0
0,0,0,0,716.3199999,-155000,-61,8000,0,0,0,0,0,0,0,0,0,0
0,0,0,0,716.3199999,-155000,-61,8000,0,0,0,0,0,0,0,0,0,0
0,0,0,0,716.3199999,-155000,-61,8000,0,0,0,0,0,0,0,0,0,0
0,0,0,0,716.3199999,-155000,-61,8000,0,0,0,0,0,0,0,0,0,0
0,0,0,0,716.3199999,-155000,-61,8000,0,0,0,0,0,0,0,0,0,0
0,0,0,0,716.3199999,-155000,-61,8000,0,0,0,0,0,0,0,0,0,0
0,0,0,0,716.3199999,-155000,-61,8000,0,0,0,0,0,0,0,0,0,0
0,0,0,0,716.3099999,-155000,-61,8000,0,0,0,0,0,0,0,0,0,0
0,0,0,0,716.3099999,-155000,-61,8000,0,0,0,0,0,0,0,0,0,0
0,0,0,0,716.3099999,-155000,-61,8000,0,0,0,0,0,0,0,0,0,0
0,0,0,0,716.3099999,-155000,-61,8000,0,0,0,0,0,0,0,0,0,0
0,0,0,0,716.3199999,-155000,-61,8000,0,0,0,0,0,0,0,0,0,0
0,0,0,0,716.3199999,-155000,-61,8000,0,0,0,0,0,0,0,0,0,0
0,0,0,0,716.3199999,-155000,-61,8000,0,0,0,0,0,0,0,0,0,0
0,0,0,0,716.3199999,-155000,-61,8000,0,0,0,0,0,0,0,0,0,0
0,0,0,0,716.3199999,-155000,-61,8000,0,0,0,0,0,0,0,0,0,0
0,0,0,0,716.3199999,-155000,-61,8000,0,0,0,0,0,0,0,0,0,0
0,0,0,0,716.3199999,-155000,-61,8000,-0.5,0,0,0,0,0,0,0,0,0
0,0,0,0,716.3199999,-155000,-61,8000,-0.5,0,0,0,0,0,0,0,0,0
0,0,0,0,716.3099999,-155000,-61,8000,-0.5,0,0,0,0,0,0,0,0,0
0,0,0,0,716.3099999,-155000,-61,8000,-0.5,0,0,0,0,0,0,0,0,0
0,0,0,0,716.3099999,-155000,-61,8000,-0.5,0,0,0,0,0,0,0,0,0
0,0,0,0,716.3099999,-155000,-61,8000,-0.5,0,0,0,0,0,0,0,0,0
0,0,0,0,716.3099999,-155000,-61,8000,-0.5,0,0,0,0,0,0,0,0,0
0,0,0,0,716.3099999,-155000,-61,8000,-0.5,0,0,0,0,0,0,0,0,0
0,0,0,0,716.3099999,-155000,-61,8000,-0.5,0,0,0,0,0,0,0,0,0
0,0,0,0,716.3099999,-155000,-61,8000,-0.5,0,0,0,0,0,0,0,0,0
0,0,0,0,716.3099999,-155000,-61,8000,-0.5,0,0,0,0,0,0,0,0,0
0,0,0,0,716.3099999,-155000,-61,8000,-0.5,0,0,0,0,0,0,0,0,0
0,0,0,0,716.3199999,-155000,-61,8000,-0.5,0,0,0,0,0,0,0,0,0
0,0,0,0,716.3199999,-155000,-61,8000,-0.5,0,0,0,0,0,0,0,0,0
0,0,0,0,716.3199999,-155000,-61,8000,-0.5,0,0,0,0,0,0,0,0,0
0,0,0,0,716.3199999,-155000,-61,8000,-0.5,0,0,0,0,0,0,0,0,0
0,0,0,0,716.3199999,-155000,-61,8000,-0.5,0,0,0,0,0,0,0,0,0
0,0,0,0,716.3199999,-155000,-61,8000,-0.5,0,0,0,0,0,0,0,0,0
0,0,0,0,716.3199999,2000,27.5,10,0,0,0,0,0,0,0,0,0,0
0,0,0,0,716.3199999,2000,27.5,10,0,0,0,0,0,0,0,0,0,0
0,0.089763779,0,0,716.3199999,2000,27.5,10,0,0,0,0,0,0,0,0,0,0
0,0.097244098,0,0,716.3199999,2000,27.5,10,0,0,0,0,0,0,0,0,0,0
0,0.104724409,0,0,716.3199999,2000,27.5,10,0,0,0,0,0,0,0,0,0,0
0,0.112204728,0,0,716.3199999,2000,27.5,10,0,0,0,0,0,0,0,0,0,0
0,0.112204728,0,0,716.3199999,2000,27.5,10,0,0,0,0,0,0,0,0,0,0
0,0.119685039,0,0,716.3199999,2000,27.5,10,0,0,0,0,0,0,0,0,0,0
0,0.119685039,0,0,716.3199999,2000,27.5,10,0,0,0,0,0,0,0,0,0,0
0,0.119685039,0,0,716.3399999,2000,27.5,10,0,0,0,0,0,0,0,0,0,0
0,0.12716535,0,0,716.3599999,2000,27.5,10,0,0,0,0,0,0,0,0,0,0
0,0.12716535,0,0,716.3800001,2000,27.5,10,0,0,0,0,0,0,0,0,0,0
0,0.134645676,0,0,716.4200001,2000,27.5,10,0,0,0,0,0,0,0,0,0,0
0,0.134645676,0,0,716.46,2000,27.5,10,0,0,0,0,0,0,0,0,0,0
0,0.134645676,0,0,716.51,2000,27.5,10,0,0,0,0,0,0,0,0,0,0
0,0.164566936,0.0890625,0,716.78,2000,27.5,10,0,0,0,0,0,0,0,0,0,0
0,0.15708661,0.096484375,0,716.8499999,2000,27.5,10,0,0,0,0,0,0,0,0,0,0
0,0.164566936,0.111328125,0,716.9200001,2000,27.5,10,0,0,0,0,0,0,0,0,0,0
0,0.164566936,0.111328125,0,716.98,2000,27.5,10,0,0,0,0,0,0,0,0,0,0
0,0.164566936,0.11875,0,717.0599999,2000,27.5,10,0,0,0,0,0,0,0,0,0,0
0,0.164566936,0.11875,0,717.24,2000,27.5,10,0,0,0,0,0,0,0,0,0,0
0,0.164566936,0.11875,0,717.45,2000,27.5,10,0,0,0,0,0,0,0,0,0,0
0,0.164566936,0.13359375,0,717.6500001,2000,27.5,10,0,0,0,0,0,0,0,0,0,0
0,0.164566936,0.1484375,0,717.95,2000,27.5,10,0,0,0,0,0,0,0,0,0,0
0,0.172047247,0.155859375,0,718.02,2000,27.5,10,0,0,0,0,0,0,0,0,0,0
0,0.172047247,0.170703125,0,718.0700001,2000,27.5,10,0,0,0,0,0,0,0,0,0,0
0,0.179527558,0.178125,0,718.12,2000,27.5,10,0,0,0,0,0,0,0,0,0,0
0,0.179527558,0.2078125,0,718.28,2000,27.5,10,0,0,0,0,0,0,0,0,0,0
0,0.179527558,0.2078125,0,718.3,2000,27.5,10,0,0,0,0,0,0,0,0,0,0
0,0.194488195,0.215234375,0,718.3200001,2000,27.5,10,0,0,0,0,0,0,0,0,0,0
0,0.194488195,0.215234375,0,718.4,2000,27.5,10,0,0,0,0,0,0,0,0,0,0
0,0.201968507,0.2078125,0,718.54,2000,27.5,10,0,0,0,0,0,0,0,0,0,0
0,0.209448818,0.2078125,0,718.74,2000,27.5,10,0,0,0,0,0,0,0,0,0,0
0,0.209448818,0.200390625,0,718.92,2000,27.5,10,0,0,0,0,0,0,0,0,0,0
0,0.224409455,0.19296875,0,719.1,2000,27.5,10,0,0,0,0,0,0,0,0,0,0
0,0.224409455,0.19296875,0,719.36,2000,27.5,10,0,0,0,0,0,0,0,0,0,0
0,0.231889766,0.170703125,0,719.51,2000,27.5,10,0,0,0,0,0,0,0,0,0,0
0,0.239370078,0.16328125,0,719.68,2000,27.5,10,0,0,0,0,0,0,0,0,0,0
0,0.254330701,0.1484375,0,719.96,2000,27.5,10,0,0,0,0,0,0,0,0,0,0
0,0.284251975,0.126171875,0,720.24,2000,27.5,10,0,0,0,0,0,0,0,0,0,0
0,0.284251975,0.126171875,0,720.46,2000,27.5,10,0,0,0,0,0,0,0,0,0,0
0,0.291732286,0.11875,0,720.58,2000,27.5,10,0,0,0,0,0,0,0,0,0,0
0,0.291732286,0.11875,0,720.74,2000,27.5,10,0,0,0,0,0,0,0,0,0,0
0,0.291732286,0.11875,0,720.91,2000,27.5,10,0,0,0,0,0,0,0,0,0,0
0,0.299212597,0.11875,0,721.08,2000,27.5,10,0,0,0,0,0,0,0,0,0,0
0,0.31417322,0.11875,0,721.24,2000,27.5,10,0,0,0,0,0,0,0,0,0,0
0,0.321653531,0.111328125,0,721.35,2000,27.5,10,0,0,0,0,0,0,0,0,0,0
0,0.344094494,0.10390625,0,721.48,2000,27.5,10,0,0,0,0,0,0,0,0,0,0
0,0.344094494,0.10390625,0,721.64,2000,27.5,10,0,0,0,0,0,0,0,0,0,0
0,0.344094494,0.096484375,0,721.99,2000,27.5,10,0,0,0,0,0,0,0,0,0,0
0,0.351574805,0.0890625,0,722.0999999,2000,27.5,10,0,0,0,0,0,0,0,0,0,0
0,0.396456702,0,0,722.52,2000,27.5,10,0,0,0,0,0,0,0,0,0,0
0,0.396456702,0,0,722.7,2000,27.5,10,0,0,0,0,0,0,0,0,0,0
0,0.411417325,0,0,722.79,2000,27.5,10,0,0,0,0,0,0,0,0,0,0
0,0.411417325,0,0,722.8699999,2000,27.5,10,0,0,0,0,0,0,0,0,0,0
0,0.411417325,0,0,722.9300001,2000,27.5,10,0,0,0,0,0,0,0,0,0,0
0,0.433858259,0,0,722.95,2000,27.5,10,0,0,0,0,0,0,0,0,0,0
0,0.44881891,0,0,722.9000001,2000,27.5,10,0,0,0,0,0,0,0,0,0,0
0,0.44881891,0,0,722.8299999,2000,27.5,10,0,0,0,0,0,0,0,0,0,0
0,0.44881891,0,0,722.8,2000,27.5,10,0,0,0,0,0,0,0,0,0,0
0,0.456299222,0,0.148421707,722.8099999,2000,27.5,10,0,0,0,0,0,0,0,0,0,0
0,0.471259844,0,0.164913,722.9100001,2000,27.5,10,0,0,0,0,0,0,0,0,0,0
0,0.486220467,0,0.214386907,723.0899999,2000,27.5,10,0,0,0,0,0,0,0,0,0,0
0,0.486220467,0,0.247369507,723.3199999,2000,27.5,10,0,0,0,0,0,0,0,0,0,0
0,0.493700778,0,0.263860799,723.4200001,2000,27.5,10,0,0,0,0,0,0,0,0,0,0
0,0.493700778,0,0.263860799,723.4400001,2000,27.5,10,0,0,0,0,0,0,0,0,0,0
0,0.493700778,0,0.263860799,723.3399999,2000,27.5,10,0,0,0,0,0,0,0,0,0,0
0,0.493700778,0,0.263860799,723.1600001,2000,27.5,10,0,0,0,0,0,0,0,0,0,0
0,0.50118109,0,0.263860799,722.9000001,2000,27.5,10,0,0,0,0,0,0,0,0,0,0
0,0.50118109,0,0.247369507,722.5799999,2000,27.5,10,0,0,0,0,0,0,0,0,0,0
0,0.50118109,0,0.230878199,722.28,2000,27.5,10,0,0,0,0,0,0,0,0,0,0
0,0.50118109,0,0.230878199,721.98,2000,27.5,10,0,0,0,0,0,0,0,0,0,0
0,0.516141713,0,0.214386907,721.63,2000,27.5,10,0,0,0,0,0,0,0,0,0,0
0,0.523622024,0,0.214386907,721.23,2000,27.5,10,0,0,0,0,0,0,0,0,0,0
0,0.523622024,0,0.214386907,720.76,2000,27.5,10,0,0,0,0,0,0,0,0,0,0
0,0.523622024,0,0.214386907,719.34,2000,27.5,10,0,0,0,0,0,0,0,0,0,0
0,0.523622024,0.096484375,0.214386907,718.96,2000,27.5,10,0,0,0,0,0,0,0,0,0,0
0,0.523622024,0.096484375,0.214386907,718.5599999,2000,27.5,10,0,0,0,0,0,0,0,0,0,0
0,0.523622024,0.096484375,0.214386907,718.09,2000,27.5,10,0,0,0,0,0,0,0,0,0,0
0,0.523622024,0.021392575,0.230878199,717.5699999,2000,27.5,10,0,0,0,0,0,0,0,0,0,0
0,0.523622024,0,0.230878199,717.02,2000,27.5,10,0,0,0,0,0,0,0,0,0,0
0,0.523622024,0,0.230878199,716.52,2000,27.5,10,0,0,0,0,0,0,0,0,0,0
0,0.523622024,0,0.230878199,716.02,2000,27.5,10,0,0,0,0,0,0,0,0,0,0
0,0.523622024,0,0.230878199,715.5,2000,27.5,10,0,0,0,0,0,0,0,0,0,0
0,0.523622024,0,0.230878199,714.3400002,2000,27.5,10,0,0,0,0,0,0,0,0,0,0
0,0.523622024,0,0.214386907,713.6300001,2000,27.5,10,0,0,0,0,0,0,0,0,0,0
0,0.523622024,0,0.181404307,712.8600001,2000,27.5,10,0,0,0,0,0,0,0,0,0,0
0,0.523622024,0,0,710.5699997,2000,27.5,10,0,0,0,0,0,0,0,0,0,0
0,0.523622024,0,0,709.29,2000,27.5,10,0,0,0,0,0,0,0,0,0,0
0,0.523622024,0,0,708.5699997,2000,27.5,10,0,0,0,0,0,0,0,0,0,0
0,0.531102335,0,0,707.8299999,2000,27.5,10,0,0,0,0,0,0,0,0,0,0
0,0.531102335,0,0,707.1300001,2000,27.5,10,0,0,0,0,0,0,0,0,0,0
0,0.531102335,0,0,706.5200005,2000,27.5,10,0,0,0,0,0,0,0,0,0,0
0,0.531102335,0,0,706.0299997,2000,27.5,10,0,0,0,0,0,0,0,0,0,0
0,0.531102335,0,0,705.5799999,2000,27.5,10,0,0,0,0,0,0,0,0,0,0
0,0.531102335,0,0,705.1300001,2000,27.5,10,0,0,0,0,0,0,0,0,0,0
0,0.531102335,0,0,704.1999998,2000,27.5,10,0,0,0,0,0,0,0,0,0,0
0,0.531102335,0,0,703.7999992,2000,27.5,10,0,0,0,0,0,0,0,0,0,0
0,0.531102335,0,0,703.4899998,2000,27.5,10,0,0,0,0,0,0,0,0,0,0
0,0.538582703,0,0,702.9500008,2000,27.5,10,0,0,0,0,0,0,0,0,0,0
0,0.538582703,0,0,702.7900009,2000,27.5,10,0,0,0,0,0,0,0,0,0,0
0,0.546063015,0,0,702.2700005,2000,27.5,10,0,0,0,0,0,0,0,0,0,0
0,0.546063015,0,0,702.0400009,2000,27.5,10,0,0,0,0,0,0,0,0,0,0
0,0.546063015,0,0,701.8600006,2000,27.5,10,0,0,0,0,0,0,0,0,0,0
0,0.546063015,0,0,701.8600006,2000,27.5,10,0,0,0,0,0,0,0,0,0,0
0,0.546063015,0,0,701.6000004,2000,27.5,10,0,0,0,0,0,0,0,0,0,0
0,0.546063015,0,0,701.3899994,2000,27.5,10,0,0,0,0,0,0,0,0,0,0
0,0.553543326,0,0,701.1700001,2000,27.5,10,0,0,0,0,0,0,0,0,0,0
0,0.561023638,0,0,700.8400002,2000,27.5,10,0,0,0,0,0,0,0,0,0,0
0,0.561023638,0,0,700.7000008,2000,27.5,10,0,0,0,0,0,0,0,0,0,0
0,0.561023638,0,0,700.5799999,2000,27.5,10,0,0,0,0,0,0,0,0,0,0
0,0.561023638,0,0,699.7099991,2000,27.5,10,0,0,0,0,0,0,0,0,0,0
0,0.561023638,0,0,699.6100006,2000,27.5,10,0,0,0,0,0,0,0,0,0,0
0,0.561023638,0,0,699.4799995,2000,27.5,10,0,0,0,0,0,0,0,0,0,0
0,0.561023638,0,0,699.3299999,2000,27.5,10,0,0,0,0,0,0,0,0,0,0
0,0.561023638,0,0,699.2000008,2000,27.5,10,0,0,0,0,0,0,0,0,0,0
0,0.561023638,0,0,699.0599995,2000,27.5,10,0,0,0,0,0,0,0,0,0,0
0,0.561023638,0,0,698.9400005,2000,27.5,10,0,0,0,0,0,0,0,0,0,0
0,0.561023638,0,0,698.8099995,2000,27.5,10,0,0,0,0,0,0,0,0,0,0
0,0.561023638,0,0,698.7099991,2000,27.5,10,0,0,0,0,0,0,0,0,0,0
0,0.561023638,0,0,698.7099991,2000,27.5,10,0,0,0,0,0,0,0,0,0,0
0,0.561023638,0,0,698.6000004,2000,27.5,10,0,0,0,0,0,0,0,0,0,0
0,0.561023638,0,0,698.4500008,2000,27.5,10,0,0,0,0,0,0,0,0,0,0
0,0.561023638,0,0,698.0200005,2000,27.5,10,0,0,0,0,0,0,0,0,0,0
0,0.561023638,0,0,697.7999992,2000,27.5,10,0,0,0,0,0,0,0,0,0,0
0,0.561023638,0,0,697.7000008,2000,27.5,10,0,0,0,0,0,0,0,0,0,0
0,0.561023638,0,0,697.6200008,2000,27.5,10,0,0,0,0,0,0,0,0,0,0
0,0.561023638,0,0,697.5400009,2000,27.5,10,0,0,0,0,0,0,0,0,0,0
0,0.561023638,0,0,697.4200001,2000,27.5,10,0,0,0,0,0,0,0,0,0,0
0,0.561023638,0,0,697.4200001,2000,27.5,10,0,0,0,0,0,0,0,0,0,0
0,0.561023638,0,0,697.2099991,2000,27.5,10,0,0,0,0,0,0,0,0,0,0
0,0.561023638,0,0,697.2099991,2000,27.5,10,0,0,0,0,0,0,0,0,0,0
0,0.561023638,0,0,696.9799995,2000,27.5,10,0,0,0,0,0,0,0,0,0,0
0,0.561023638,0,0,696.8500004,2000,27.5,10,0,0,0,0,0,0,0,0,0,0
0,0.561023638,0,0,696.7299995,2000,27.5,10,0,0,0,0,0,0,0,0,0,0
0,0.553543326,0,0,696.3099995,2000,27.5,10,0,0,0,0,0,0,0,0,0,0
0,0.553543326,0,0,696.2199993,2000,27.5,10,0,0,0,0,0,0,0,0,0,0
0,0.553543326,0,0,696.1100006,2000,27.5,10,0,0,0,0,0,0,0,0,0,0
0,0.553543326,0,0,695.9899998,2000,27.5,10,0,0,0,0,0,0,0,0,0,0
0,0.553543326,0,0,695.8500004,2000,27.5,10,0,0,0,0,0,0,0,0,0,0
0,0.546063015,0,0,695.7099991,2000,27.5,10,0,0,0,0,0,0,0,0,0,0
0,0.538582703,0,0,695.5699997,2000,27.5,10,0,0,0,0,0,0,0,0,0,0
0,0.538582703,0,0,695.4400005,2000,27.5,10,0,0,0,0,0,0,0,0,0,0
0,0.531102335,0,0,695.2999992,2000,27.5,10,0,0,0,0,0,0,0,0,0,0
0,0.516141713,0,0,695,2000,27.5,10,0,0,0,0,0,0,0,0,0,0
0,0.508661401,0,0,694.8500004,2000,27.5,10,0,0,0,0,0,0,0,0,0,0
0,0.508661401,0,0,694.7099991,2000,27.5,10,0,0,0,0,0,0,0,0,0,0
0,0.433858259,0,0,694.3099995,2000,27.5,10,0,0,0,0,0,0,0,0,0,0
0,0.433858259,0,0,694.2000008,2000,27.5,10,0,0,0,0,0,0,0,0,0,0
0,0.359055117,0,0,694.1000004,2000,27.5,10,0,0,0,0,0,0,0,0,0,0
0,0.262457217,0,0,693.8199997,2000,27.5,10,0,0,0,0,0,0,0,0,0,0
0,0.183090417,0,0,693.8199997,2000,27.5,10,0,0,0,0,0,0,0,0,0,0
0,0.078911517,0,0,693.5699997,2000,27.5,10,0,0,0,0,0,0,0,0,0,0
