0,0,0,0,-1.200000048,-155000,-61,8000,0,0,0,0,0,0,0,0,0,0
0,0,0,0,-1.200000048,-155000,-61,8000,0,0,0,0,0,0,0,0,0,0
0,0,0,0,-1.200000048,-155000,-61,8000,0,0,0,0,0,0,0,0,0,0
0,0,0,0,-1.200000048,-155000,-61,8000,0,0,0,0,0,0,0,0,0,0
0,0,0,0,-1.200000048,-155000,-61,8000,0,0,0,0,0,0,0,0,0,0
0,0,0,0,-1.200000048,-155000,-61,8000,0,0,0,0,0,0,0,0,0,0
0,0,0,0,-1.200000048,-155000,-61,8000,0,0,0,0,0,0,0,0,0,0
0,0,0,0,-1.200000048,-155000,-61,8000,0,0,0,0,0,0,0,0,0,0
0,0,0,0,-1.210000038,-155000,-61,8000,0,0,0,0,0,0,0,0,0,0
0,0,0,0,-1.210000038,-155000,-61,8000,0,0,0,0,0,0,0,0,0,0
0,0,0,0,-1.220000029,-155000,-61,8000,0,0,0,0,0,0,0,0,0,0
0,0,0,0,-1.210000038,-155000,-61,8000,0,0,0,0,0,0,0,0,0,0
0,0,0,0,-1.210000038,-155000,-61,8000,0,0,0,0,0,0,0,0,0,0
0,0,0,0,-1.200000048,-155000,-61,8000,0,0,0,0,0,0,0,0,0,0
0,0,0,0,-1.190000057,-155000,-61,8000,0,0,0,0,0,0,0,0,0,0
0,0,0,0,-1.190000057,-155000,-61,8000,0,0,0,0,0,0,0,0,0,0
0,0,0,0,-1.200000048,-155000,-61,8000,0,0,0,0,0,0,0,0,0,0
0,0,0,0,-1.200000048,-155000,-61,8000,0,0,0,0,0,0,0,0,0,0
0,0,0,0,-1.210000038,-155000,-61,8000,0,0,0,0,0,0,0,0,0,0
0,0,0,0,-1.210000038,-155000,-61,8000,0,0,0,0,0,0,0,0,0,0
0,0,0,0,-1.210000038,-155000,-61,8000,0,0,0,0,0,0,0,0,0,0
0,0,0,0,-1.200000048,-155000,-61,8000,0,0,0,0,0,0,0,0,0,0
0,0,0,0,-1.200000048,-155000,-61,8000,0,0,0,0,0,0,0,0,0,0
0,0,0,0,-1.210000038,-155000,-61,8000,0,0,0,0,0,0,0,0,0,0
0,0,0,0,-1.210000038,-155000,-61,8000,0,0,0,0,0,0,0,0,0,0
0,0,0,0,-1.210000038,-155000,-61,8000,0,0,0,0,0,0,0,0,0,0
0,0,0,0,-1.210000038,-155000,-61,8000,0,0,0,0,0,0,0,0,0,0
0,0,0,0,-1.210000038,-155000,-61,8000,0,0,0,0,0,0,0,0,0,0
0,0,0,0,-1.210000038,-155000,-61,8000,0,0,0,0,0,0,0,0,0,0
0,0,0,0,-1.210000038,-155000,-61,8000,0,0,0,0,0,0,0,0,0,0
0,0,0,0,-1.210000038,-155000,-61,8000,0,0,0,0,0,0,0,0,0,0
0,0,0,0,-1.210000038,-155000,-61,8000,0,0,0,0,0,0,0,0,0,0
0,0,0,0,-1.210000038,-155000,-61,8000,0,0,0,0,0,0,0,0,0,0
0,0,0,0,-1.210000038,-155000,-61,8000,0,0,0,0,0,0,0,0,0,0
0,0,0,0,-1.210000038,-155000,-61,8000,0,0,0,0,0,0,0,0,0,0
0,0,0,0,-1.210000038,-155000,-61,8000,0,0,0,0,0,0,0,0,0,0
0,0,0,0,-1.210000038,-155000,-61,8000,0,0,0,0,0,0,0,0,0,0
0,0,0,0,-1.210000038,-155000,-61,8000,0,0,0,0,0,0,0,0,0,0
0,0,0,0,-1.210000038,-155000,-61,8000,0,0,0,0,0,0,0,0,0,0
0,0,0,0,-1.210000038,-155000,-61,8000,0,0,0,0,0,0,0,0,0,0
0,0,0,0,-1.210000038,-155000,-61,8000,0,0,0,0,0,0,0,0,0,0
0,0,0,0,-1.210000038,-155000,-61,8000,0,0,0,0,0,0,0,0,0,0
0,0,0,0,-1.200000048,-155000,-61,8000,0,0,0,0,0,0,0,0,0,0
0,0,0,0,-1.200000048,-155000,-61,8000,0,0,0,0,0,0,0,0,0,0
0,0,0,0,-1.200000048,-155000,-61,8000,0,0,0,0,0,0,0,0,0,0
0,0,0,0,-1.200000048,-155000,-61,8000,0,0,0,0,0,0,0,0,0,0
0,0,0,0,-1.200000048,-155000,-61,8000,0,0,0,0,0,0,0,0,0,0
0,0,0,0,-1.200000048,-155000,-61,8000,0,0,0,0,0,0,0,0,0,0
0,0,0,0,-1.210000038,-155000,-61,8000,0,0,0,0,0,0,0,0,0,0
0,0,0,0,-1.210000038,-155000,-61,8000,0,0,0,0,0,0,0,0,0,0
0,0,0,0,-1.230000019,-155000,-61,8000,0,0,0,0,0,0,0,0,0,0
0,0,0,0,-1.24000001,-155000,-61,8000,0,0,0,0,0,0,0,0,0,0
0,0,0,0,-1.25,-155000,-61,8000,0,0,0,0,0,0,0,0,0,0
0,0,0,0,-1.269999981,-155000,-61,8000,0,0,0,0,0,0,0,0,0,0
0,0,0,0,-1.25999999,-155000,-61,8000,0,0,0,0,0,0,0,0,0,0
0,0,0,0,-1.24000001,-155000,-61,8000,0,0,0,0,0,0,0,0,0,0
0,0,0,0,-1.190000057,-155000,-61,8000,0,0,0,0,0,0,0,0,0,0
0,0,0,0,-1.169999957,-155000,-61,8000,0,0,0,0,0,0,0,0,0,0
0,0,0,0,-1.169999957,-155000,-61,8000,0,0,0,0,0,0,0,0,0,0
0,0,0,0,-1.179999948,-155000,-61,8000,0,0,0,0,0,0,0,0,0,0
0,0,0,0,-1.179999948,-155000,-61,8000,0,0,0,0,0,0,0,0,0,0
0,0,0,0,-1.179999948,-155000,-61,8000,0,0,0,0,0,0,0,0,0,0
0,0,0,0,-1.190000057,-155000,-61,8000,0,0,0,0,0,0,0,0,0,0
0,0,0,0,-1.190000057,-155000,-61,8000,0,0,0,0,0,0,0,0,0,0
0,0,0,0,-1.190000057,-155000,-61,8000,0,0,0,0,0,0,0,0,0,0
0,0,0,0,-1.190000057,-155000,-61,8000,0,0,0,0,0,0,0,0,0,0
0,0,0,0,-1.190000057,-155000,-61,8000,0,0,0,0,0,0,0,0,0,0
0,0,0,0,-1.190000057,-155000,-61,8000,0,0,0,0,0,0,0,0,0,0
0,0,0,0,-1.210000038,-155000,-61,8000,0,0,0,0,0,0,0,0,0,0
0,0,0,0,-1.220000029,-155000,-61,8000,0,0,0,0,0,0,0,0,0,0
0,0,0,0,-1.210000038,-155000,-61,8000,0,0,0,0,0,0,0,0,0,0
0,0,0,0,-1.200000048,-155000,-61,8000,0,0,0,0,0,0,0,0,0,0
0,0,0,0,-1.200000048,-155000,-61,8000,0,0,0,0,0,0,0,0,0,0
0,0,0,0,-1.200000048,-155000,-61,8000,0,0,0,0,0,0,0,0,0,0
0,0,0,0,-1.200000048,-155000,-61,8000,0,0,0,0,0,0,0,0,0,0
0,0,0,0,-1.190000057,-155000,-61,8000,0,0,0,0,0,0,0,0,0,0
0,0,0,0,-1.190000057,-155000,-61,8000,0,0,0,0,0,0,0,0,0,0
0,0,0,0,-1.190000057,-155000,-61,8000,0,0,0,0,0,0,0,0,0,0
0,0,0,0,-1.190000057,-155000,-61,8000,0,0,0,0,0,0,0,0,0,0
0,0,0,0,-1.200000048,-155000,-61,8000,0,0,0,0,0,0,0,0,0,0
0,0,0,0,-1.210000038,-155000,-61,8000,0,0,0,0,0,0,0,0,0,0
0,0,0,0,-1.210000038,-155000,-61,8000,0,0,0,0,0,0,0,0,0,0
0,0,0,0,-1.210000038,-155000,-61,8000,0,0,0,0,0,0,0,0,0,0
0,0,0,0,-1.210000038,-155000,-61,8000,0,0,0,0,0,0,0,0,0,0
0,0,0,0,-1.210000038,-155000,-61,8000,0,0,0,0,0,0,0,0,0,0
0,0,0,0,-1.200000048,-155000,-61,8000,0,0,0,0,0,0,0,0,0,0
0,0,0,0,-1.200000048,-155000,-61,8000,0,0,0,0,0,0,0,0,0,0
0,0,0,0,-1.200000048,-155000,-61,8000,0,0,0,0,0,0,0,0,0,0
0,0,0,0,-1.200000048,-155000,-61,8000,0,0,0,0,0,0,0,0,0,0
0,0,0,0,-1.200000048,-155000,-61,8000,0,0,0,0,0,0,0,0,0,0
0,0,0,0,-1.200000048,-155000,-61,8000,0,0,0,0,0,0,0,0,0,0
0,0,0,0,-1.200000048,-155000,-61,8000,0,0,0,0,0,0,0,0,0,0
0,0,0,0,-1.210000038,-155000,-61,8000,0,0,0,0,0,0,0,0,0,0
0,0,0,0,-1.210000038,-155000,-61,8000,0,0,0,0,0,0,0,0,0,0
0,0,0,0,-1.210000038,-155000,-61,8000,0,0,0,0,0,0,0,0,0,0
0,0,0,0,-1.210000038,-155000,-61,8000,0,0,0,0,0,0,0,0,0,0
0,0,0,0,-1.210000038,-155000,-61,8000,0,0,0,0,0,0,0,0,0,0
0,0,0,0,-1.210000038,-155000,-61,8000,0,0,0,0,0,0,0,0,0,0
0,0,0,0,-1.210000038,-155000,-61,8000,0,0,0,0,0,0,0,0,0,0
0,0,0,0,-1.210000038,-155000,-61,8000,0,0,0,0,0,0,0,0,0,0
0,0,0,0,-1.210000038,-155000,-61,8000,0,0,0,0,0,0,0,0,0,0
0,0,0,0,-1.210000038,-155000,-61,8000,0,0,0,0,0,0,0,0,0,0
0,0,0,0,-1.200000048,-155000,-61,8000,0,0,0,0,0,0,0,0,0,0
0,0,0,0,-1.210000038,-155000,-61,8000,0,0,0,0,0,0,0,0,0,0
0,0,0,0,-1.210000038,-155000,-61,8000,0,0,0,0,0,0,0,0,0,0
0,0,0,0,-1.210000038,-155000,-61,8000,0,0,0,0,0,0,0,0,0,0
0,0,0,0,-1.220000029,-155000,-61,8000,-0.5,0,0,0,0,0,0,0,0,0
0,0,0,0,-1.210000038,-155000,-61,8000,-0.5,0,0,0,0,0,0,0,0,0
0,0,0,0,-1.210000038,-155000,-61,8000,-0.5,0,0,0,0,0,0,0,0,0
0,0,0,0,-1.210000038,-155000,-61,8000,-0.5,0,0,0,0,0,0,0,0,0
0,0,0,0,-1.220000029,-155000,-61,8000,-0.5,0,0,0,0,0,0,0,0,0
0,0,0,0,-1.230000019,-155000,-61,8000,-0.5,0,0,0,0,0,0,0,0,0
0,0,0,0,-1.230000019,-155000,-61,8000,-0.5,0,0,0,0,0,0,0,0,0
0,0,0,0,-1.24000001,-155000,-61,8000,-0.5,0,0,0,0,0,0,0,0,0
0,0,0,0,-1.230000019,-155000,-61,8000,-0.5,0,0,0,0,0,0,0,0,0
0,0,0,0,-1.230000019,-155000,-61,8000,-0.5,0,0,0,0,0,0,0,0,0
0,0,0,0,-1.230000019,-155000,-61,8000,-0.5,0,0,0,0,0,0,0,0,0
0,0,0,0,-1.230000019,-155000,-61,8000,-0.5,0,0,0,0,0,0,0,0,0
0,0,0,0,-1.230000019,-155000,-61,8000,-0.5,0,0,0,0,0,0,0,0,0
0,0,0,0,-1.220000029,-155000,-61,8000,-0.5,0,0,0,0,0,0,0,0,0
0,0,0,0,-1.220000029,-155000,-61,8000,-0.5,0,0,0,0,0,0,0,0,0
0,0,0,0,-1.220000029,-155000,-61,8000,-0.5,0,0,0,0,0,0,0,0,0
0,0,0,0,-1.220000029,-155000,-61,8000,-0.5,0,0,0,0,0,0,0,0,0
0,0,0,0,-1.220000029,-155000,-61,8000,-0.5,0,0,0,0,0,0,0,0,0
0,0,0,0,-1.220000029,-155000,-61,8000,-0.5,0,0,0,0,0,0,0,0,0
0,0,0,0,-1.220000029,-155000,-61,8000,-0.5,0,0,0,0,0,0,0,0,0
0,0,0,0,-1.220000029,-155000,-61,8000,-0.5,0,0,0,0,0,0,0,0,0
0,0,0,0,-1.230000019,-155000,-61,8000,-0.5,0,0,0,0,0,0,0,0,0
0,0,0,0,-1.230000019,-155000,-61,8000,-0.5,0,0,0,0,0,0,0,0,0
0,0,0,0,-1.230000019,-155000,-61,8000,-0.5,0,0,0,0,0,0,0,0,0
0,0,0,0,-1.230000019,-155000,-61,8000,-0.5,0,0,0,0,0,0,0,0,0
0,0,0,0,-1.230000019,-155000,-61,8000,-0.5,0,0,0,0,0,0,0,0,0
0,0,0,0,-1.230000019,-155000,-61,8000,-0.5,0,0,0,0,0,0,0,0,0
0,0,0,0,-1.230000019,-155000,-61,8000,-0.5,0,0,0,0,0,0,0,0,0
0,0,0,0,-1.230000019,2000,7.5,3000,0,0,0,0,0,0,0,0,0,0
0,0,0,0,-1.24000001,2000,7.5,3000,0,0,0,0,0,0,0,0,0,0
0,0.0895071,0.0890625,0,-1.230000019,2000,7.5,3000,0,0,0,0,0,0,0,0,0,0
0,0.097244098,0.096484375,0,-1.24000001,2000,7.5,3000,0,0,0,0,0,0,0,0,0,0
0,0.097244098,0.096484375,0,-1.25,2000,7.5,3000,0,0,0,0,0,0,0,0,0,0
0,0.104724409,0.111328125,0,-1.25,2000,7.5,3000,0,0,0,0,0,0,0,0,0,0
0,0.112204728,0.126171875,0,-1.25999999,2000,7.5,3000,0,0,0,0,0,0,0,0,0,0
0,0.112204728,0.126171875,0,-1.299999952,2000,7.5,3000,0,0,0,0,0,0,0,0,0,0
0,0.119685039,0.13359375,0,-1.299999952,2000,7.5,3000,0,0,0,0,0,0,0,0,0,0
0,0.119685039,0.141015625,0,-1.379999995,2000,7.5,3000,0,0,0,0,0,0,0,0,0,0
0,0.119685039,0.141015625,0,-1.480000019,2000,7.5,3000,0,0,0,0,0,0,0,0,0,0
0,0.134645676,0.155859375,0,-1.570000052,2000,7.5,3000,0,0,0,0,0,0,0,0,0,0
0,0.149606299,0.2078125,0,-1.620000005,2000,7.5,3000,0,0,0,0,0,0,0,0,0,0
0,0.15708661,0.2078125,0,-1.649999976,2000,7.5,3000,0,0,0,0,0,0,0,0,0,0
0,0.15708661,0.2078125,0,-1.669999957,2000,7.5,3000,0,0,0,0,0,0,0,0,0,0
0,0.164566936,0.2078125,0,-1.720000029,2000,7.5,3000,0,0,0,0,0,0,0,0,0,0
0,0.172047247,0.215234375,0,-1.799999952,2000,7.5,3000,0,0,0,0,0,0,0,0,0,0
0,0.172047247,0.215234375,0,-1.889999986,2000,7.5,3000,0,0,0,0,0,0,0,0,0,0
0,0.179527558,0.215234375,0,-1.970000029,2000,7.5,3000,0,0,0,0,0,0,0,0,0,0
0,0.179527558,0.215234375,0,-2.049999952,2000,7.5,3000,0,0,0,0,0,0,0,0,0,0
0,0.179527558,0.215234375,0,-2.24000001,2000,7.5,3000,0,0,0,0,0,0,0,0,0,0
0,0.18700787,0.2078125,0,-2.339999914,2000,7.5,3000,0,0,0,0,0,0,0,0,0,0
0,0.194488195,0.178125,0,-2.450000048,2000,7.5,3000,0,0,0,0,0,0,0,0,0,0
0,0.209448818,0.141015625,0,-2.690000057,2000,7.5,3000,0,0,0,0,0,0,0,0,0,0
0,0.224409455,0.111328125,0,-2.779999971,2000,7.5,3000,0,0,0,0,0,0,0,0,0,0
0,0.246850389,0.0890625,0,-2.99000001,2000,7.5,3000,0,0,0,0,0,0,0,0,0,0
0,0.246850389,0.0890625,0,-3.019999981,2000,7.5,3000,0,0,0,0,0,0,0,0,0,0
0,0.254330701,0.0890625,0,-3.019999981,2000,7.5,3000,0,0,0,0,0,0,0,0,0,0
0,0.254330701,0.0890625,0,-3.079999924,2000,7.5,3000,0,0,0,0,0,0,0,0,0,0
0,0.261811012,0.0890625,0,-3.059999943,2000,7.5,3000,0,0,0,0,0,0,0,0,0,0
0,0.261811012,0,0,-3.089999914,2000,7.5,3000,0,0,0,0,0,0,0,0,0,0
0,0.269291352,0,0,-3.119999886,2000,7.5,3000,0,0,0,0,0,0,0,0,0,0
0,0.276771663,0,0,-3.069999933,2000,7.5,3000,0,0,0,0,0,0,0,0,0,0
0,0.276771663,0,0,-2.960000038,2000,7.5,3000,0,0,0,0,0,0,0,0,0,0
0,0.284251975,0,0,-2.74000001,2000,7.5,3000,0,0,0,0,0,0,0,0,0,0
0,0.291732286,0,0,-2.680000067,2000,7.5,3000,0,0,0,0,0,0,0,0,0,0
0,0.291732286,0,0,-2.630000114,2000,7.5,3000,0,0,0,0,0,0,0,0,0,0
0,0.299212597,0,0,-2.269999981,2000,7.5,3000,0,0,0,0,0,0,0,0,0,0
0,0.299212597,0,0,-2.140000105,2000,7.5,3000,0,0,0,0,0,0,0,0,0,0
0,0.299212597,0,0,-1.970000029,2000,7.5,3000,0,0,0,0,0,0,0,0,0,0
0,0.299212597,0,0,-1.809999943,2000,7.5,3000,0,0,0,0,0,0,0,0,0,0
0,0.299212597,0,0,-1.679999948,2000,7.5,3000,0,0,0,0,0,0,0,0,0,0
0,0.299212597,0,0,-1.600000024,2000,7.5,3000,0,0,0,0,0,0,0,0,0,0
0,0.299212597,0,0,-1.529999971,2000,7.5,3000,0,0,0,0,0,0,0,0,0,0
0,0.299212597,0,0,-1.49000001,2000,7.5,3000,0,0,0,0,0,0,0,0,0,0
0,0.299212597,0,0,-1.480000019,2000,7.5,3000,0,0,0,0,0,0,0,0,0,0
0,0.299212597,0,0,-1.440000057,2000,7.5,3000,0,0,0,0,0,0,0,0,0,0
0,0.299212597,0,0,-1.299999952,2000,7.5,3000,0,0,0,0,0,0,0,0,0,0
0,0.299212597,0,0,-0.959999979,2000,7.5,3000,0,0,0,0,0,0,0,0,0,0
0,0.299212597,0,0,-0.879999995,2000,7.5,3000,0,0,0,0,0,0,0,0,0,0
0,0.299212597,0,0,-0.800000012,2000,7.5,3000,0,0,0,0,0,0,0,0,0,0
0,0.299212597,0,0,-0.709999979,2000,7.5,3000,0,0,0,0,0,0,0,0,0,0
0,0.306692909,0,0,-0.709999979,2000,7.5,3000,0,0,0,0,0,0,0,0,0,0
0,0.306692909,0,0,-0.629999995,2000,7.5,3000,0,0,0,0,0,0,0,0,0,0
0,0.306692909,0,0,-0.519999981,2000,7.5,3000,0,0,0,0,0,0,0,0,0,0
0,0.31417322,0,0,-0.439999998,2000,7.5,3000,0,0,0,0,0,0,0,0,0,0
0,0.31417322,0,0,-0.310000002,2000,7.5,3000,0,0,0,0,0,0,0,0,0,0
0,0.31417322,0,0,-0.270000011,2000,7.5,3000,0,0,0,0,0,0,0,0,0,0
0,0.31417322,0,0,-0.109999999,2000,7.5,3000,0,0,0,0,0,0,0,0,0,0
0,0.31417322,0,0,-0.01,2000,7.5,3000,0,0,0,0,0,0,0,0,0,0
0,0.31417322,0,0,0.49000001,2000,7.5,3000,0,0,0,0,0,0,0,0,0,0
0,0.31417322,0,0,0.560000002,2000,7.5,3000,0,0,0,0,0,0,0,0,0,0
0,0.31417322,0,0,0.639999986,2000,7.5,3000,0,0,0,0,0,0,0,0,0,0
0,0.31417322,0,0,0.709999979,2000,7.5,3000,0,0,0,0,0,0,0,0,0,0
0,0.31417322,0,0,0.709999979,2000,7.5,3000,0,0,0,0,0,0,0,0,0,0
0,0.31417322,0,0,0.790000021,2000,7.5,3000,0,0,0,0,0,0,0,0,0,0
0,0.31417322,0,0,0.879999995,2000,7.5,3000,0,0,0,0,0,0,0,0,0,0
0,0.31417322,0,0,0.970000029,2000,7.5,3000,0,0,0,0,0,0,0,0,0,0
0,0.31417322,0,0,1.049999952,2000,7.5,3000,0,0,0,0,0,0,0,0,0,0
0,0.31417322,0,0,1.120000005,2000,7.5,3000,0,0,0,0,0,0,0,0,0,0
0,0.31417322,0,0,1.190000057,2000,7.5,3000,0,0,0,0,0,0,0,0,0,0
0,0.31417322,0,0,1.25999999,2000,7.5,3000,0,0,0,0,0,0,0,0,0,0
0,0.31417322,0,0,1.330000043,2000,7.5,3000,0,0,0,0,0,0,0,0,0,0
0,0.31417322,0,0,1.559999943,2000,7.5,3000,0,0,0,0,0,0,0,0,0,0
0,0.31417322,0,0,1.659999967,2000,7.5,3000,0,0,0,0,0,0,0,0,0,0
0,0.31417322,0,0,1.720000029,2000,7.5,3000,0,0,0,0,0,0,0,0,0,0
0,0.31417322,0,0,1.789999962,2000,7.5,3000,0,0,0,0,0,0,0,0,0,0
0,0.31417322,0,0,1.870000005,2000,7.5,3000,0,0,0,0,0,0,0,0,0,0
0,0.31417322,0,0,1.960000038,2000,7.5,3000,0,0,0,0,0,0,0,0,0,0
0,0.306692909,0,0,2.150000095,2000,7.5,3000,0,0,0,0,0,0,0,0,0,0
0,0.306692909,0,0.148421707,2.210000038,2000,7.5,3000,0,0,0,0,0,0,0,0,0,0
0,0.306692909,0,0.148421707,2.269999981,2000,7.5,3000,0,0,0,0,0,0,0,0,0,0
0,0.306692909,0,0.164913,2.420000076,2000,7.5,3000,0,0,0,0,0,0,0,0,0,0
0,0.299212597,0,0.164913,2.470000029,2000,7.5,3000,0,0,0,0,0,0,0,0,0,0
0,0.299212597,0,0,1.899999976,2000,7.5,3000,0,0,0,0,0,0,0,0,0,0
0,0.306692909,0,0,1.610000014,2000,7.5,3000,0,0,0,0,0,0,0,0,0,0
0,0.299212597,0,0,1.210000038,2000,7.5,3000,0,0,0,0,0,0,0,0,0,0
0,0.299212597,0,0,0.75,2000,7.5,3000,0,0,0,0,0,0,0,0,0,0
0,0.299212597,0,0,0.310000002,2000,7.5,3000,0,0,0,0,0,0,0,0,0,0
0,0.299212597,0,0,0,2000,7.5,3000,0,0,0,0,0,0,0,0,0,0
0,0.299212597,0,0,-0.219999999,2000,7.5,3000,0,0,0,0,0,0,0,0,0,0
0,0.299212597,0,0,-0.469999999,2000,7.5,3000,0,0,0,0,0,0,0,0,0,0
0,0.299212597,0,0,-0.709999979,2000,7.5,3000,0,0,0,0,0,0,0,0,0,0
0,0.299212597,0,0,-0.949999988,2000,7.5,3000,0,0,0,0,0,0,0,0,0,0
0,0.299212597,0,0,-1.279999971,2000,7.5,3000,0,0,0,0,0,0,0,0,0,0
0,0.299212597,0,0,-1.399999976,2000,7.5,3000,0,0,0,0,0,0,0,0,0,0
0,0.299212597,0,0,-1.519999981,2000,7.5,3000,0,0,0,0,0,0,0,0,0,0
0,0.299212597,0,0,-1.899999976,2000,7.5,3000,0,0,0,0,0,0,0,0,0,0
0,0.299212597,0,0,-1.899999976,2000,7.5,3000,0,0,0,0,0,0,0,0,0,0
0,0.299212597,0,0,-1.899999976,2000,7.5,3000,0,0,0,0,0,0,0,0,0,0
0,0.299212597,0,0,-2,2000,7.5,3000,0,0,0,0,0,0,0,0,0,0
0,0.299212597,0,0,-2.019999981,2000,7.5,3000,0,0,0,0,0,0,0,0,0,0
0,0.299212597,0,0,-2.049999952,2000,7.5,3000,0,0,0,0,0,0,0,0,0,0
0,0.299212597,0,0,-2.130000114,2000,7.5,3000,0,0,0,0,0,0,0,0,0,0
0,0.299212597,0,0,-2.190000057,2000,7.5,3000,0,0,0,0,0,0,0,0,0,0
0,0.306692909,0,0,-2.25,2000,7.5,3000,0,0,0,0,0,0,0,0,0,0
0,0.299212597,0,0,-2.319999933,2000,7.5,3000,0,0,0,0,0,0,0,0,0,0
0,0.299212597,0,0,-2.359999895,2000,7.5,3000,0,0,0,0,0,0,0,0,0,0
0,0.306692909,0,0,-2.410000086,2000,7.5,3000,0,0,0,0,0,0,0,0,0,0
0,0.306692909,0,0,-2.470000029,2000,7.5,3000,0,0,0,0,0,0,0,0,0,0
0,0.306692909,0,0,-2.470000029,2000,7.5,3000,0,0,0,0,0,0,0,0,0,0
0,0.306692909,0,0,-2.49000001,2000,7.5,3000,0,0,0,0,0,0,0,0,0,0
0,0.306692909,0,0,-2.519999981,2000,7.5,3000,0,0,0,0,0,0,0,0,0,0
0,0.306692909,0,0,-2.539999962,2000,7.5,3000,0,0,0,0,0,0,0,0,0,0
0,0.306692909,0,0,-2.539999962,2000,7.5,3000,0,0,0,0,0,0,0,0,0,0
0,0.306692909,0,0,-2.549999952,2000,7.5,3000,0,0,0,0,0,0,0,0,0,0
0,0.306692909,0,0,-2.569999933,2000,7.5,3000,0,0,0,0,0,0,0,0,0,0
0,0.306692909,0,0,-2.609999895,2000,7.5,3000,0,0,0,0,0,0,0,0,0,0
0,0.306692909,0,0,-2.640000105,2000,7.5,3000,0,0,0,0,0,0,0,0,0,0
0,0.306692909,0,0,-2.650000095,2000,7.5,3000,0,0,0,0,0,0,0,0,0,0
0,0.306692909,0,0,-2.650000095,2000,7.5,3000,0,0,0,0,0,0,0,0,0,0
0,0.306692909,0,0,-2.720000029,2000,7.5,3000,0,0,0,0,0,0,0,0,0,0
0,0.306692909,0,0,-2.730000019,2000,7.5,3000,0,0,0,0,0,0,0,0,0,0
0,0.306692909,0,0,-2.730000019,2000,7.5,3000,0,0,0,0,0,0,0,0,0,0
0,0.306692909,0,0,-2.730000019,2000,7.5,3000,0,0,0,0,0,0,0,0,0,0
0,0.306692909,0,0,-2.74000001,2000,7.5,3000,0,0,0,0,0,0,0,0,0,0
0,0.306692909,0,0,-2.769999981,2000,7.5,3000,0,0,0,0,0,0,0,0,0,0
0,0.306692909,0,0,-2.769999981,2000,7.5,3000,0,0,0,0,0,0,0,0,0,0
0,0.306692909,0,0,-2.809999943,2000,7.5,3000,0,0,0,0,0,0,0,0,0,0
0,0.306692909,0,0,-2.849999905,2000,7.5,3000,0,0,0,0,0,0,0,0,0,0
0,0.299212597,0,0,-2.880000114,2000,7.5,3000,0,0,0,0,0,0,0,0,0,0
0,0.299212597,0,0,-2.900000095,2000,7.5,3000,0,0,0,0,0,0,0,0,0,0
0,0.299212597,0,0,-2.920000076,2000,7.5,3000,0,0,0,0,0,0,0,0,0,0
0,0.299212597,0,0,-2.970000029,2000,7.5,3000,0,0,0,0,0,0,0,0,0,0
0,0.299212597,0,0,-3.00999999,2000,7.5,3000,0,0,0,0,0,0,0,0,0,0
0,0.299212597,0,0,-3.039999962,2000,7.5,3000,0,0,0,0,0,0,0,0,0,0
0,0.291732286,0,0,-3.049999952,2000,7.5,3000,0,0,0,0,0,0,0,0,0,0
0,0.291732286,0,0,-3.049999952,2000,7.5,3000,0,0,0,0,0,0,0,0,0,0
0,0.291732286,0,0,-3.059999943,2000,7.5,3000,0,0,0,0,0,0,0,0,0,0
0,0.291732286,0,0,-3.089999914,2000,7.5,3000,0,0,0,0,0,0,0,0,0,0
0,0.284251975,0,0,-3.099999905,2000,7.5,3000,0,0,0,0,0,0,0,0,0,0
0,0.291732286,0,0,-3.109999895,2000,7.5,3000,0,0,0,0,0,0,0,0,0,0
0,0.291732286,0,0,-3.119999886,2000,7.5,3000,0,0,0,0,0,0,0,0,0,0
0,0.284251975,0,0,-3.130000114,2000,7.5,3000,0,0,0,0,0,0,0,0,0,0
0,0.284251975,0,0,-3.150000095,2000,7.5,3000,0,0,0,0,0,0,0,0,0,0
0,0.284251975,0,0,-3.140000105,2000,7.5,3000,0,0,0,0,0,0,0,0,0,0
0,0.284251975,0,0,-3.140000105,2000,7.5,3000,0,0,0,0,0,0,0,0,0,0
0,0.284251975,0,0,-3.170000076,2000,7.5,3000,0,0,0,0,0,0,0,0,0,0
0,0.284251975,0,0,-3.180000067,2000,7.5,3000,0,0,0,0,0,0,0,0,0,0
0,0.284251975,0,0,-3.170000076,2000,7.5,3000,0,0,0,0,0,0,0,0,0,0
0,0.284251975,0,0,-3.170000076,2000,7.5,3000,0,0,0,0,0,0,0,0,0,0
0,0.284251975,0,0,-3.150000095,2000,7.5,3000,0,0,0,0,0,0,0,0,0,0
0,0.284251975,0,0,-3.150000095,2000,7.5,3000,0,0,0,0,0,0,0,0,0,0
0,0.284251975,0,0,-3.160000086,2000,7.5,3000,0,0,0,0,0,0,0,0,0,0
0,0.284251975,0,0,-3.160000086,2000,7.5,3000,0,0,0,0,0,0,0,0,0,0
0,0.284251975,0,0,-3.150000095,2000,7.5,3000,0,0,0,0,0,0,0,0,0,0
0,0.284251975,0,0,-3.130000114,2000,7.5,3000,0,0,0,0,0,0,0,0,0,0
0,0.284251975,0,0,-3.079999924,2000,7.5,3000,0,0,0,0,0,0,0,0,0,0
0,0.284251975,0,0,-3.029999971,2000,7.5,3000,0,0,0,0,0,0,0,0,0,0
0,0.284251975,0,0,-3.029999971,2000,7.5,3000,0,0,0,0,0,0,0,0,0,0
0,0.284251975,0,0,-2.99000001,2000,7.5,3000,0,0,0,0,0,0,0,0,0,0
0,0.284251975,0,0,-2.960000038,2000,7.5,3000,0,0,0,0,0,0,0,0,0,0
0,0.284251975,0,0,-2.920000076,2000,7.5,3000,0,0,0,0,0,0,0,0,0,0
0,0.284251975,0,0,-2.819999933,2000,7.5,3000,0,0,0,0,0,0,0,0,0,0
0,0.284251975,0,0,-2.75999999,2000,7.5,3000,0,0,0,0,0,0,0,0,0,0
0,0.284251975,0,0,-2.720000029,2000,7.5,3000,0,0,0,0,0,0,0,0,0,0
0,0.284251975,0,0,-2.690000057,2000,7.5,3000,0,0,0,0,0,0,0,0,0,0
0,0.284251975,0,0,-2.619999886,2000,7.5,3000,0,0,0,0,0,0,0,0,0,0
0,0.284251975,0,0,-2.589999914,2000,7.5,3000,0,0,0,0,0,0,0,0,0,0
0,0.284251975,0,0,-2.5,2000,7.5,3000,0,0,0,0,0,0,0,0,0,0
0,0.284251975,0,0,-2.470000029,2000,7.5,3000,0,0,0,0,0,0,0,0,0,0
0,0.284251975,0,0,-2.460000038,2000,7.5,3000,0,0,0,0,0,0,0,0,0,0
0,0.284251975,0,0,-2.440000057,2000,7.5,3000,0,0,0,0,0,0,0,0,0,0
0,0.284251975,0,0,-2.410000086,2000,7.5,3000,0.5,0,0,0,0,0,0,0,0,0
0,0.284251975,0,0,-2.400000095,2000,7.5,3000,0.5,0,0,0,0,0,0,0,0,0
0,0.284251975,0,0,-2.329999924,2000,7.5,3000,0.5,0,0,0,0,0,0,0,0,0
0,0.284251975,0,0,-2.299999952,2000,7.5,3000,0.5,0,0,0,0,0,0,0,0,0
0,0.284251975,0,0,-2.279999971,2000,7.5,3000,0.5,0,0,0,0,0,0,0,0,0
0,0.284251975,0,0,-2.24000001,2000,7.5,3000,0.5,0,0,0,0,0,0,0,0,0
0,0.284251975,0,0,-2.230000019,2000,7.5,3000,0.5,0,0,0,0,0,0,0,0,0
0,0.284251975,0,0,-2.190000057,2000,7.5,3000,0.5,0,0,0,0,0,0,0,0,0
0,0.284251975,0,0,-2.170000076,2000,7.5,3000,0.5,0,0,0,0,0,0,0,0,0
0,0.284251975,0,0,-2.170000076,2000,7.5,3000,0.5,0,0,0,0,0,0,0,0,0
0,0.284251975,0,0,-2.170000076,2000,7.5,3000,0.5,0,0,0,0,0,0,0,0,0
0,0.284251975,0,0,-2.170000076,2000,7.5,3000,0.5,0,0,0,0,0,0,0,0,0
0,0.284251975,0,0,-2.200000048,2000,7.5,3000,0.5,0,0,0,0,0,0,0,0,0
0,0.284251975,0,0,-2.200000048,2000,7.5,3000,0.5,0,0,0,0,0,0,0,0,0
0,0.284251975,0,0,-2.200000048,2000,7.5,3000,0.5,0,0,0,0,0,0,0,0,0
0,0.284251975,0,0,-2.210000038,2000,7.5,3000,0.5,0,0,0,0,0,0,0,0,0
0,0.284251975,0,0,-2.180000067,2000,7.5,3000,0.5,0,0,0,0,0,0,0,0,0
0,0.284251975,0,0,-2.180000067,2000,7.5,3000,0.5,0,0,0,0,0,0,0,0,0
0,0.284251975,0,0,-2.180000067,2000,7.5,3000,0.5,0,0,0,0,0,0,0,0,0
0,0.284251975,0,0,-2.190000057,2000,7.5,3000,0.5,0,0,0,0,0,0,0,0,0
0,0.284251975,0,0,-2.269999981,2000,7.5,3000,0.5,0,0,0,0,0,0,0,0,0
0,0.284251975,0,0,-2.269999981,2000,7.5,3000,0.5,0,0,0,0,0,0,0,0,0
0,0.284251975,0,0,-2.279999971,2000,7.5,3000,0.5,0,0,0,0,0,0,0,0,0
0,0.284251975,0,0,-2.309999943,2000,7.5,3000,0.5,0,0,0,0,0,0,0,0,0
0,0.284251975,0,0,-2.339999914,2000,7.5,3000,0.5,0,0,0,0,0,0,0,0,0
0,0.284251975,0,0,-2.349999905,2000,7.5,3000,0.5,0,0,0,0,0,0,0,0,0
0,0.284251975,0,0,-2.359999895,2000,7.5,3000,0.5,0,0,0,0,0,0,0,0,0
0,0.284251975,0,0,-2.369999886,2000,7.5,3000,0.5,0,0,0,0,0,0,0,0,0
0,0.284251975,0,0,-2.420000076,2000,7.5,3000,0.5,0,0,0,0,0,0,0,0,0
0,0.284251975,0,0,-2.430000067,2000,7.5,3000,0.5,0,0,0,0,0,0,0,0,0
0,0.284251975,0,0,-2.430000067,2000,7.5,3000,0.5,0,0,0,0,0,0,0,0,0
0,0.284251975,0,0,-2.650000095,2000,7.5,3000,0.5,0,0,0,0,0,0,0,0,0
0,0.284251975,0.0830034,0,-2.690000057,2000,7.5,3000,0.5,0,0,0,0,0,0,0,0,0
0,0.284251975,0.0890625,0,-2.720000029,2000,7.5,3000,0.5,0,0,0,0,0,0,0,0,0
0,0.284251975,0.096484375,0,-2.720000029,2000,7.5,3000,0.5,0,0,0,0,0,0,0,0,0
0,0.284251975,0.096484375,0,-2.75999999,2000,7.5,3000,0.5,0,0,0,0,0,0,0,0,0
0,0.284251975,0.096484375,0,-2.809999943,2000,7.5,3000,0.5,0,0,0,0,0,0,0,0,0
0,0.284251975,0.096484375,0,-2.839999914,2000,7.5,3000,0.5,0,0,0,0,0,0,0,0,0
0,0.284251975,0.096484375,0,-2.799999952,2000,7.5,3000,0.5,0,0,0,0,0,0,0,0,0
0,0.284251975,0.096484375,0,-2.75999999,2000,7.5,3000,0.5,0,0,0,0,0,0,0,0,0
0,0.284251975,0.096484375,0,-2.710000038,2000,7.5,3000,0.5,0,0,0,0,0,0,0,0,0
0,0.284251975,0.096484375,0,-2.650000095,2000,7.5,3000,0.5,0,0,0,0,0,0,0,0,0
0,0.291732286,0.10390625,0,-2.529999971,2000,7.5,3000,0.5,0,0,0,0,0,0,0,0,0
0,0.291732286,0.10390625,0,-2.5,2000,7.5,3000,0.5,0,0,0,0,0,0,0,0,0
0,0.291732286,0.111328125,0,-2.49000001,2000,7.5,3000,0.5,0,0,0,0,0,0,0,0,0
0,0.291732286,0.10390625,0,-2.49000001,2000,7.5,3000,0.5,0,0,0,0,0,0,0,0,0
0,0.291732286,0.111328125,0,-2.49000001,2000,7.5,3000,0.5,0,0,0,0,0,0,0,0,0
0,0.291732286,0.111328125,0,-2.529999971,2000,7.5,3000,0.5,0,0,0,0,0,0,0,0,0
0,0.291732286,0.111328125,0,-2.559999943,2000,7.5,3000,0.5,0,0,0,0,0,0,0,0,0
0,0.291732286,0.10390625,0,-2.539999962,2000,7.5,3000,0.5,0,0,0,0,0,0,0,0,0
0,0.291732286,0.0890625,0,-2.539999962,2000,7.5,3000,0.5,0,0,0,0,0,0,0,0,0
0,0.291732286,0,0,-2.460000038,2000,7.5,3000,0.5,0,0,0,0,0,0,0,0,0
0,0.291732286,0,0,-2.400000095,2000,7.5,3000,0.5,0,0,0,0,0,0,0,0,0
0,0.291732286,0,0,-2.359999895,2000,7.5,3000,0.5,0,0,0,0,0,0,0,0,0
0,0.291732286,0,0,-2.25,2000,7.5,3000,0.5,0,0,0,0,0,0,0,0,0
0,0.284251975,0,0,-2.130000114,2000,7.5,3000,0.5,0,0,0,0,0,0,0,0,0
0,0.246850389,0,0,-1.889999986,2000,7.5,3000,0.5,0,0,0,0,0,0,0,0,0
0,0.246850389,0,0,-1.840000033,2000,7.5,3000,0.5,0,0,0,0,0,0,0,0,0
0,0.21692913,0,0,-1.799999952,2000,7.5,3000,0.5,0,0,0,0,0,0,0,0,0
0,0.172047247,0,0,-1.799999952,2000,7.5,3000,0.5,0,0,0,0,0,0,0,0,0
0,0.172047247,0,0,-1.879999995,2000,7.5,3000,0.5,0,0,0,0,0,0,0,0,0
0,0.104724409,0,0,-1.970000029,2000,7.5,3000,0.5,0,0,0,0,0,0,0,0,0
0,0.104724409,0,0,-2.049999952,2000,7.5,3000,0.5,0,0,0,0,0,0,0,0,0
0,0,0,0,-2.220000029,2000,7.5,3000,0.5,0,0,0,0,0,0,0,0,0
0,0,0,0,-2.299999952,2000,7.5,3000,0.5,0,0,0,0,0,0,0,0,0
0,0,0,0,-2.380000114,2000,7.5,3000,0.5,0,0,0,0,0,0,0,0,0
0,0,0,0,-2.400000095,2000,7.5,3000,0.5,0,0,0,0,0,0,0,0,0
0,-0.10390625,-0.089763779,0,-2.369999886,2000,7.5,3000,0.5,0,0,0,0,0,0,0,0,0
0,-0.2375,-0.097244098,0,-2.410000086,2000,7.5,3000,0.5,0,0,0,0,0,0,0,0,0
0,-0.274609375,-0.104724409,0,-2.460000038,2000,7.5,3000,0.5,0,0,0,0,0,0,0,0,0
0,-0.274609375,-0.104724409,0,-2.49000001,2000,7.5,3000,0.5,0,0,0,0,0,0,0,0,0
0,-0.274609375,-0.104724409,0,-2.49000001,2000,7.5,3000,0.5,0,0,0,0,0,0,0,0,0
0,-0.37109375,-0.104724409,0,-2.5,2000,7.5,3000,0.5,0,0,0,0,0,0,0,0,0
0,-0.37109375,-0.104724409,0,-2.569999933,2000,7.5,3000,0.5,0,0,0,0,0,0,0,0,0
0,-0.40078125,-0.104724409,0,-2.670000076,2000,7.5,3000,0.5,0,0,0,0,0,0,0,0,0
0,-0.437890625,-0.112204728,0,-2.690000057,2000,7.5,3000,0.5,0,0,0,0,0,0,0,0,0
0,-0.467578125,-0.112204728,0,-2.690000057,2000,7.5,3000,0.5,0,0,0,0,0,0,0,0,0
0,-0.482421875,-0.119685039,0,-2.690000057,2000,7.5,3000,0.5,0,0,0,0,0,0,0,0,0
0,-0.512109375,-0.119685039,0,-2.75999999,2000,7.5,3000,0.5,0,0,0,0,0,0,0,0,0
0,-0.526953125,-0.12716535,0,-2.829999924,2000,7.5,3000,0.5,0,0,0,0,0,0,0,0,0
0,-0.5640625,-0.134645676,0,-2.859999895,2000,7.5,3000,0.5,0,0,0,0,0,0,0,0,0
0,-0.57890625,-0.134645676,0,-2.869999886,2000,7.5,3000,0.5,0,0,0,0,0,0,0,0,0
0,-0.616015625,-0.142125987,0,-2.910000086,2000,7.5,3000,0.5,0,0,0,0,0,0,0,0,0
0,-0.63828125,-0.15708661,0,-2.970000029,2000,7.5,3000,0.5,0,0,0,0,0,0,0,0,0
0,-0.63828125,-0.15708661,0,-3.019999981,2000,7.5,3000,0.5,0,0,0,0,0,0,0,0,0
0,-0.645703125,-0.15708661,0,-3.059999943,2000,7.5,3000,0.5,0,0,0,0,0,0,0,0,0
0,-0.653125,-0.149606299,0,-3.099999905,2000,7.5,3000,0.5,0,0,0,0,0,0,0,0,0
0,-0.660546875,-0.134645676,0,-3.170000076,2000,7.5,3000,0.5,0,0,0,0,0,0,0,0,0
0,-0.66796875,-0.12716535,0,-3.190000057,2000,7.5,3000,0.5,0,0,0,0,0,0,0,0,0
0,-0.6828125,-0.104724409,0,-3.210000038,2000,7.5,3000,0.5,0,0,0,0,0,0,0,0,0
0,-0.690234375,0,0,-3.24000001,2000,7.5,3000,0.5,0,0,0,0,0,0,0,0,0
0,-0.69765625,0,0,-3.440000057,-140000,11.5,8000,0,0,0,0,0,0,0,0,0,0
0,-0.705078125,0,0,-3.589999914,-140000,11.5,8000,0,0,0,0,0,0,0,0,0,0
0,-0.705078125,0,0,-3.799999952,-140000,11.5,8000,0,0,0,0,0,0,0,0,0,0
0,-0.705078125,0,0,-4.039999962,-140000,11.5,8000,0,0,0,0,0,0,0,0,0,0
0,-0.705078125,0,0,-4.28000021,-140000,11.5,8000,0,0,0,0,0,0,0,0,0,0
0,-0.705078125,0,0,-4.460000038,-140000,11.5,8000,0,0,0,0,0,0,0,0,0,0
0,-0.705078125,0,0,-4.599999905,-140000,11.5,8000,0,0,0,0,0,0,0,0,0,0
0,-0.705078125,0,0,-4.889999866,-140000,11.5,8000,0,0,0,0,0,0,0,0,0,0
0,-0.705078125,0,0,-5.059999943,-140000,11.5,8000,0,0,0,0,0,0,0,0,0,0
0,-0.69765625,0,0,-5.21999979,-140000,11.5,8000,0,0,0,0,0,0,0,0,0,0
0,-0.690234375,0,0,-5.460000038,-140000,11.5,8000,0,0,0,0,0,0,0,0,0,0
0,-0.690234375,0,0,-5.559999943,-140000,11.5,8000,0,0,0,0,0,0,0,0,0,0
0,-0.66796875,0,0,-5.840000153,-140000,11.5,8000,0,0,0,0,0,0,0,0,0,0
0,-0.660546875,0,0,-5.849999905,-140000,11.5,8000,0,0,0,0,0,0,0,0,0,0
0,-0.660546875,0,0,-5.840000153,-140000,11.5,8000,0,0,0,0,0,0,0,0,0,0
0,-0.645703125,0,0,-5.840000153,-140000,11.5,8000,0,0,0,0,0,0,0,0,0,0
0,-0.63828125,0,0,-5.789999962,-140000,11.5,8000,0,0,0,0,0,0,0,0,0,0
0,-0.63828125,0,0,-5.730000019,-140000,11.5,8000,0,0,0,0,0,0,0,0,0,0
0,-0.630859375,0,0,-5.710000038,-140000,11.5,8000,0,0,0,0,0,0,0,0,0,0
0,-0.630859375,0,0,-5.670000076,-140000,11.5,8000,0,0,0,0,0,0,0,0,0,0
0,-0.6234375,0,0,-5.639999866,-140000,11.5,8000,0,0,0,0,0,0,0,0,0,0
0,-0.616015625,0,0,-5.619999886,-140000,11.5,8000,0,0,0,0,0,0,0,0,0,0
0,-0.60859375,0,0,-5.679999828,-140000,11.5,8000,0,0,0,0,0,0,0,0,0,0
0,-0.601171875,0,0,-5.679999828,-140000,11.5,8000,0,0,0,0,0,0,0,0,0,0
0,-0.59375,0,0,-6.139999866,-140000,11.5,8000,0,0,0,0,0,0,0,0,0,0
0,-0.59375,0,0,-6.300000191,-140000,11.5,8000,0,0,0,0,0,0,0,0,0,0
0,-0.59375,0,0,-6.440000057,-140000,11.5,8000,0,0,0,0,0,0,0,0,0,0
0,-0.59375,0,0,-6.570000172,-140000,11.5,8000,0,0,0,0,0,0,0,0,0,0
0,-0.59375,0,0,-6.710000038,-140000,11.5,8000,0,0,0,0,0,0,0,0,0,0
0,-0.59375,0,0,-6.710000038,-140000,11.5,8000,0,0,0,0,0,0,0,0,0,0
0,-0.59375,0,0,-7.050000191,-140000,11.5,8000,0,0,0,0,0,0,0,0,0,0
0,-0.586328125,0,0,-7.230000019,-140000,11.5,8000,0,0,0,0,0,0,0,0,0,0
0,-0.586328125,0,0,-7.650000095,-140000,11.5,8000,0,0,0,0,0,0,0,0,0,0
0,-0.586328125,0,0,-7.849999905,-140000,11.5,8000,0,0,0,0,0,0,0,0,0,0
0,-0.586328125,0,0,-8.06000042,-140000,11.5,8000,0,0,0,0,0,0,0,0,0,0
0,-0.586328125,0,0,-8.239999771,-140000,11.5,8000,0,0,0,0,0,0,0,0,0,0
0,-0.586328125,0,0,-8.659999847,-140000,11.5,8000,0,0,0,0,0,0,0,0,0,0
0,-0.59375,0,0,-9.779999733,-140000,11.5,8000,0,0,0,0,0,0,0,0,0,0
0,-0.601171875,0,0,-10.03999996,-140000,11.5,8000,0,0,0,0,0,0,0,0,0,0
0,-0.601171875,0,0,-10.27999973,-140000,11.5,8000,0,0,0,0,0,0,0,0,0,0
0,-0.601171875,0,0,-10.52000046,-140000,11.5,8000,0,0,0,0,0,0,0,0,0,0
0,-0.601171875,0,0,-10.52000046,-140000,11.5,8000,0,0,0,0,0,0,0,0,0,0
0,-0.601171875,0,0,-10.81000042,-140000,11.5,8000,0,0,0,0,0,0,0,0,0,0
0,-0.601171875,0,0,-11.07999992,-140000,11.5,8000,0,0,0,0,0,0,0,0,0,0
0,-0.601171875,0,0,-11.31000042,-140000,11.5,8000,0,0,0,0,0,0,0,0,0,0
0,-0.601171875,0,0,-11.52000046,-140000,11.5,8000,0,0,0,0,0,0,0,0,0,0
0,-0.59375,0,0,-11.68999958,-140000,11.5,8000,0,0,0,0,0,0,0,0,0,0
0,-0.59375,0,0,-11.86999989,-140000,11.5,8000,0,0,0,0,0,0,0,0,0,0
0,-0.586328125,0,0,-12.34000015,-140000,11.5,8000,0,0,0,0,0,0,0,0,0,0
0,-0.586328125,0,0,-12.40999985,-140000,11.5,8000,0,0,0,0,0,0,0,0,0,0
0,-0.586328125,0,0,-12.47999954,-140000,11.5,8000,0,0,0,0,0,0,0,0,0,0
0,-0.57890625,0,0,-12.47999954,-140000,11.5,8000,0,0,0,0,0,0,0,0,0,0
0,-0.57890625,0,0,-12.52999973,-140000,11.5,8000,0,0,0,0,0,0,0,0,0,0
0,-0.571484375,0,0,-12.56999969,-140000,11.5,8000,0,0,0,0,0,0,0,0,0,0
0,-0.571484375,0,0,-12.56999969,-140000,11.5,8000,0,0,0,0,0,0,0,0,0,0
0,-0.5640625,0,0,-12.63000011,-140000,11.5,8000,0,0,0,0,0,0,0,0,0,0
0,-0.5640625,0,0,-12.64999962,-140000,11.5,8000,0,0,0,0,0,0,0,0,0,0
0,-0.5640625,0,0,-12.71000004,-140000,11.5,8000,0,0,0,0,0,0,0,0,0,0
0,-0.5640625,0,0,-12.73999977,-140000,11.5,8000,0,0,0,0,0,0,0,0,0,0
0,-0.5640625,0,0,-12.77000046,-140000,11.5,8000,0,0,0,0,0,0,0,0,0,0
0,-0.54921875,0,0,-12.98999977,-140000,11.5,8000,0,0,0,0,0,0,0,0,0,0
0,-0.541796875,0,0,-13.01000023,-140000,11.5,8000,0,0,0,0,0,0,0,0,0,0
0,-0.541796875,0,0,-13.02999973,-140000,11.5,8000,0,0,0,0,0,0,0,0,0,0
0,-0.541796875,0,0,-13.06999969,-140000,11.5,8000,0,0,0,0,0,0,0,0,0,0
0,-0.534375,0,0,-13.10000038,-140000,11.5,8000,0,0,0,0,0,0,0,0,0,0
0,-0.534375,0,0,-13.09000015,-140000,11.5,8000,0,0,0,0,0,0,0,0,0,0
0,-0.534375,0,0,-13.09000015,-140000,11.5,8000,0,0,0,0,0,0,0,0,0,0
0,-0.526953125,-0.104724409,0,-13.13000011,-140000,11.5,8000,0,0,0,0,0,0,0,0,0,0
0,-0.51953125,-0.104724409,0,-13.14000034,-140000,11.5,8000,0,0,0,0,0,0,0,0,0,0
0,-0.51953125,-0.112204728,0,-13.14999962,-140000,11.5,8000,0,0,0,0,0,0,0,0,0,0
0,-0.51953125,-0.112204728,0,-13.13000011,-140000,11.5,8000,0,0,0,0,0,0,0,0,0,0
0,-0.51953125,-0.112204728,0,-13.05000019,-140000,11.5,8000,0,0,0,0,0,0,0,0,0,0
0,-0.512109375,-0.112204728,0,-12.56000042,-140000,11.5,8000,0,0,0,0,0,0,0,0,0,0
0,-0.512109375,-0.112204728,0,-12.43999958,-140000,11.5,8000,0,0,0,0,0,0,0,0,0,0
0,-0.5046875,-0.119685039,0,-12.31999969,-140000,11.5,8000,0,0,0,0,0,0,0,0,0,0
0,-0.5046875,-0.119685039,0,-12.22999954,-140000,11.5,8000,0,0,0,0,0,0,0,0,0,0
0,-0.5046875,-0.12716535,0,-12.11999989,-140000,11.5,8000,0,0,0,0,0,0,0,0,0,0
0,-0.5046875,-0.12716535,0,-12,-140000,11.5,8000,0,0,0,0,0,0,0,0,0,0
0,-0.497265625,-0.134645676,0,-11.81999969,-140000,11.5,8000,0,0,0,0,0,0,0,0,0,0
0,-0.482421875,-0.134645676,0,-11.69999981,-140000,11.5,8000,0,0,0,0,0,0,0,0,0,0
0,-0.482421875,-0.142125987,0,-11.65999985,-140000,11.5,8000,0,0,0,0,0,0,0,0,0,0
0,-0.482421875,-0.142125987,0,-11.60999966,-140000,11.5,8000,0,0,0,0,0,0,0,0,0,0
0,-0.482421875,-0.142125987,0,-11.57999992,-140000,11.5,8000,0,0,0,0,0,0,0,0,0,0
0,-0.482421875,-0.134645676,0,-11.64000034,-140000,11.5,8000,0,0,0,0,0,0,0,0,0,0
0,-0.482421875,-0.134645676,0,-11.72999954,-140000,11.5,8000,0,0,0,0,0,0,0,0,0,0
0,-0.475,-0.119685039,0,-12.10000038,-140000,11.5,8000,0,0,0,0,0,0,0,0,0,0
0,-0.475,-0.119685039,0,-12.28999996,-140000,11.5,8000,0,0,0,0,0,0,0,0,0,0
0,-0.475,-0.119685039,0,-12.48999977,-140000,11.5,8000,0,0,0,0,0,0,0,0,0,0
0,-0.475,-0.119685039,0,-12.71000004,-140000,11.5,8000,0,0,0,0,0,0,0,0,0,0
0,-0.482421875,-0.119685039,0,-12.90999985,-140000,11.5,8000,0,0,0,0,0,0,0,0,0,0
0,-0.475,-0.119685039,0,-13.14000034,-140000,11.5,8000,0,0,0,0,0,0,0,0,0,0
0,-0.475,-0.119685039,0,-13.36999989,-140000,11.5,8000,0,0,0,0,0,0,0,0,0,0
0,-0.467578125,-0.112204728,0,-13.63000011,-140000,11.5,8000,0,0,0,0,0,0,0,0,0,0
0,-0.467578125,-0.112204728,0,-14.09000015,-140000,11.5,8000,0,0,0,0,0,0,0,0,0,0
0,-0.467578125,-0.112204728,0,-14.32999992,-140000,11.5,8000,0,0,0,0,0,0,0,0,0,0
0,-0.467578125,-0.104724409,0,-14.56999969,-140000,11.5,8000,0,0,0,0,0,0,0,0,0,0
0,-0.467578125,-0.097244098,-0.163624617,-15.02000046,-140000,11.5,8000,0,0,0,0,0,0,0,0,0,0
0,-0.437890625,0,-0.229074464,-15.89000034,-140000,11.5,8000,0,0,0,0,0,0,0,0,0,0
0,-0.43046875,0,-0.229074464,-15.94999981,-140000,11.5,8000,0,0,0,0,0,0,0,0,0,0
0,-0.43046875,0,-0.229074464,-15.96000004,-140000,11.5,8000,0,0,0,0,0,0,0,0,0,0
0,-0.423046875,0,-0.212712003,-15.89999962,-140000,11.5,8000,0,0,0,0,0,0,0,0,0,0
0,-0.408203125,0,-0.179987079,-15.89999962,-140000,11.5,8000,0,0,0,0,0,0,0,0,0,0
0,-0.408203125,0,-0.179987079,-15.77999973,-140000,11.5,8000,0,0,0,0,0,0,0,0,0,0
0,-0.37109375,0,-0.163624617,-15.57999992,-140000,11.5,8000,0,0,0,0,0,0,0,0,0,0
0,-0.296875,0,-0.147262156,-15.25,-140000,11.5,8000,0,0,0,0,0,0,0,0,0,0
0,-0.296875,0,-0.147262156,-14.81000042,-140000,11.5,8000,0,0,0,0,0,0,0,0,0,0
0,-0.1837642,0,0,-14.32999992,-140000,11.5,8000,0,0,0,0,0,0,0,0,0,0
0,-0.0746662,0,0,-13.18999958,-140000,11.5,8000,0,0,0,0,0,0,0,0,0,0
0,0,0,0,-10.90999985,-140000,11.5,8000,0,0,0,0,0,0,0,0,0,0
0,0,0,0,-9.590000153,-140000,11.5,8000,0,0,0,0,0,0,0,0,0,0
0,0,0,0,-9.590000153,-140000,11.5,8000,0,0,0,0,0,0,0,0,0,0
0,0,0,0,-8.649999619,-140000,11.5,8000,0,0,0,0,0,0,0,0,0,0
0,0,0,0,-8.300000191,-140000,11.5,8000,0,0,0,0,0,0,0,0,0,0
0,0,0,0,-8.300000191,-140000,11.5,8000,0,0,0,0,0,0,0,0,0,0
0,0,0,0,-7.989999771,-140000,11.5,8000,0,0,0,0,0,0,0,0,0,0
0,0,0,0,-7.71999979,-140000,11.5,8000,0,0,0,0,0,0,0,0,0,0
0,0,0,0,-7.5,-140000,11.5,8000,0,0,0,0,0,0,0,0,0,0
0,0,0,0,-7.239999771,-140000,11.5,8000,0,0,0,0,0,0,0,0,0,0
0,0,0,0,-7.090000153,-140000,11.5,8000,0,0,0,0,0,0,0,0,0,0
0,0,0,0,-6.920000076,-140000,11.5,8000,0,0,0,0,0,0,0,0,0,0
0,0,0,0,-6.179999828,-140000,11.5,8000,0,0,0,0,0,0,0,0,0,0
0,0,0,0,-5.820000172,-140000,11.5,8000,0,0,0,0,0,0,0,0,0,0
0,0,0,0,-5.369999886,-140000,11.5,8000,0,0,0,0,0,0,0,0,0,0
0,0,0,0,-5.369999886,-140000,11.5,8000,0,0,0,0,0,0,0,0,0,0
0,0,0,0,-4.820000172,-140000,11.5,8000,0,0,0,0,0,0,0,0,0,0
0,0,0,0,-4.230000019,-140000,11.5,8000,0,0,0,0,0,0,0,0,0,0
0,0,0,0,-2.970000029,-140000,11.5,8000,0,0,0,0,0,0,0,0,0,0
0,0,0,0,-2.420000076,-140000,11.5,8000,0,0,0,0,0,0,0,0,0,0
0,0,0,0,-1.519999981,-140000,11.5,8000,0,0,0,0,0,0,0,0,0,0
0,0,0,0,-1.159999967,-140000,11.5,8000,0,0,0,0,0,0,0,0,0,0
0,0,0,0,-0.899999976,-140000,11.5,8000,0,0,0,0,0,0,0,0,0,0
0,0,0,0,-0.75999999,-140000,11.5,8000,0,0,0,0,0,0,0,0,0,0
0,0,0,0,-0.779999971,-140000,11.5,8000,0,0,0,0,0,0,0,0,0,0
0,0,0,0,-0.889999986,-140000,11.5,8000,0,0,0,0,0,0,0,0,0,0
0,0,0,0,-1.00999999,-140000,11.5,8000,0,0,0,0,0,0,0,0,0,0
0,0,0,0,-1.059999943,-140000,11.5,8000,0,0,0,0,0,0,0,0,0,0
0,0,0,0,-1.049999952,-140000,11.5,8000,0,0,0,0,0,0,0,0,0,0
0,0,0,0,-1.019999981,-140000,11.5,8000,0,0,0,0,0,0,0,0,0,0
0,0,0,0,-1.00999999,-140000,11.5,8000,0,0,0,0,0,0,0,0,0,0
0,0,0,0,-0.970000029,-140000,11.5,8000,0,0,0,0,0,0,0,0,0,0
0,0,0,0,-0.949999988,-140000,11.5,8000,0,0,0,0,0,0,0,0,0,0
0,0,0,0,-1.00999999,-140000,11.5,8000,0,0,0,0,0,0,0,0,0,0
0,0,0,0,-1,-140000,11.5,8000,0,0,0,0,0,0,0,0,0,0
0,0,0,0,-0.970000029,-140000,11.5,8000,0,0,0,0,0,0,0,0,0,0
0,0,0,0,-0.980000019,-140000,11.5,8000,0,0,0,0,0,0,0,0,0,0
0,0,0,0,-0.970000029,-140000,11.5,8000,0,0,0,0,0,0,0,0,0,0
0,0,0,0,-0.980000019,-140000,11.5,8000,0,0,0,0,0,0,0,0,0,0
0,0,0,0,-0.970000029,-140000,11.5,8000,0,0,0,0,0,0,0,0,0,0
0,0,0,0,-0.970000029,-140000,11.5,8000,0,0,0,0,0,0,0,0,0,0
0,0,0,0,-0.980000019,-140000,11.5,8000,0,0,0,0,0,0,0,0,0,0
0,0,0,0,-0.980000019,-140000,11.5,8000,0,0,0,0,0,0,0,0,0,0
0,0,0,0,-0.970000029,-140000,11.5,8000,0,0,0,0,0,0,0,0,0,0
0,0,0,0,-0.980000019,-140000,11.5,8000,0,0,0,0,0,0,0,0,0,0
0,0,0,0,-0.99000001,-140000,11.5,8000,0,0,0,0,0,0,0,0,0,0
0,0,0,0,-0.980000019,-140000,11.5,8000,0,0,0,0,0,0,0,0,0,0
0,0,0,0,-0.980000019,-140000,11.5,8000,0,0,0,0,0,0,0,0,0,0
0,0,0,0,-0.980000019,-140000,11.5,8000,0,0,0,0,0,0,0,0,0,0
0,0,0,0,-0.99000001,-140000,11.5,8000,0,0,0,0,0,0,0,0,0,0
0,0,0,0,-0.99000001,-140000,11.5,8000,0,0,0,0,0,0,0,0,0,0
0,0,0,0,-0.99000001,-140000,11.5,8000,0,0,0,0,0,0,0,0,0,0
0,0,0,0,-0.99000001,-140000,11.5,8000,0,0,0,0,0,0,0,0,0,0
0,0,0,0,-0.99000001,-140000,11.5,8000,0,0,0,0,0,0,0,0,0,0
0,0,0,0,-0.99000001,-140000,11.5,8000,0,0,0,0,0,0,0,0,0,0
0,0,0,0,-0.99000001,-140000,11.5,8000,0,0,0,0,0,0,0,0,0,0
0,0,0,0,-0.99000001,-140000,11.5,8000,0,0,0,0,0,0,0,0,0,0
0,0,0,0,-0.99000001,-140000,11.5,8000,0,0,0,0,0,0,0,0,0,0
0,0,0,0,-0.99000001,-140000,11.5,8000,0,0,0,0,0,0,0,0,0,0
0,0,0,0,-0.99000001,-140000,11.5,8000,0,0,0,0,0,0,0,0,0,0
0,0,0,0,-0.99000001,-140000,11.5,8000,0,0,0,0,0,0,0,0,0,0
0,0,0,0,-0.99000001,-140000,11.5,8000,0,0,0,0,0,0,0,0,0,0
0,0,0,0,-0.99000001,-140000,11.5,8000,0,0,0,0,0,0,0,0,0,0
0,0,0,0,-1.00999999,-140000,11.5,8000,-0.5,0,0,0,0,0,0,0,0,0
0,0,0,0,-1.00999999,-140000,11.5,8000,-0.5,0,0,0,0,0,0,0,0,0
0,0,0,0,-1.00999999,-140000,11.5,8000,-0.5,0,0,0,0,0,0,0,0,0
0,0,0,0,-1.019999981,-140000,11.5,8000,-0.5,0,0,0,0,0,0,0,0,0
0,0,0,0,-1.019999981,-140000,11.5,8000,-0.5,0,0,0,0,0,0,0,0,0
0,0,0,0,-1.019999981,-140000,11.5,8000,-0.5,0,0,0,0,0,0,0,0,0
0,0,0,0,-1.019999981,-140000,11.5,8000,-0.5,0,0,0,0,0,0,0,0,0
0,0,0,0,-1.019999981,-140000,11.5,8000,-0.5,0,0,0,0,0,0,0,0,0
0,0,0,0,-1.00999999,-140000,11.5,8000,-0.5,0,0,0,0,0,0,0,0,0
0,0,0,0,-1.00999999,-140000,11.5,8000,-0.5,0,0,0,0,0,0,0,0,0
0,0,0,0,-1,-140000,11.5,8000,-0.5,0,0,0,0,0,0,0,0,0
0,0,0,0,-0.99000001,-140000,11.5,8000,-0.5,0,0,0,0,0,0,0,0,0
0,0,0,0,-0.99000001,-140000,11.5,8000,-0.5,0,0,0,0,0,0,0,0,0
0,0,0,0,-0.99000001,-140000,11.5,8000,-0.5,0,0,0,0,0,0,0,0,0
0,0,0,0,-0.99000001,-140000,11.5,8000,-0.5,0,0,0,0,0,0,0,0,0
0,0,0,0,-0.99000001,-140000,11.5,8000,-0.5,0,0,0,0,0,0,0,0,0
0,0,0,0.164913,-0.99000001,-140000,11.5,8000,-0.5,0,0,0,0,0,0,0,0,0
0,0,-0.089763779,0.263860799,-0.99000001,-140000,11.5,8000,-0.5,0,0,0,0,0,0,0,0,0
0,0.097244098,-0.097244098,0.362808615,-0.99000001,-140000,11.5,8000,-0.5,0,0,0,0,0,0,0,0,0
0,0.119685039,-0.12716535,0.428773814,-1.049999952,-140000,11.5,8000,0,0,0,0,0,0,0,0,0,0
0,0.12716535,-0.12716535,0.428773814,-1.090000033,-140000,11.5,8000,0,0,0,0,0,0,0,0,0,0
0,0.12716535,-0.12716535,0.428773814,-1.25,-140000,11.5,8000,0,0,0,0,0,0,0,0,0,0
0,0.134645676,-0.12716535,0.428773814,-1.559999943,-140000,11.5,8000,0,0,0,0,0,0,0,0,0,0
0,0.142125987,-0.12716535,0.412282491,-2,-140000,11.5,8000,0,0,0,0,0,0,0,0,0,0
0,0.142125987,-0.12716535,0.412282491,-2.470000029,-140000,11.5,8000,0,0,0,0,0,0,0,0,0,0
0,0.142125987,-0.134645676,0.395791199,-2.859999895,-140000,11.5,8000,0,0,0,0,0,0,0,0,0,0
0,0.142125987,-0.134645676,0.395791199,-3.50999999,-140000,11.5,8000,0,0,0,0,0,0,0,0,0,0
0,0.149606299,-0.134645676,0.379299907,-3.920000076,-140000,11.5,8000,0,0,0,0,0,0,0,0,0,0
0,0.15708661,-0.134645676,0.379299907,-4.420000076,-140000,11.5,8000,0,0,0,0,0,0,0,0,0,0
0,0.164566936,-0.134645676,0.362808615,-5.510000229,-140000,11.5,8000,0,0,0,0,0,0,0,0,0,0
0,0.164566936,-0.134645676,0.346317291,-6.119999886,2000,27.5,10,0,0,0,0,0,0,0,0,0,0
0,0.164566936,-0.164566936,0.329825999,-10.85000038,2000,27.5,10,0,0,0,0,0,0,0,0,0,0
0,0.164566936,-0.179527558,0.329825999,-11.73999977,2000,27.5,10,0,0,0,0,0,0,0,0,0,0
0,0.172047247,-0.18700787,0.313334707,-12.68000031,2000,27.5,10,0,0,0,0,0,0,0,0,0,0
0,0.172047247,-0.18700787,0.313334707,-12.68000031,2000,27.5,10,0,0,0,0,0,0,0,0,0,0
0,0.172047247,-0.18700787,0.313334707,-13.68999958,2000,27.5,10,0,0,0,0,0,0,0,0,0,0
0,0.172047247,-0.18700787,0.313334707,-14.75,2000,27.5,10,0,0,0,0,0,0,0,0,0,0
0,0.172047247,-0.18700787,0.313334707,-15.85999966,2000,27.5,10,0,0,0,0,0,0,0,0,0,0
0,0.172047247,-0.18700787,0.313334707,-16.95999908,2000,27.5,10,0,0,0,0,0,0,0,0,0,0
0,0.172047247,-0.18700787,0.313334707,-18.04000092,2000,27.5,10,0,0,0,0,0,0,0,0,0,0
0,0.172047247,-0.18700787,0.313334707,-19.11000061,2000,27.5,10,0,0,0,0,0,0,0,0,0,0
0,0.172047247,-0.18700787,0.313334707,-20.20999908,2000,27.5,10,0,0,0,0,0,0,0,0,0,0
0,0.172047247,-0.18700787,0.313334707,-21.29999924,2000,27.5,10,0,0,0,0,0,0,0,0,0,0
0,0.172047247,-0.201968507,0.313334707,-24.51000023,2000,27.5,10,0,0,0,0,0,0,0,0,0,0
0,0.172047247,-0.201968507,0.313334707,-25.56999969,2000,27.5,10,0,0,0,0,0,0,0,0,0,0
0,0.164566936,-0.209448818,0.313334707,-26.70000076,2000,27.5,10,0,0,0,0,0,0,0,0,0,0
0,0.164566936,-0.21692913,0.313334707,-27.87999916,2000,27.5,10,0,0,0,0,0,0,0,0,0,0
0,0.164566936,-0.21692913,0.313334707,-29.09000015,2000,27.5,10,0,0,0,0,0,0,0,0,0,0
0,0.164566936,-0.231889766,0.313334707,-30.29999924,2000,27.5,10,0,0,0,0,0,0,0,0,0,0
0,0.15708661,-0.246850389,0.313334707,-31.47999954,2000,27.5,10,0,0,0,0,0,0,0,0,0,0
0,0.15708661,-0.246850389,0.313334707,-33.81000137,2000,27.5,10,0,0,0,0,0,0,0,0,0,0
0,0.15708661,-0.246850389,0.313334707,-34.97999954,2000,27.5,10,0,0,0,0,0,0,0,0,0,0
0,0.15708661,-0.254330701,0.296843415,-37.38999939,2000,27.5,10,0,0,0,0,0,0,0,0,0,0
0,0.15708661,-0.261811012,0.296843415,-38.59999847,2000,27.5,10,0,0,0,0,0,0,0,0,0,0
0,0.149606299,-0.284251975,0.296843415,-43.34999847,2000,27.5,10,0,0,0,0,0,0,0,0,0,0
0,0.149606299,-0.284251975,0.296843415,-43.34999847,2000,27.5,10,0,0,0,0,0,0,0,0,0,0
0,0.149606299,-0.284251975,0.296843415,-44.52999878,2000,27.5,10,0,0,0,0,0,0,0,0,0,0
0,0.149606299,-0.284251975,0.296843415,-45.70999908,2000,27.5,10,0,0,0,0,0,0,0,0,0,0
0,0.149606299,-0.284251975,0.296843415,-46.88000107,2000,27.5,10,0,0,0,0,0,0,0,0,0,0
0,0.149606299,-0.284251975,0.296843415,-48.06000137,2000,27.5,10,0,0,0,0,0,0,0,0,0,0
0,0.149606299,-0.291732286,0.296843415,-49.25999832,2000,27.5,10,0,0,0,0,0,0,0,0,0,0
0,0.149606299,-0.291732286,0.296843415,-50.45999908,2000,27.5,10,0,0,0,0,0,0,0,0,0,0
0,0.149606299,-0.291732286,0.296843415,-52.83000183,2000,27.5,10,0,0,0,0,0,0,0,0,0,0
0,0.149606299,-0.291732286,0.296843415,-53.97999954,2000,27.5,10,0,0,0,0,0,0,0,0,0,0
0,0.142125987,-0.291732286,0.296843415,-55.11999893,2000,27.5,10,0,0,0,0,0,0,0,0,0,0
0,0.142125987,-0.291732286,0.296843415,-57.38000107,2000,27.5,10,0,0,0,0,0,0,0,0,0,0
0,0.134645676,-0.291732286,0.296843415,-62.13000107,2000,27.5,10,0,0,0,0,0,0,0,0,0,0
0,0.134645676,-0.291732286,0.296843415,-63.34999847,2000,27.5,10,0,0,0,0,0,0,0,0,0,0
0,0.134645676,-0.291732286,0.296843415,-64.58999634,2000,27.5,10,0,0,0,0,0,0,0,0,0,0
0,0.142125987,-0.291732286,0.296843415,-65.83000183,2000,27.5,10,0,0,0,0,0,0,0,0,0,0
0,0.142125987,-0.291732286,0.296843415,-67.04000092,2000,27.5,10,0,0,0,0,0,0,0,0,0,0
0,0.142125987,-0.284251975,0.296843415,-68.25,2000,27.5,10,0,0,0,0,0,0,0,0,0,0
0,0.142125987,-0.284251975,0.296843415,-68.25,2000,27.5,10,0,0,0,0,0,0,0,0,0,0
0,0.142125987,-0.284251975,0.280352091,-70.69000244,2000,27.5,10,0,0,0,0,0,0,0,0,0,0
0,0.149606299,-0.284251975,0.263860799,-71.91999817,2000,27.5,10,0,0,0,0,0,0,0,0,0,0
0,0.15708661,-0.284251975,0.247369507,-73.16000366,2000,27.5,10,0,0,0,0,0,0,0,0,0,0
0,0.164566936,-0.284251975,0.214386907,-75.66999817,2000,27.5,10,0,0,0,0,0,0,0,0,0,0
0,0.164566936,-0.276771663,0.164913,-76.90000153,2000,27.5,10,0,0,0,0,0,0,0,0,0,0
0,0.172047247,-0.276771663,0,-78.09999847,2000,27.5,10,0,0,0,0,0,0,0,0,0,0
0,0.18700787,-0.261811012,0,-82.37999725,2000,27.5,10,0,0,0,0,0,0,0,0,0,0
0,0.18700787,-0.261811012,0,-83.30000305,2000,27.5,10,0,0,0,0,0,0,0,0,0,0
0,0.194488195,-0.246850389,0,-84.13999939,2000,27.5,10,0,0,0,0,0,0,0,0,0,0
0,0.209448818,-0.224409455,0,-84.13999939,2000,27.5,10,0,0,0,0,0,0,0,0,0,0
0,0.209448818,-0.21692913,0,-84.13999939,2000,27.5,10,0,0,0,0,0,0,0,0,0,0
0,0.209448818,-0.21692913,0,-85.51999664,2000,27.5,10,0,0,0,0,0,0,0,0,0,0
0,0.21692913,-0.21692913,0,-86.08999634,2000,27.5,10,0,0,0,0,0,0,0,0,0,0
0,0.224409455,-0.21692913,0,-86.65000153,2000,27.5,10,0,0,0,0,0,0,0,0,0,0
0,0.239370078,-0.21692913,0,-87.11000061,2000,27.5,10,0,0,0,0,0,0,0,0,0,0
0,0.246850389,-0.21692913,0,-87.66999817,2000,27.5,10,0,0,0,0,0,0,0,0,0,0
0,0.254330701,-0.21692913,0,-87.94000244,2000,27.5,10,0,0,0,0,0,0,0,0,0,0
0,0.254330701,-0.21692913,0,-88.26999664,2000,27.5,10,0,0,0,0,0,0,0,0,0,0
0,0.261811012,-0.164566936,0,-90.23999786,2000,27.5,10,0,0,0,0,0,0,0,0,0,0
0,0.261811012,-0.164566936,0,-90.41999817,2000,27.5,10,0,0,0,0,0,0,0,0,0,0
0,0.261811012,-0.142125987,0,-90.83000183,2000,27.5,10,0,0,0,0,0,0,0,0,0,0
0,0.261811012,-0.142125987,0,-90.83000183,2000,27.5,10,0,0,0,0,0,0,0,0,0,0
0,0.261811012,-0.142125987,0,-91.44000244,2000,27.5,10,0,0,0,0,0,0,0,0,0,0
0,0.261811012,-0.12716535,0,-92.13999939,2000,27.5,10,0,0,0,0,0,0,0,0,0,0
0,0.261811012,-0.12716535,0,-92.73999786,2000,27.5,10,0,0,0,0,0,0,0,0,0,0
0,0.261811012,-0.104724409,0,-93.23999786,2000,27.5,10,0,0,0,0,0,0,0,0,0,0
0,0.261811012,0,0,-94.06999969,2000,27.5,10,0,0,0,0,0,0,0,0,0,0
0,0.269291352,0,0,-94.75,2000,27.5,10,0,0,0,0,0,0,0,0,0,0
0,0.269291352,0,0,-95.20999908,2000,27.5,10,0,0,0,0,0,0,0,0,0,0
0,0.269291352,0,0,-95.05999756,2000,27.5,10,0,0,0,0,0,0,0,0,0,0
0,0.276771663,0,0,-94.86000061,2000,27.5,10,0,0,0,0,0,0,0,0,0,0
0,0.269291352,0,0,-94.65000153,2000,27.5,10,0,0,0,0,0,0,0,0,0,0
0,0.269291352,0,0,-94.47000122,2000,27.5,10,0,0,0,0,0,0,0,0,0,0
0,0.261811012,0,0,-94.29000092,2000,27.5,10,0,0,0,0,0,0,0,0,0,0
0,0.269291352,0,0,-94.09999847,2000,27.5,10,0,0,0,0,0,0,0,0,0,0
0,0.269291352,0,0,-93.88999939,2000,27.5,10,0,0,0,0,0,0,0,0,0,0
0,0.261811012,0,0,-93.58999634,2000,27.5,10,0,0,0,0,0,0,0,0,0,0
0,0.261811012,0,0,-93.26000214,2000,27.5,10,0,0,0,0,0,0,0,0,0,0
0,0.254330701,0,0,-92.48000336,2000,27.5,10,0,0,0,0,0,0,0,0,0,0
0,0.254330701,0,0,-92.18000031,2000,27.5,10,0,0,0,0,0,0,0,0,0,0
0,0.254330701,0,0,-91.98999786,2000,27.5,10,0,0,0,0,0,0,0,0,0,0
0,0.254330701,0,0,-91.91999817,2000,27.5,10,0,0,0,0,0,0,0,0,0,0
0,0.261811012,0,0,-92.06999969,2000,27.5,10,0,0,0,0,0,0,0,0,0,0
0,0.261811012,0,0,-92.23999786,2000,27.5,10,0,0,0,0,0,0,0,0,0,0
0,0.261811012,0,0,-92.36000061,2000,27.5,10,0,0,0,0,0,0,0,0,0,0
0,0.269291352,0,0,-92.41000366,2000,27.5,10,0,0,0,0,0,0,0,0,0,0
0,0.269291352,0,0,-92.44999695,2000,27.5,10,0,0,0,0,0,0,0,0,0,0
0,0.269291352,0,0,-92.45999908,2000,27.5,10,0,0,0,0,0,0,0,0,0,0
0,0.276771663,0,0,-92.55999756,2000,27.5,10,0,0,0,0,0,0,0,0,0,0
0,0.276771663,0,0,-92.88999939,2000,27.5,10,0,0,0,0,0,0,0,0,0,0
0,0.276771663,0,0,-93.08000183,2000,27.5,10,0,0,0,0,0,0,0,0,0,0
0,0.276771663,0,0,-93.15000153,2000,27.5,10,0,0,0,0,0,0,0,0,0,0
0,0.276771663,0,0,-93.29000092,2000,27.5,10,0,0,0,0,0,0,0,0,0,0
0,0.284251975,0,0,-93.08000183,2000,27.5,10,0,0,0,0,0,0,0,0,0,0
0,0.284251975,0,0,-92.55000305,2000,27.5,10,0,0,0,0,0,0,0,0,0,0
0,0.284251975,0,0,-92.48999786,2000,27.5,10,0,0,0,0,0,0,0,0,0,0
0,0.284251975,0,0,-92.51999664,2000,27.5,10,0,0,0,0,0,0,0,0,0,0
0,0.284251975,0,0,-92.51999664,2000,27.5,10,0,0,0,0,0,0,0,0,0,0
0,0.284251975,0,0,-92.87000275,2000,27.5,10,0,0,0,0,0,0,0,0,0,0
0,0.284251975,0,0,-93.04000092,2000,27.5,10,0,0,0,0,0,0,0,0,0,0
0,0.284251975,0,0,-93.22000122,2000,27.5,10,0,0,0,0,0,0,0,0,0,0
0,0.284251975,0,0,-93.45999908,2000,27.5,10,0,0,0,0,0,0,0,0,0,0
0,0.276771663,0,0,-93.62999725,2000,27.5,10,0,0,0,0,0,0,0,0,0,0
0,0.269291352,0,0,-93.87000275,2000,27.5,10,0,0,0,0,0,0,0,0,0,0
0,0.269291352,0,0,-94.38999939,2000,27.5,10,0,0,0,0,0,0,0,0,0,0
0,0.269291352,0,0,-94.61000061,2000,27.5,10,0,0,0,0,0,0,0,0,0,0
0,0.269291352,0,0,-95.13999939,2000,27.5,10,0,0,0,0,0,0,0,0,0,0
0,0.269291352,0,0,-95.34999847,2000,27.5,10,0,0,0,0,0,0,0,0,0,0
0,0.269291352,0,0,-95.54000092,2000,27.5,10,0,0,0,0,0,0,0,0,0,0
0,0.269291352,0,0,-95.75,2000,27.5,10,0,0,0,0,0,0,0,0,0,0
0,0.269291352,0,0,-95.98999786,2000,27.5,10,0,0,0,0,0,0,0,0,0,0
0,0.269291352,0,0,-96.23000336,2000,27.5,10,0,0,0,0,0,0,0,0,0,0
0,0.269291352,0,0,-96.41999817,2000,27.5,10,0,0,0,0,0,0,0,0,0,0
0,0.269291352,0,0,-96.88999939,2000,27.5,10,0,0,0,0,0,0,0,0,0,0
0,0.269291352,0,0,-97.12999725,2000,27.5,10,0,0,0,0,0,0,0,0,0,0
0,0.269291352,0,0,-97.23000336,2000,27.5,10,0,0,0,0,0,0,0,0,0,0
0,0.269291352,0,0,-97.30999756,2000,27.5,10,0,0,0,0,0,0,0,0,0,0
0,0.269291352,0,0,-97.01000214,2000,27.5,10,0,0,0,0,0,0,0,0,0,0
0,0.261811012,0,0,-97.20999908,2000,27.5,10,0,0,0,0,0,0,0,0,0,0
0,0.254330701,0,0,-97.33999634,2000,27.5,10,0,0,0,0,0,0,0,0,0,0
0,0.254330701,0,0,-97.51999664,2000,27.5,10,0,0,0,0,0,0,0,0,0,0
0,0.254330701,0,0,-97.69000244,2000,27.5,10,0,0,0,0,0,0,0,0,0,0
0,0.254330701,0,0,-97.83999634,2000,27.5,10,0,0,0,0,0,0,0,0,0,0
0,0.254330701,0,0,-98.02999878,2000,27.5,10,0,0,0,0,0,0,0,0,0,0
0,0.254330701,0,0,-98.02999878,2000,27.5,10,0,0,0,0,0,0,0,0,0,0
0,0.254330701,0,0,-98.25,2000,27.5,10,0,0,0,0,0,0,0,0,0,0
0,0.254330701,0,0,-98.47000122,2000,27.5,10,0,0,0,0,0,0,0,0,0,0
0,0.254330701,0,0,-98.79000092,2000,27.5,10,0,0,0,0,0,0,0,0,0,0
0,0.254330701,0,0,-98.91999817,2000,27.5,10,0,0,0,0,0,0,0,0,0,0
0,0.254330701,0,0,-99.08999634,2000,27.5,10,0,0,0,0,0,0,0,0,0,0
0,0.224409455,0,0,-99.63999939,2000,27.5,10,0,0,0,0,0,0,0,0,0,0
0,0.224409455,0,0,-99.76000214,2000,27.5,10,0,0,0,0,0,0,0,0,0,0
0,0.21692913,0,0,-99.94000244,2000,27.5,10,0,0,0,0,0,0,0,0,0,0
0,0.21692913,0,0,-100.1699982,2000,27.5,10,0,0,0,0,0,0,0,0,0,0
0,0.194488195,0,0,-100.4100037,2000,27.5,10,0,0,0,0,0,0,0,0,0,0
0,0.194488195,0,0,-100.5899963,2000,27.5,10,0,0,0,0,0,0,0,0,0,0
0,0.142125987,0.096484375,0,-100.7399979,2000,27.5,10,0,0,0,0,0,0,0,0,0,0
0,0.089763779,0.2078125,0,-101.1100006,2000,27.5,10,0,0,0,0,0,0,0,0,0,0
0,0,0.289453125,0,-101.2900009,2000,27.5,10,0,0,0,0,0,0,0,0,0,0
0,0,0.162075225,0,-101.5400009,2000,27.5,10,0,0,0,0,0,0,0,0,0,0
0,0,0.062536125,0,-101.5899963,2000,27.5,10,0,0,0,0,0,0,0,0,0,0
0,0,0,0,-101.6299973,2000,27.5,10,0,0,0,0,0,0,0,0,0,0
