0.0,0.0,0.0,0.0,-0.0810016617178917,1.0,0.0,0.0,0.0,0.0
0.0,0.0,0.0,0.0,-0.07100334018468857,1.0,0.0,0.0,0.0,0.0
0.0,0.0,0.0,0.0,-0.07100334018468857,1.0,0.0,0.0,0.0,0.0
0.0,0.046850393526256084,0.0,0.0,-0.0810016617178917,1.0,0.0,0.0,0.0,0.0
0.0,0.05354330688714981,0.0,0.0,-0.0810016617178917,1.0,0.0,0.0,0.0,0.0
0.0,0.05354330688714981,0.0,0.0,-0.07100334018468857,1.0,0.0,0.0,0.0,0.0
0.0,0.06692913360893726,0.0,0.0,-0.07100334018468857,1.0,0.0,0.0,0.0,0.0
0.0,0.07362205013632774,0.0,0.0,-0.06100120395421982,1.0,0.0,0.0,0.0,0.0
0.0,0.08031496033072472,0.0,0.0,0.05899772793054581,1.0,0.0,0.0,0.0,0.0
0.0,0.08700787685811519,0.0,0.0,0.4189983308315277,1.0,0.0,0.0,0.0,0.0
0.0,0.09370078705251217,0.0,0.0,0.4689975678920746,1.0,0.0,0.0,0.0,0.0
0.0,0.10039370357990264,0.0,0.0,0.39899787306785583,1.0,0.0,0.0,0.0,0.0
0.0,0.10708661377429962,0.0,0.0,0.4090000092983246,1.0,0.0,0.0,0.0,0.0
0.0,0.12047244682908058,0.0,0.0,0.4090000092983246,1.0,0.0,0.0,0.0,0.0
0.0,0.1405511774122715,-0.046850393526256084,0.0,0.4189983308315277,1.0,0.0,0.0,0.0,0.0
0.0,0.15393701046705247,-0.05354330688714981,0.0,0.4489971101284027,1.0,30000.0,0.0,0.0,0.0
0.0,0.16062992066144943,-0.05354330688714981,0.0,0.42899665236473083,1.0,30000.0,0.0,0.0,0.0
0.0,0.16062992066144943,-0.05354330688714981,0.0,0.4189983308315277,1.0,30000.0,0.0,0.0,0.0
0.0,0.17401575371623038,-0.06023622341454029,0.0,0.4189983308315277,1.0,30000.0,0.0,0.0,0.0
0.0,0.18740157410502434,-0.06023622341454029,0.0,0.4389987885951996,1.0,30000.0,0.0,0.0,0.0
0.0,0.20748031735420228,-0.06023622341454029,0.0,0.45899924635887146,1.0,30000.0,0.0,0.0,0.0
0.0,0.22755904793739318,-0.06692913360893726,0.0,0.5289989709854126,1.0,0.0,0.0,0.0,0.0
0.0,0.2208661377429962,-0.06692913360893726,0.0,0.4689975678920746,1.0,0.0,0.0,0.0,0.0
0.0,0.22755904793739318,-0.06692913360893726,0.0,0.4489971101284027,1.0,0.0,0.0,0.0,0.0
0.0,0.2208661377429962,-0.06692913360893726,0.0,0.4489971101284027,1.0,0.0,0.0,0.0,0.0
0.0,0.2208661377429962,-0.06692913360893726,0.0,0.47899970412254333,1.0,0.0,0.0,0.0,0.0
0.0,0.2208661377429962,-0.06692913360893726,0.0,0.4990001618862152,1.0,0.0,0.0,0.0,0.0
0.0,0.21417322754859924,-0.06692913360893726,0.0,0.5389972925186157,1.0,0.0,0.0,0.0,0.0
0.0,0.21417322754859924,-0.07362205013632774,0.0,0.6989971399307251,1.0,0.0,0.0,0.0,0.0
0.0,0.21417322754859924,-0.07362205013632774,0.0,0.688998818397522,1.0,30000.0,0.0,0.0,0.0
0.0,0.21417322754859924,-0.07362205013632774,0.0,0.6789966821670532,1.0,30000.0,0.0,0.0,0.0
0.0,0.21417322754859924,-0.07362205013632774,0.0,0.659000039100647,1.0,30000.0,0.0,0.0,0.0
0.0,0.21417322754859924,-0.07362205013632774,0.0,0.659000039100647,1.0,30000.0,0.0,0.0,0.0
0.0,0.20748031735420228,-0.06692913360893726,0.0,0.6789966821670532,1.0,30000.0,0.0,0.0,0.0
0.0,0.20748031735420228,-0.06692913360893726,0.0,0.659000039100647,1.0,30000.0,0.0,0.0,0.0
0.0,0.20748031735420228,-0.06692913360893726,0.0,0.659000039100647,1.0,30000.0,0.0,0.0,0.0
0.0,0.20078740715980528,-0.06023622341454029,0.0,0.6189991235733032,1.0,30000.0,0.0,0.0,0.0
0.0,0.20078740715980528,-0.06023622341454029,0.0,0.659000039100647,1.0,30000.0,0.0,0.0,0.0
0.0,0.20078740715980528,-0.05354330688714981,0.0,0.9589992761611938,1.0,30000.0,0.0,0.0,0.0
0.0,0.20078740715980528,-0.05354330688714981,0.0,0.938998818397522,1.0,30000.0,0.0,0.0,0.0
0.0,0.20078740715980528,-0.05354330688714981,0.0,0.8889995813369751,1.0,30000.0,0.0,0.0,0.0
0.0,0.20078740715980528,-0.05354330688714981,0.0,0.9289966821670532,1.0,30000.0,0.0,0.0,0.0
0.0,0.20078740715980528,-0.05354330688714981,0.0,0.9289966821670532,1.0,30000.0,0.0,0.0,0.0
0.0,0.20078740715980528,-0.05354330688714981,0.0,0.938998818397522,1.0,30000.0,0.0,0.0,0.0
0.0,0.20078740715980528,-0.05354330688714981,0.0,0.9990001916885376,1.0,30000.0,0.0,0.0,0.0
0.0,0.1940944842994213,0.0,0.0,1.0889965295791626,1.0,30000.0,0.0,0.0,0.0
0.0,0.1940944842994213,0.0,0.0,1.1089969873428345,1.0,30000.0,0.0,0.0,0.0
0.0,0.18740157410502434,0.0,0.0,1.1089969873428345,1.0,30000.0,0.0,0.0,0.0
0.0,0.18740157410502434,0.0,0.0,1.0389972925186157,1.0,30000.0,0.0,0.0,0.0
0.0,0.18740157410502434,0.0,0.0,1.0489994287490845,1.0,30000.0,0.0,0.0,0.0
0.0,0.18740157410502434,0.0,0.0,1.1489979028701782,1.0,30000.0,0.0,0.0,0.0
0.0,0.18740157410502434,0.0,0.0,1.3489986658096313,1.0,30000.0,0.0,0.0,0.0
0.0,0.18740157410502434,0.0,0.0,1.4289966821670532,1.0,30000.0,0.0,0.0,0.0
0.0,0.18740157410502434,0.0,0.0,1.4889980554580688,1.0,30000.0,0.0,0.0,0.0
0.0,0.18070866391062737,0.0,0.0,1.5589977502822876,1.0,30000.0,0.0,0.0,0.0
0.0,0.17401575371623038,0.0,0.0,1.5289989709854126,1.0,30000.0,0.0,0.0,0.0
0.0,0.1673228308558464,0.0,0.0,1.5689998865127563,1.0,30000.0,0.0,0.0,0.0
0.0,0.14724410027265547,0.0,0.0,1.4990001916885376,1.0,30000.0,0.0,0.0,0.0
0.0,0.14724410027265547,0.0,0.0,1.4889980554580688,1.0,30000.0,0.0,0.0,0.0
0.0,0.13385826721787453,0.0,0.0,1.5689998865127563,1.0,30000.0,0.0,0.0,0.0
0.0,0.13385826721787453,0.0,0.0,1.66899836063385,1.0,30000.0,0.0,0.0,0.0
0.0,0.13385826721787453,0.0,0.0,1.7490001916885376,1.0,30000.0,0.0,0.0,0.0
0.0,0.13385826721787453,0.0,0.0,1.8189998865127563,1.0,30000.0,0.0,0.0,0.0
0.0,0.14724410027265547,0.0,0.0,1.8689991235733032,1.0,30000.0,0.0,0.0,0.0
0.0,0.14724410027265547,0.0,0.0,1.8489986658096313,1.0,30000.0,0.0,0.0,0.0
0.0,0.14724410027265547,0.0,0.0,1.7889972925186157,1.0,30000.0,0.0,0.0,0.0
0.0,0.14724410027265547,0.0,0.0,1.8189998865127563,1.0,30000.0,0.0,0.0,0.0
0.0,0.14724410027265547,0.0,0.0,1.8289982080459595,1.0,30000.0,0.0,0.0,0.0
0.0,0.15393701046705247,0.0,0.0,1.8589969873428345,1.0,30000.0,0.0,0.0,0.0
0.0,0.15393701046705247,0.0,0.0,1.8989979028701782,1.0,30000.0,0.0,0.0,0.0
0.0,0.15393701046705247,0.0,0.0,1.9589992761611938,1.0,30000.0,0.0,0.0,0.0
0.0,0.15393701046705247,0.0,0.0,1.9589992761611938,1.0,30000.0,0.0,0.0,0.0
0.0,0.15393701046705247,0.0,0.0,1.938998818397522,1.0,30000.0,0.0,0.0,0.0
0.0,0.15393701046705247,0.0,0.0,1.938998818397522,1.0,30000.0,0.0,0.0,0.0
0.0,0.15393701046705247,0.0,0.0,1.938998818397522,1.0,30000.0,0.0,0.0,0.0
0.0,0.15393701046705247,0.0,0.0,1.968997597694397,1.0,30000.0,0.0,0.0,0.0
0.0,0.15393701046705247,0.0,0.0,1.9789997339248657,1.0,30000.0,0.0,0.0,0.0
0.0,0.16062992066144943,0.0,0.0,1.9789997339248657,1.0,30000.0,0.0,0.0,0.0
0.0,0.16062992066144943,0.0,0.0,1.9990001916885376,1.0,30000.0,0.0,0.0,0.0
0.0,0.16062992066144943,0.0,0.0,2.108996868133545,1.0,30000.0,0.0,0.0,0.0
0.0,0.1673228308558464,0.0,0.0,2.1589999198913574,1.0,30000.0,0.0,0.0,0.0
0.0,0.1673228308558464,0.0,0.0,2.1389994621276855,1.0,30000.0,0.0,0.0,0.0
0.0,0.1673228308558464,0.0,0.0,2.128997325897217,1.0,30000.0,0.0,0.0,0.0
0.0,0.1673228308558464,0.0,0.0,2.1889986991882324,1.0,30000.0,0.0,0.0,0.0
0.0,0.1673228308558464,0.0,0.0,2.1889986991882324,1.0,30000.0,0.0,0.0,0.0
0.0,0.1673228308558464,0.0,0.0,2.288997173309326,1.0,30000.0,0.0,0.0,0.0
0.0,0.1673228308558464,0.0,0.0,2.308997631072998,1.0,30000.0,0.0,0.0,0.0
0.0,0.1673228308558464,0.0,0.0,2.348998546600342,1.0,30000.0,0.0,0.0,0.0
0.0,0.1673228308558464,0.0,0.0,2.348998546600342,1.0,30000.0,0.0,0.0,0.0
0.0,0.1673228308558464,0.0,0.0,2.318999767303467,1.0,30000.0,0.0,0.0,0.0
0.0,0.1673228308558464,0.0,0.0,2.3689990043640137,1.0,30000.0,0.0,0.0,0.0
0.0,0.1673228308558464,0.0,0.0,2.4189982414245605,1.0,30000.0,0.0,0.0,0.0
0.0,0.1673228308558464,0.0,0.0,2.528998851776123,1.0,30000.0,0.0,0.0,0.0
0.0,0.1673228308558464,0.0,0.0,2.588996410369873,1.0,30000.0,0.0,0.0,0.0
0.0,0.1673228308558464,0.0,0.0,2.598998546600342,1.0,30000.0,0.0,0.0,0.0
0.0,0.1673228308558464,0.0,0.0,2.608996868133545,1.0,30000.0,0.0,0.0,0.0
0.0,0.17401575371623038,0.0,0.0,2.628997325897217,1.0,30000.0,0.0,0.0,0.0
0.0,0.17401575371623038,0.0,0.0,2.6789965629577637,1.0,30000.0,0.0,0.0,0.0
0.0,0.17401575371623038,0.0,0.0,2.6989970207214355,1.0,30000.0,0.0,0.0,0.0
0.0,0.17401575371623038,0.0,0.0,2.808997631072998,1.0,30000.0,0.0,0.0,0.0
0.0,0.17401575371623038,0.0,0.0,2.8689990043640137,1.0,30000.0,0.0,0.0,0.0
0.0,0.17401575371623038,0.0,0.0,2.9389986991882324,1.0,30000.0,0.0,0.0,0.0
0.0,0.17401575371623038,0.0,0.0,2.9689974784851074,1.0,30000.0,0.0,0.0,0.0
0.0,0.1673228308558464,0.0,0.0,2.978999614715576,1.0,30000.0,0.0,0.0,0.0
0.0,0.17401575371623038,0.0,0.0,2.999000072479248,1.0,30000.0,0.0,0.0,0.0
0.0,0.17401575371623038,0.0,0.0,2.978999614715576,1.0,30000.0,0.0,0.0,0.0
0.0,0.17401575371623038,0.0,0.0,3.058997631072998,1.0,30000.0,0.0,0.0,0.0
0.0,0.17401575371623038,0.0,0.0,3.108996868133545,1.0,30000.0,0.0,0.0,0.0
0.0,0.17401575371623038,0.0,0.0,3.1689982414245605,1.0,30000.0,0.0,0.0,0.0
0.0,0.17401575371623038,0.0,0.0,3.228999614715576,1.0,30000.0,0.0,0.0,0.0
0.0,0.17401575371623038,0.0,0.0,3.318999767303467,1.0,30000.0,0.0,0.0,0.0
0.0,0.17401575371623038,0.0,0.0,3.298999309539795,1.0,30000.0,0.0,0.0,0.0
0.0,0.17401575371623038,0.0,0.0,3.288997173309326,1.0,30000.0,0.0,0.0,0.0
0.0,0.17401575371623038,0.0,0.0,3.278998851776123,1.0,30000.0,0.0,0.0,0.0
0.0,0.17401575371623038,0.0,0.0,3.318999767303467,1.0,30000.0,0.0,0.0,0.0
0.0,0.17401575371623038,0.0,0.0,3.378997325897217,1.0,30000.0,0.0,0.0,0.0
0.0,0.17401575371623038,0.0,0.0,3.3889994621276855,1.0,30000.0,0.0,0.0,0.0
0.0,0.17401575371623038,0.0,0.0,3.338996410369873,1.0,30000.0,0.0,0.0,0.0
0.0,0.17401575371623038,0.0,0.0,3.838996410369873,1.0,30000.0,0.0,0.0,0.0
0.0,0.17401575371623038,0.0,0.0,3.4289965629577637,1.0,30000.0,0.0,0.0,0.0
0.0,0.17401575371623038,0.0,0.0,3.628997325897217,1.0,30000.0,0.0,0.0,0.0
0.0,0.17401575371623038,0.0,0.0,3.6589999198913574,1.0,30000.0,0.0,0.0,0.0
0.0,0.17401575371623038,0.0,0.0,3.7189974784851074,1.0,30000.0,0.0,0.0,0.0
0.0,0.17401575371623038,0.0,0.0,3.7389979362487793,1.0,30000.0,0.0,0.0,0.0
0.0,0.17401575371623038,0.0,0.0,3.6989970207214355,1.0,30000.0,0.0,0.0,0.0
0.0,0.17401575371623038,0.0,0.0,3.7089991569519043,1.0,30000.0,0.0,0.0,0.0
0.0,0.1673228308558464,0.0,0.0,3.758998394012451,1.0,30000.0,0.0,0.0,0.0
0.0,0.1673228308558464,0.0,0.0,3.6989970207214355,1.0,30000.0,0.0,0.0,0.0
0.0,0.1673228308558464,0.0,0.0,3.9489970207214355,1.0,30000.0,0.0,0.0,0.0
0.0,0.1673228308558464,0.0,0.0,4.038997173309326,1.0,30000.0,0.0,0.0,0.0
0.0,0.1673228308558464,0.0,0.0,4.028998851776123,1.0,30000.0,0.0,0.0,0.0
0.0,0.1673228308558464,0.0,0.0,4.048999309539795,1.0,30000.0,0.0,0.0,0.0
0.0,0.1673228308558464,0.0,0.0,4.088996410369873,1.0,30000.0,0.0,0.0,0.0
0.0,0.1673228308558464,0.0,0.0,4.058997631072998,1.0,30000.0,0.0,0.0,0.0
0.0,0.1673228308558464,0.0,0.0,4.068999767303467,1.0,30000.0,0.0,0.0,0.0
0.0,0.1673228308558464,0.0,0.0,4.088996410369873,1.0,30000.0,0.0,0.0,0.0
0.0,0.1673228308558464,0.0,0.0,4.228999614715576,1.0,30000.0,0.0,0.0,0.0
0.0,0.1673228308558464,0.0,0.0,4.278998851776123,1.0,30000.0,0.0,0.0,0.0
0.0,0.1673228308558464,0.0,0.0,4.288997173309326,1.0,30000.0,0.0,0.0,0.0
0.0,0.1673228308558464,0.0,0.0,4.288997173309326,1.0,30000.0,0.0,0.0,0.0
0.0,0.15393701046705247,0.0,0.0,4.249000072479248,1.0,30000.0,0.0,0.0,0.0
0.0,0.09370078705251217,0.0,0.0,4.288997173309326,1.0,30000.0,0.0,0.0,0.0
0.0,0.06692913360893726,0.0,0.0,4.358996868133545,1.0,30000.0,0.0,0.0,0.0
0.0,0.06692913360893726,0.0,0.0,4.368999004364014,1.0,30000.0,0.0,0.0,0.0
0.0,0.06692913360893726,0.0,0.0,4.368999004364014,1.0,30000.0,0.0,0.0,0.0
0.0,0.046850393526256084,0.0,0.0,4.398997783660889,1.0,30000.0,0.0,0.0,0.0
0.0,0.046850393526256084,0.0,0.0,4.468997478485107,1.0,30000.0,0.0,0.0,0.0
0.0,0.0,0.0,0.0,4.558997631072998,1.0,30000.0,0.0,0.0,0.0
0.0,0.0,0.0,0.0,4.57899808883667,1.0,30000.0,0.0,0.0,0.0
0.0,0.0,0.0,0.0,4.608996868133545,1.0,30000.0,0.0,0.0,0.0
0.0,0.0,0.0,0.0,4.598998546600342,1.0,30000.0,0.0,0.0,0.0
0.0,0.0,0.0,0.0,4.608996868133545,1.0,30000.0,0.0,0.0,0.0
0.0,0.0,0.0,0.0,4.598998546600342,1.0,30000.0,0.0,0.0,0.0
0.0,0.0,0.0,0.0,4.598998546600342,1.0,30000.0,0.0,0.0,0.0
0.0,0.0,0.0,0.0,4.558997631072998,1.0,30000.0,0.0,0.0,0.0
0.0,0.0,0.0,0.0,4.558997631072998,1.0,30000.0,0.0,0.0,0.0
0.0,0.0,0.0,0.0,4.568999767303467,1.0,30000.0,0.0,0.0,0.0
0.0,0.0,0.0,0.0,4.608996868133545,1.0,30000.0,0.0,0.0,0.0
0.0,0.0,0.0,0.0,4.608996868133545,1.0,30000.0,7501.0,7500.0,0.0
0.0,0.0,0.0,0.0,4.57899808883667,1.0,30000.0,7501.0,7500.0,0.0
0.0,0.0,0.0,0.0,4.57899808883667,1.0,30000.0,7501.0,7500.0,0.0
0.0,0.0,0.0,0.0,4.57899808883667,1.0,30000.0,7501.0,7500.0,0.0
0.0,0.0,0.0,0.0,4.57899808883667,1.0,30000.0,7501.0,7500.0,0.0
0.0,0.0,0.0,0.0,4.57899808883667,1.0,30000.0,7501.0,7500.0,0.0
0.0,0.0,0.0,0.0,4.57899808883667,1.0,30000.0,7501.0,7500.0,0.0
0.0,0.0,0.0,0.0,4.568999767303467,1.0,30000.0,7501.0,7500.0,0.0
0.0,0.0,0.0,0.0,4.568999767303467,1.0,30000.0,7501.0,7500.0,0.0
0.0,0.0,0.0,0.0,4.57899808883667,1.0,30000.0,7501.0,7500.0,0.0
0.0,0.0,0.0,0.0,4.57899808883667,1.0,30000.0,7501.0,7500.0,0.0
0.0,0.0,0.0,0.0,4.568999767303467,1.0,30000.0,7501.0,7500.0,0.0
0.0,0.0,0.0,0.0,4.568999767303467,1.0,30000.0,7501.0,7500.0,0.0
0.0,0.0,0.0,0.0,4.568999767303467,1.0,30000.0,7501.0,7500.0,0.0
0.0,0.0,0.0,0.0,4.568999767303467,1.0,30000.0,7501.0,7500.0,0.0
0.0,0.0,0.0,0.0,4.568999767303467,1.0,30000.0,7501.0,7500.0,0.0
0.0,0.0,0.0,0.0,4.568999767303467,1.0,30000.0,7501.0,7500.0,0.0
0.0,0.0,0.0,0.0,4.558997631072998,1.0,30000.0,7501.0,7500.0,0.0
0.0,0.0,0.0,0.0,4.558997631072998,1.0,30000.0,7501.0,7500.0,0.0
0.0,0.0,0.0,0.0,4.558997631072998,1.0,30000.0,7501.0,7500.0,0.0
0.0,0.0,0.0,0.0,4.558997631072998,1.0,30000.0,7501.0,7500.0,0.0
0.0,0.0,0.0,0.0,4.558997631072998,1.0,30000.0,7501.0,7500.0,0.0
0.0,0.0,0.0,0.0,4.558997631072998,1.0,30000.0,7501.0,7500.0,0.0
0.0,0.0,0.0,0.0,4.558997631072998,1.0,30000.0,7501.0,7500.0,0.0
0.0,0.0,0.0,0.0,4.558997631072998,1.0,30000.0,7501.0,7500.0,0.0
0.0,0.0,0.0,0.0,4.568999767303467,1.0,30000.0,7501.0,7500.0,0.0
0.0,0.0,0.0,0.0,4.558997631072998,1.0,30000.0,7501.0,7500.0,0.0
1.0,0.0,0.0,0.0,4.568999767303467,1.0,30000.0,7501.0,7500.0,0.0
1.0,0.0,0.0,0.0,4.558997631072998,1.0,30000.0,7501.0,7500.0,0.0
1.0,0.0,0.0,0.0,4.558997631072998,1.0,0.0,7501.0,7500.0,0.0
1.0,0.0,0.0,0.0,4.558997631072998,1.0,0.0,7501.0,7500.0,0.0
0.0,-0.046484375,0.0,0.0,4.568999767303467,1.0,0.0,7501.0,7500.0,0.0
0.0,-0.059765624999999996,0.0,0.0,4.558997631072998,1.0,0.0,7501.0,7500.0,0.0
0.0,-0.06640625,0.0,0.0,4.558997631072998,1.0,0.0,7501.0,7500.0,0.0
0.0,-0.06640625,0.0,0.0,4.558997631072998,1.0,0.0,7501.0,7500.0,0.0
0.0,-0.06640625,0.0,0.0,4.558997631072998,1.0,0.0,7501.0,7500.0,0.0
0.0,-0.06640625,0.0,0.0,4.558997631072998,1.0,0.0,7501.0,7500.0,0.0
0.0,-0.06640625,0.0,0.0,4.558997631072998,1.0,0.0,7501.0,7500.0,0.0
0.0,-0.06640625,0.0,0.0,4.558997631072998,1.0,0.0,7501.0,7500.0,0.0
0.0,-0.06640625,0.0,0.0,4.598998546600342,1.0,0.0,7501.0,7500.0,0.0
0.0,-0.06640625,0.0,0.0,4.57899808883667,1.0,0.0,7501.0,7500.0,0.0
0.0,-0.06640625,0.0,0.0,4.57899808883667,1.0,0.0,7501.0,7500.0,0.0
0.0,-0.06640625,0.0,0.0,4.568999767303467,1.0,0.0,7501.0,7500.0,0.3
0.0,-0.06640625,0.0,0.0,4.538997173309326,1.0,0.0,7501.0,7500.0,0.3
0.0,-0.06640625,0.0,0.0,4.548999309539795,1.0,0.0,7501.0,7500.0,0.3
0.0,-0.06640625,0.0,0.0,4.538997173309326,1.0,0.0,7501.0,7500.0,0.3
0.0,-0.06640625,0.0,0.0,4.538997173309326,1.0,0.0,7501.0,7500.0,0.3
0.0,-0.06640625,0.0,0.0,4.528998851776123,1.0,0.0,7501.0,7500.0,0.3
0.0,-0.06640625,0.0,0.0,4.508998394012451,1.0,0.0,7501.0,7500.0,0.3
0.0,-0.06640625,0.0,0.0,4.499000072479248,1.0,0.0,7501.0,7500.0,0.3
0.0,-0.059765624999999996,0.0,0.0,4.488997936248779,1.0,0.0,7501.0,7500.0,0.0
0.0,-0.059765624999999996,0.0,0.0,4.488997936248779,1.0,0.0,7501.0,7500.0,0.0
0.0,-0.053125,0.0,0.0,4.468997478485107,1.0,0.0,7501.0,7500.0,0.0
0.0,-0.053125,0.0,0.0,4.468997478485107,1.0,0.0,7501.0,7500.0,0.0
0.0,-0.053125,0.0,0.0,4.4489970207214355,1.0,0.0,7501.0,7500.0,0.0
0.0,-0.053125,0.0,0.0,4.428996562957764,1.0,0.0,7501.0,7500.0,0.0
0.0,-0.053125,0.0,0.0,4.4189982414245605,1.0,0.0,7501.0,7500.0,0.0
0.0,-0.053125,0.0,0.0,4.408999919891357,1.0,0.0,7501.0,7500.0,0.0
0.0,-0.053125,0.0,0.0,4.408999919891357,1.0,0.0,7501.0,7500.0,0.0
0.0,-0.053125,0.0,0.0,4.408999919891357,1.0,0.0,7501.0,7500.0,0.0
0.0,-0.053125,0.0,0.0,4.3889994621276855,1.0,0.0,7501.0,7500.0,0.0
0.0,-0.059765624999999996,0.0,0.0,4.508998394012451,1.0,0.0,7501.0,7500.0,0.0
0.0,-0.059765624999999996,0.0,0.00,0.0,7501.0,7500.0,0.0
0.0,-0.059765624999999996,0.0,0.0,4.368999004364014,1.0,0.0,7501.0,7500.0,0
0.0,-0.059765624999999996,0.0,0.0,4.428996562957764,1.0,0.0,7501.0,7500.0,0
0.0,-0.059765624999999996,0.0,0.0,4.3889994621276855,1.0,0.0,7501.0,7500.0,0
0.0,-0.059765624999999996,0.0,0.0,4.3889994621276855,1.0,0.0,7501.0,7500.0,0
0.0,-0.06640625,0.0,0.0,4.398997783660889,1.0,0.0,7501.0,7500.0,0
0.0,-0.06640625,0.0,0.0,4.3889994621276855,1.0,0.0,7501.0,7500.0,0
0.0,-0.06640625,0.0,0.0,4.378997325897217,1.0,0.0,7501.0,7500.0,0
0.0,-0.06640625,0.0,0.0,4.378997325897217,1.0,0.0,7501.0,7500.0,0
0.0,-0.06640625,0.0,0.0,4.368999004364014,1.0,0.0,7501.0,7500.0,0
0.0,-0.06640625,0.0,0.0,4.368999004364014,1.0,0.0,7501.0,7500.0,0
0.0,-0.06640625,0.0,0.0,4.358996868133545,1.0,0.0,7501.0,7500.0,0
0.0,-0.06640625,0.0,0.0,4.348998546600342,1.0,0.0,7501.0,7500.0,0
0.0,-0.06640625,0.0,0.0,4.358996868133545,1.0,0.0,7501.0,7500.0,0
0.0,-0.06640625,0.0,0.0,4.348998546600342,1.0,0.0,7501.0,7500.0,0
0.0,-0.06640625,0.0,0.0,4.358996868133545,1.0,0.0,7501.0,7500.0,0
0.0,-0.073046875,0.0,0.0,4.348998546600342,1.0,0.0,7501.0,7500.0,0
0.0,-0.0796875,0.0,0.0,4.338996410369873,1.0,0.0,7501.0,7500.0,0
0.0,-0.08632812499999999,0.0,0.0,4.308997631072998,1.0,0.0,7501.0,7500.0,0
0.0,-0.08632812499999999,0.0,0.0,4.298999309539795,1.0,0.0,7501.0,7500.0,0
0.0,-0.08632812499999999,0.0,0.0,4.298999309539795,1.0,0.0,7501.0,7500.0,0
0.0,-0.08632812499999999,0.0,0.0,4.288997173309326,1.0,0.0,7501.0,7500.0,0
0.0,-0.08632812499999999,0.0,0.0,4.298999309539795,1.0,0.0,7501.0,7500.0,0
0.0,-0.09296875,0.0,0.0,4.308997631072998,1.0,0.0,7501.0,7500.0,0
0.0,-0.09296875,0.0,0.0,4.278998851776123,1.0,0.0,7501.0,7500.0,0
0.0,-0.09296875,0.0,0.0,4.278998851776123,1.0,0.0,7501.0,7500.0,0
0.0,-0.09296875,0.0,0.0,4.258998394012451,1.0,0.0,7501.0,7500.0,0
0.0,-0.09296875,0.0,0.0,4.238997936248779,1.0,0.0,7501.0,7500.0,0
0.0,-0.09296875,0.0,0.0,4.228999614715576,1.0,0.0,7501.0,7500.0,0
0.0,-0.09296875,0.0,0.0,4.1989970207214355,1.0,0.0,7501.0,7500.0,0
0.0,-0.09296875,0.0,0.0,4.188998699188232,1.0,0.0,7501.0,7500.0,0.3
0.0,-0.09296875,0.0,0.0,4.188998699188232,1.0,0.0,7501.0,7500.0,0.3
0.0,-0.08632812499999999,0.0,0.0,4.188998699188232,1.0,0.0,7501.0,7500.0,0.3
0.0,-0.073046875,0.0,0.0,4.208999156951904,1.0,0.0,7501.0,7500.0,0.3
0.0,-0.073046875,0.0,0.0,4.208999156951904,1.0,0.0,7501.0,7500.0,0.3
0.0,-0.073046875,0.0,0.0,4.208999156951904,1.0,0.0,7501.0,7500.0,0.3
0.0,-0.073046875,0.0,0.0,4.208999156951904,1.0,0.0,7501.0,7500.0,0.3
0.0,-0.073046875,0.0,0.0,4.208999156951904,1.0,0.0,7501.0,7500.0,0.3
0.0,-0.073046875,0.0,0.0,4.1989970207214355,1.0,0.0,7501.0,7500.0,0.3
0.0,-0.046484375,0.0,0.0,4.158999919891357,1.0,0.0,7501.0,7500.0,0.3
0.0,-0.046484375,0.0,0.0,4.158999919891357,1.0,0.0,7501.0,7500.0,0.3
0.0,0.0,0.0,0.0,4.1689982414245605,1.0,0.0,7501.0,7500.0,0.3
0.0,0.0,0.0,0.0,4.1689982414245605,1.0,0.0,7501.0,7500.0,0.3
0.0,0.0,0.0,0.0,4.178996562957764,1.0,0.0,7501.0,7500.0,0.3
0.0,0.0,0.0,0.0,4.178996562957764,1.0,0.0,7501.0,7500.0,0.3
0.0,0.0,0.0,0.0,4.1689982414245605,1.0,0.0,7501.0,7500.0,0.3
0.0,0.0,0.0,0.0,4.158999919891357,1.0,0.0,7501.0,7500.0,0.3
0.0,0.0,0.0,0.0,4.148997783660889,1.0,0.0,7501.0,7500.0,0.3
0.0,0.0,0.0,0.0,4.1389994621276855,1.0,0.0,7501.0,7500.0,0.3
0.0,0.0,0.0,0.0,4.1389994621276855,1.0,0.0,7501.0,7500.0,0.3
0.0,0.0,0.0,0.0,4.128997325897217,1.0,0.0,7501.0,7500.0,0.3
0.0,0.0,0.0,0.0,4.118999004364014,1.0,0.0,7501.0,7500.0,0.3
0.0,0.0,0.0,0.0,4.118999004364014,1.0,0.0,7501.0,7500.0,0.3
0.0,0.0,0.0,0.0,4.128997325897217,1.0,0.0,7501.0,7500.0,0.3
0.0,0.0,0.0,0.0,4.118999004364014,1.0,0.0,7501.0,7500.0,0.3
0.0,0.0,0.0,0.0,4.118999004364014,1.0,0.0,7501.0,7500.0,0.3
0.0,0.0,0.0,0.0,4.108996868133545,1.0,0.0,7501.0,7500.0,0.3
0.0,0.0,0.0,0.0,4.118999004364014,1.0,0.0,7501.0,7500.0,0.3
0.0,0.0,0.0,0.0,4.108996868133545,1.0,0.0,7501.0,7500.0,0.3
0.0,0.0,0.0,0.0,4.098998546600342,1.0,0.0,7501.0,7500.0,0.3
0.0,0.0,0.0,0.0,4.098998546600342,1.0,0.0,7501.0,7500.0,0.3
0.0,0.0,0.0,0.0,4.098998546600342,1.0,0.0,7501.0,7500.0,0.3
0.0,0.0,0.0,0.0,4.098998546600342,1.0,0.0,7501.0,7500.0,0.3
0.0,0.0,0.0,0.0,4.108996868133545,1.0,0.0,7501.0,7500.0,0.3
0.0,0.0,0.0,0.0,4.108996868133545,1.0,0.0,7501.0,7500.0,0.3
0.0,0.0,0.0,0.0,4.108996868133545,1.0,0.0,7501.0,7500.0,0.3
0.0,0.0,0.0,0.0,4.108996868133545,1.0,0.0,7501.0,7500.0,0.3
0.0,0.0,0.0,0.0,4.098998546600342,1.0,0.0,7501.0,7500.0,0.3
0.0,0.0,0.0,0.0,4.088996410369873,1.0,0.0,7501.0,7500.0,0.3
0.0,0.0,0.0,0.0,4.208999156951904,1.0,0.0,7501.0,7500.0,0.3
0.0,0.0,0.0,0.0,4.088996410369873,1.0,0.0,7501.0,7500.0,0.3
0.0,0.0,0.0,0.0,4.07899808883667,1.0,0.0,7501.0,7500.0,0.3
0.0,0.0,0.0,0.0,4.118999004364014,1.0,0.0,7501.0,7500.0,0.3
0.0,0.0,0.0,0.0,4.1389994621276855,1.0,0.0,7501.0,7500.0,0.3
0.0,0.0,0.0,0.0,4.128997325897217,1.0,0.0,7501.0,7500.0,0.3
0.0,0.0,0.0,0.0,4.128997325897217,1.0,0.0,7501.0,7500.0,0.3
0.0,0.0,0.0,0.0,4.128997325897217,1.0,0.0,7501.0,7500.0,0.3
0.0,0.0,0.0,0.0,4.128997325897217,1.0,0.0,7501.0,7500.0,0.3
0.0,0.0,0.0,0.0,4.128997325897217,1.0,0.0,7501.0,7500.0,0.3
0.0,0.0,0.0,0.0,4.128997325897217,1.0,0.0,7501.0,7500.0,0.3
0.0,0.0,0.0,0.0,4.128997325897217,1.0,0.0,7501.0,7500.0,0.3
0.0,0.0,0.0,0.0,4.128997325897217,1.0,0.0,7501.0,7500.0,0.3
0.0,0.0,0.0,0.0,4.128997325897217,1.0,0.0,7501.0,7500.0,0.3
0.0,0.0,0.0,0.0,4.1389994621276855,1.0,0.0,7501.0,7500.0,0.3
0.0,0.0,0.0,0.0,4.128997325897217,1.0,0.0,7501.0,7500.0,0.3
0.0,0.0,0.0,0.0,4.128997325897217,1.0,0.0,7501.0,7500.0,0.3
0.0,0.0,0.0,0.0,4.128997325897217,1.0,0.0,7501.0,7500.0,0.3
0.0,0.0,0.0,0.0,4.1389994621276855,1.0,0.0,7501.0,7500.0,0.3
0.0,0.0,0.0,0.0,4.128997325897217,1.0,0.0,7501.0,7500.0,0.3
0.0,0.0,0.0,0.0,4.128997325897217,1.0,0.0,7501.0,7500.0,0.3
0.0,0.0,0.0,0.0,4.1389994621276855,1.0,0.0,7501.0,7500.0,0.3
0.0,0.0,0.0,0.0,4.128997325897217,1.0,0.0,7501.0,7500.0,0.3
0.0,0.0,0.0,0.0,4.1389994621276855,1.0,0.0,7501.0,7500.0,0.3
0.0,0.0,0.0,0.0,4.128997325897217,1.0,0.0,7501.0,7500.0,0.3
0.0,0.0,0.0,0.0,4.128997325897217,1.0,0.0,7501.0,7500.0,0.3
0.0,0.0,0.0,0.0,4.1389994621276855,1.0,0.0,7501.0,7500.0,0.3
0.0,0.0,0.0,0.0,4.1389994621276855,1.0,0.0,7501.0,7500.0,0.3
0.0,0.0,0.0,0.0,4.1389994621276855,1.0,0.0,7501.0,7500.0,0.3
0.0,0.0,0.0,0.0,4.128997325897217,1.0,0.0,7501.0,7500.0,0.3
0.0,0.0,0.0,0.0,4.1389994621276855,1.0,0.0,7501.0,7500.0,0.3
0.0,0.0,0.0,0.0,4.1389994621276855,1.0,0.0,7501.0,7500.0,0.3
0.0,0.0,0.0,0.0,4.128997325897217,1.0,0.0,7501.0,7500.0,0.3
0.0,0.0,0.0,0.0,4.128997325897217,1.0,0.0,7501.0,7500.0,0.3
0.0,0.0,0.0,0.0,4.128997325897217,1.0,0.0,7501.0,7500.0,0.3
0.0,0.0,0.0,0.0,4.128997325897217,1.0,0.0,7501.0,7500.0,0.3
0.0,0.0,0.0,0.0,4.128997325897217,1.0,0.0,7501.0,7500.0,0.3
0.0,0.0,0.0,0.0,4.128997325897217,1.0,0.0,7501.0,7500.0,0.3
0.0,0.0,0.0,0.0,4.1389994621276855,1.0,0.0,7501.0,7500.0,0.3
0.0,0.0,0.0,0.0,4.1389994621276855,1.0,0.0,7501.0,7500.0,0.3
0.0,0.0,0.0,0.0,4.128997325897217,1.0,0.0,7501.0,7500.0,0.3
0.0,0.0,0.0,0.0,4.1389994621276855,1.0,0.0,7501.0,7500.0,0.3
0.0,0.0,0.0,0.0,4.128997325897217,1.0,0.0,7501.0,7500.0,0.3
0.0,0.0,0.0,0.0,4.128997325897217,1.0,0.0,7501.0,7500.0,0.3
0.0,0.0,0.0,0.0,4.128997325897217,1.0,0.0,7501.0,7500.0,0.3
0.0,0.0,0.0,0.0,4.128997325897217,1.0,0.0,7501.0,7500.0,0.3
0.0,0.0,0.0,0.0,4.128997325897217,1.0,0.0,7501.0,7500.0,0.3
0.0,0.0,0.0,0.0,4.128997325897217,1.0,0.0,7501.0,7500.0,0.3
0.0,0.0,0.0,0.0,4.1389994621276855,1.0,0.0,7501.0,7500.0,0.3
0.0,0.0,0.0,0.0,4.128997325897217,1.0,0.0,7501.0,7500.0,0.3
0.0,0.0,0.0,0.0,4.128997325897217,1.0,0.0,7501.0,7500.0,0.3
0.0,0.0,0.0,0.0,4.128997325897217,1.0,0.0,7501.0,7500.0,0.3
0.0,0.0,0.0,0.0,4.128997325897217,1.0,0.0,7501.0,7500.0,0.3
0.0,0.0,0.0,0.0,4.128997325897217,1.0,0.0,7501.0,7500.0,0.3
0.0,0.0,0.0,0.0,4.128997325897217,1.0,0.0,7501.0,7500.0,0.3
0.0,0.0,0.0,0.0,4.128997325897217,1.0,0.0,7501.0,7500.0,0.3
0.0,0.0,0.0,0.0,4.128997325897217,1.0,0.0,7501.0,7500.0,0.3
0.0,0.0,0.0,0.0,4.128997325897217,1.0,0.0,7501.0,7500.0,0.3
0.0,0.0,0.0,0.0,4.128997325897217,1.0,0.0,7501.0,7500.0,0.3
0.0,0.0,0.0,0.0,4.128997325897217,1.0,0.0,7501.0,7500.0,0.3
0.0,0.0,0.0,0.0,4.128997325897217,1.0,0.0,7501.0,7500.0,0.3
0.0,0.0,0.0,0.0,4.128997325897217,1.0,0.0,7501.0,7500.0,0.3
0.0,0.0,0.0,0.0,4.128997325897217,1.0,0.0,7501.0,7500.0,0.3
0.0,0.0,0.0,0.0,4.128997325897217,1.0,0.0,7501.0,7500.0,0.3
0.0,0.0,0.0,0.0,4.128997325897217,1.0,0.0,7501.0,7500.0,0.3
0.0,0.0,0.0,0.0,4.128997325897217,1.0,0.0,7501.0,7500.0,0.3
0.0,0.0,0.0,0.0,4.128997325897217,1.0,0.0,7501.0,7500.0,0.3
0.0,0.0,0.0,0.0,4.128997325897217,1.0,0.0,7501.0,7500.0,0.3
0.0,0.0,0.0,0.0,4.128997325897217,1.0,0.0,7501.0,7500.0,0.3
0.0,0.0,0.0,0.0,4.128997325897217,1.0,0.0,7501.0,7500.0,0.3
0.0,0.0,0.0,0.0,4.128997325897217,1.0,0.0,7501.0,7500.0,0.3
0.0,0.0,0.0,0.0,4.128997325897217,1.0,0.0,7501.0,7500.0,0.3
0.0,0.0,0.0,0.0,4.128997325897217,1.0,0.0,7501.0,7500.0,0.3
0.0,0.0,0.0,0.0,4.128997325897217,1.0,0.0,7501.0,7500.0,0.3
0.0,0.0,0.0,0.0,4.128997325897217,1.0,0.0,7501.0,7500.0,0.3
0.0,0.0,0.0,0.0,4.128997325897217,1.0,0.0,7501.0,7500.0,0.3
0.0,0.0,0.0,0.0,4.128997325897217,1.0,0.0,7501.0,7500.0,0.3
0.0,0.0,0.0,0.0,4.128997325897217,1.0,0.0,7501.0,7500.0,0.3
0.0,0.0,0.0,0.0,4.128997325897217,1.0,0.0,7501.0,7500.0,0.3
0.0,0.0,0.0,0.0,4.128997325897217,1.0,0.0,7501.0,7500.0,0.3
0.0,0.0,-0.06,0.0,4.128997325897217,1.0,0.0,7501.0,7500.0,0.3
0.0,0.0,-0.06,0.0,4.128997325897217,1.0,0.0,7501.0,7500.0,0.3
0.0,0.0,-0.06,0.0,4.128997325897217,1.0,0.0,7501.0,7500.0,0.3
0.0,0.0,-0.06,0.0,4.128997325897217,1.0,0.0,7501.0,7500.0,0.3
0.0,0.0,-0.06,0.0,4.128997325897217,1.0,0.0,7501.0,7500.0,0.3
0.0,0.0,-0.06,0.0,4.128997325897217,1.0,0.0,7501.0,7500.0,0.3
0.0,0.0,-0.06,0.0,4.128997325897217,1.0,0.0,7501.0,7500.0,0.3
0.0,0.0,-0.06,0.0,4.128997325897217,1.0,0.0,7501.0,7500.0,0.3
0.0,0.0,-0.06,0.0,4.128997325897217,1.0,0.0,7501.0,7500.0,0.3
0.0,0.0,-0.06,0.0,4.128997325897217,1.0,0.0,7501.0,7500.0,0.3
0.0,0.0,-0.06,0.0,4.128997325897217,1.0,0.0,7501.0,7500.0,0.3
0.0,0.0,-0.06,0.0,4.128997325897217,1.0,0.0,7501.0,7500.0,0.3
0.0,0.0,-0.06,0.0,4.128997325897217,1.0,0.0,7501.0,7500.0,0.3
0.0,0.0,-0.06,0.0,4.128997325897217,1.0,0.0,7501.0,7500.0,0.3
0.0,0.0,-0.06,0.0,4.128997325897217,1.0,0.0,7501.0,7500.0,0.3
0.0,0.0,-0.06,0.0,4.128997325897217,1.0,0.0,7501.0,7500.0,0.3
0.0,0.0,-0.06,0.0,4.128997325897217,1.0,0.0,7501.0,7500.0,0.3
0.0,0.0,-0.06,0.0,4.128997325897217,1.0,0.0,7501.0,7500.0,0.3
0.0,0.0,-0.06,0.0,4.128997325897217,1.0,0.0,7501.0,7500.0,0.3
0.0,0.0,-0.06,0.0,4.128997325897217,1.0,0.0,7501.0,7500.0,0.3
0.0,0.0,-0.06,0.0,4.128997325897217,1.0,0.0,7501.0,7500.0,0.3
0.0,0.0,-0.06,0.0,4.128997325897217,1.0,0.0,7501.0,7500.0,0.3
0.0,0.0,-0.06,0.0,4.128997325897217,1.0,0.0,7501.0,7500.0,0.3
0.0,0.0,-0.06,0.0,4.128997325897217,1.0,0.0,7501.0,7500.0,0.3
0.0,0.0,-0.06,0.0,4.128997325897217,1.0,0.0,7501.0,7500.0,0.3
0.0,0.0,-0.06,0.0,4.128997325897217,1.0,0.0,7501.0,7500.0,0.3
0.0,0.0,-0.06,0.0,4.128997325897217,1.0,0.0,7501.0,7500.0,0.3
0.0,0.0,-0.06,0.0,4.128997325897217,1.0,0.0,7501.0,7500.0,0.3
0.0,0.0,-0.06,0.0,4.128997325897217,1.0,0.0,7501.0,7500.0,0.3
0.0,0.0,-0.06,0.0,4.128997325897217,1.0,0.0,7501.0,7500.0,0.3
0.0,0.0,-0.06,0.0,4.128997325897217,1.0,0.0,7501.0,7500.0,0.3
0.0,0.0,-0.06,0.0,4.128997325897217,1.0,0.0,7501.0,7500.0,0.3
0.0,0.0,-0.06,0.0,4.128997325897217,1.0,0.0,7501.0,7500.0,0.3
0.0,0.0,-0.06,0.0,4.128997325897217,1.0,0.0,7501.0,7500.0,0.3
0.0,0.0,-0.06,0.0,4.128997325897217,1.0,0.0,7501.0,7500.0,0.3
0.0,0.0,-0.06,0.0,4.128997325897217,1.0,0.0,7501.0,7500.0,0.3
0.0,0.0,-0.06,0.0,4.128997325897217,1.0,0.0,7501.0,7500.0,0.3
0.0,0.0,-0.06,0.0,4.128997325897217,1.0,0.0,7501.0,7500.0,0.3
0.0,0.0,-0.06,0.0,4.128997325897217,1.0,0.0,7501.0,7500.0,0.3
0.0,0.0,-0.06,0.0,4.128997325897217,1.0,0.0,7501.0,7500.0,0.3
0.0,0.0,-0.06,0.0,4.128997325897217,1.0,0.0,7501.0,7500.0,0.3
0.0,0.0,-0.06,0.0,4.128997325897217,1.0,0.0,7501.0,7500.0,0.3
0.0,0.0,-0.06,0.0,4.128997325897217,1.0,0.0,7501.0,7500.0,0.3
0.0,0.0,-0.06,0.0,4.128997325897217,1.0,0.0,7501.0,7500.0,0.3
0.0,0.0,-0.06,0.0,4.128997325897217,1.0,0.0,7501.0,7500.0,0.3
0.0,0.0,-0.06,0.0,4.128997325897217,1.0,0.0,7501.0,7500.0,0.3
0.0,0.0,-0.06,0.0,4.128997325897217,1.0,0.0,7501.0,7500.0,0.3
0.0,0.0,-0.06,0.0,4.128997325897217,1.0,0.0,7501.0,7500.0,0.3
0.0,0.0,-0.06,0.0,4.128997325897217,1.0,0.0,7501.0,7500.0,0.3
0.0,0.0,-0.06,0.0,4.128997325897217,1.0,0.0,7501.0,7500.0,0.3
0.0,0.0,-0.06,0.0,4.128997325897217,1.0,0.0,7501.0,7500.0,0.3
0.0,0.0,-0.06,0.0,4.128997325897217,1.0,0.0,7501.0,7500.0,0.3
0.0,0.0,-0.06,0.0,4.128997325897217,1.0,0.0,7501.0,7500.0,0.3
0.0,0.0,-0.06,0.0,4.128997325897217,1.0,0.0,7501.0,7500.0,0.3
0.0,0.0,-0.06,0.0,4.128997325897217,1.0,0.0,7501.0,7500.0,0.3
0.0,0.0,-0.06,0.0,4.128997325897217,1.0,0.0,7501.0,7500.0,0.3
0.0,0.0,-0.06,0.0,4.128997325897217,1.0,0.0,7501.0,7500.0,0.3
0.0,0.0,-0.06,0.0,4.128997325897217,1.0,0.0,7501.0,7500.0,0.3
0.0,0.0,-0.06,0.0,4.128997325897217,1.0,0.0,7501.0,7500.0,0.3
0.0,0.0,-0.06,0.0,4.128997325897217,1.0,0.0,7501.0,7500.0,0.3
0.0,0.0,-0.06,0.0,4.128997325897217,1.0,0.0,7501.0,7500.0,0.3
0.0,0.0,-0.06,0.0,4.128997325897217,1.0,0.0,7501.0,7500.0,0.3
0.0,0.0,-0.06,0.0,4.128997325897217,1.0,0.0,7501.0,7500.0,0.3
0.0,0.0,-0.06,0.0,4.128997325897217,1.0,0.0,7501.0,7500.0,0.3
0.0,0.0,-0.06,0.0,4.128997325897217,1.0,0.0,7501.0,7500.0,0.3
0.0,0.0,-0.06,0.0,4.128997325897217,1.0,0.0,7501.0,7500.0,0.3
0.0,0.0,-0.06,0.0,4.128997325897217,1.0,0.0,7501.0,7500.0,0.3
0.0,0.0,-0.06,0.0,4.128997325897217,1.0,0.0,7501.0,7500.0,0.3
0.0,0.0,-0.06,0.0,4.128997325897217,1.0,0.0,7501.0,7500.0,0.3
0.0,0.0,-0.06,0.0,4.128997325897217,1.0,0.0,7501.0,7500.0,0.3
0.0,0.0,-0.06,0.0,4.128997325897217,1.0,0.0,7501.0,7500.0,0.3
0.0,0.0,-0.06,0.0,4.128997325897217,1.0,0.0,7501.0,7500.0,0.3
0.0,0.0,-0.06,0.0,4.128997325897217,1.0,0.0,7501.0,7500.0,0.3
0.0,0.0,-0.06,0.0,4.128997325897217,1.0,0.0,7501.0,7500.0,0.3
0.0,0.0,-0.06,0.0,4.128997325897217,1.0,0.0,7501.0,7500.0,0.3
0.0,0.0,-0.06,0.0,4.128997325897217,1.0,0.0,7501.0,7500.0,0.3
0.0,0.0,-0.06,0.0,4.128997325897217,1.0,0.0,7501.0,7500.0,0.3
0.0,0.0,-0.06,0.0,4.128997325897217,1.0,0.0,7501.0,7500.0,0.3
0.0,0.0,-0.06,0.0,4.128997325897217,1.0,0.0,7501.0,7500.0,0.3
0.0,0.0,-0.06,0.0,4.128997325897217,1.0,0.0,7501.0,7500.0,0.3
0.0,0.0,-0.06,0.0,4.128997325897217,1.0,0.0,7501.0,7500.0,0.3
0.0,0.0,-0.06,0.0,4.128997325897217,1.0,0.0,7501.0,7500.0,0.3
0.0,0.0,-0.06,0.0,4.128997325897217,1.0,0.0,7501.0,7500.0,0.3
0.0,0.0,-0.06,0.0,4.128997325897217,1.0,0.0,7501.0,7500.0,0.3
0.0,0.0,-0.06,0.0,4.128997325897217,1.0,0.0,7501.0,7500.0,0.3
0.0,0.0,-0.06,0.0,4.128997325897217,1.0,0.0,7501.0,7500.0,0.3
0.0,0.0,-0.06,0.0,4.128997325897217,1.0,0.0,7501.0,7500.0,0.3
0.0,0.0,-0.06,0.0,4.128997325897217,1.0,0.0,7501.0,7500.0,0.3
0.0,0.0,-0.06,0.0,4.128997325897217,1.0,0.0,7501.0,7500.0,0.3
0.0,0.0,-0.06,0.0,4.128997325897217,1.0,0.0,7501.0,7500.0,0.3
0.0,0.0,-0.06,0.0,4.128997325897217,1.0,0.0,7501.0,7500.0,0.3
0.0,0.0,-0.06,0.0,4.128997325897217,1.0,0.0,7501.0,7500.0,0.3
0.0,0.0,-0.06,0.0,4.128997325897217,1.0,0.0,7501.0,7500.0,0.3
0.0,0.0,-0.06,0.0,4.128997325897217,1.0,0.0,7501.0,7500.0,0.3
0.0,0.0,-0.06,0.0,4.128997325897217,1.0,0.0,7501.0,7500.0,0.3
0.0,0.0,-0.06,0.0,4.128997325897217,1.0,0.0,7501.0,7500.0,0.3
0.0,0.0,-0.06,0.0,4.128997325897217,1.0,0.0,7501.0,7500.0,0.3
0.0,0.0,-0.06,0.0,4.128997325897217,1.0,0.0,7501.0,7500.0,0.3
0.0,0.0,-0.06,0.0,4.128997325897217,1.0,0.0,7501.0,7500.0,0.3
0.0,0.0,-0.06,0.0,4.128997325897217,1.0,0.0,7501.0,7500.0,0.3
0.0,0.0,-0.06,0.0,4.128997325897217,1.0,0.0,7501.0,7500.0,0.3
0.0,0.0,-0.06,0.0,4.128997325897217,1.0,0.0,7501.0,7500.0,0.3
0.0,0.0,-0.06,0.0,4.128997325897217,1.0,0.0,7501.0,7500.0,0.3
0.0,0.0,-0.06,0.0,4.128997325897217,1.0,0.0,7501.0,7500.0,0.3
0.0,0.0,-0.06,0.0,4.128997325897217,1.0,0.0,7501.0,7500.0,0.3
0.0,0.0,-0.06,0.0,4.128997325897217,1.0,0.0,7501.0,7500.0,0.3
0.0,0.0,-0.06,0.0,4.128997325897217,1.0,0.0,7501.0,7500.0,0.3
0.0,0.0,-0.06,0.0,4.128997325897217,1.0,0.0,7501.0,7500.0,0.3
0.0,0.0,-0.06,0.0,4.128997325897217,1.0,0.0,7501.0,7500.0,0.3
0.0,0.0,-0.06,0.0,4.128997325897217,1.0,0.0,7501.0,7500.0,0.3
0.0,0.0,-0.06,0.0,4.128997325897217,1.0,0.0,7501.0,7500.0,0.3
0.0,0.0,-0.06,0.0,4.128997325897217,1.0,0.0,7501.0,7500.0,0.3
0.0,0.0,-0.06,0.0,4.128997325897217,1.0,0.0,7501.0,7500.0,0.3
0.0,0.0,-0.06,0.0,4.128997325897217,1.0,0.0,7501.0,7500.0,0.3
0.0,0.0,-0.06,0.0,4.128997325897217,1.0,0.0,7501.0,7500.0,0.3
0.0,0.0,-0.06,0.0,4.128997325897217,1.0,0.0,7501.0,7500.0,0.3
0.0,0.0,-0.06,0.0,4.128997325897217,1.0,0.0,7501.0,7500.0,0.3
0.0,0.0,-0.06,0.0,4.128997325897217,1.0,0.0,7501.0,7500.0,0.3
0.0,0.0,-0.06,0.0,4.128997325897217,1.0,0.0,7501.0,7500.0,0.3
0.0,0.0,-0.06,0.0,4.128997325897217,1.0,0.0,7501.0,7500.0,0.3
0.0,0.0,-0.06,0.0,4.128997325897217,1.0,0.0,7501.0,7500.0,0.3
0.0,0.0,-0.06,0.0,4.128997325897217,1.0,0.0,7501.0,7500.0,0.3
0.0,0.0,-0.06,0.0,4.128997325897217,1.0,0.0,7501.0,7500.0,0.3
0.0,0.0,-0.06,0.0,4.128997325897217,1.0,0.0,7501.0,7500.0,0.3
0.0,0.0,-0.06,0.0,4.128997325897217,1.0,0.0,7501.0,7500.0,0.3
0.0,0.0,-0.06,0.0,4.128997325897217,1.0,0.0,7501.0,7500.0,0.3
0.0,0.0,-0.06,0.0,4.128997325897217,1.0,0.0,7501.0,7500.0,0.3
0.0,0.0,-0.06,0.0,4.128997325897217,1.0,0.0,7501.0,7500.0,0.3
0.0,0.0,-0.06,0.0,4.128997325897217,1.0,0.0,7501.0,7500.0,0.3
0.0,0.0,-0.06,0.0,4.128997325897217,1.0,0.0,7501.0,7500.0,0.3
0.0,0.0,-0.06,0.0,4.128997325897217,1.0,0.0,7501.0,7500.0,0.3
0.0,0.0,-0.06,0.0,4.128997325897217,1.0,0.0,7501.0,7500.0,0.3
0.0,0.0,-0.06,0.0,4.128997325897217,1.0,0.0,7501.0,7500.0,0.3
0.0,0.0,-0.06,0.0,4.128997325897217,1.0,0.0,7501.0,7500.0,0.3
0.0,0.0,-0.06,0.0,4.128997325897217,1.0,0.0,7501.0,7500.0,0.3
0.0,0.0,-0.06,0.0,4.128997325897217,1.0,0.0,7501.0,7500.0,0.3
0.0,0.0,-0.06,0.0,4.128997325897217,1.0,0.0,7501.0,7500.0,0.3
0.0,0.0,-0.06,0.0,4.128997325897217,1.0,0.0,7501.0,7500.0,0.3
0.0,0.0,-0.06,0.0,4.128997325897217,1.0,0.0,7501.0,7500.0,0.3
0.0,0.0,-0.06,0.0,4.128997325897217,1.0,0.0,7501.0,7500.0,0.3
0.0,0.0,-0.06,0.0,4.128997325897217,1.0,0.0,7501.0,7500.0,0.3
0.0,0.0,-0.06,0.0,4.128997325897217,1.0,0.0,7501.0,7500.0,0.3
0.0,0.0,-0.06,0.0,4.128997325897217,1.0,0.0,7501.0,7500.0,0.3
0.0,0.0,-0.06,0.0,4.128997325897217,1.0,0.0,7501.0,7500.0,0.3
0.0,0.0,-0.06,0.0,4.128997325897217,1.0,0.0,7501.0,7500.0,0.3
0.0,0.0,-0.06,0.0,4.128997325897217,1.0,0.0,7501.0,7500.0,0.3
0.0,0.0,-0.06,0.0,4.128997325897217,1.0,0.0,7501.0,7500.0,0.3
0.0,0.0,-0.06,0.0,4.128997325897217,1.0,0.0,7501.0,7500.0,0.3
0.0,0.0,-0.06,0.0,4.128997325897217,1.0,0.0,7501.0,7500.0,0.3
0.0,0.0,-0.06,0.0,4.128997325897217,1.0,0.0,7501.0,7500.0,0.3
0.0,0.0,-0.06,0.0,4.128997325897217,1.0,0.0,7501.0,7500.0,0.3
0.0,0.0,-0.06,0.0,4.128997325897217,1.0,0.0,7501.0,7500.0,0.3
0.0,0.0,-0.06,0.0,4.128997325897217,1.0,0.0,7501.0,7500.0,0.3
0.0,0.0,-0.06,0.0,4.128997325897217,1.0,0.0,7501.0,7500.0,0.3
0.0,0.0,-0.06,0.0,4.128997325897217,1.0,0.0,7501.0,7500.0,0.3
0.0,0.0,-0.06,0.0,4.128997325897217,1.0,0.0,7501.0,7500.0,0.3
0.0,0.0,-0.06,0.0,4.128997325897217,1.0,0.0,7501.0,7500.0,0.3
0.0,0.0,-0.06,0.0,4.128997325897217,1.0,0.0,7501.0,7500.0,0.3
0.0,0.0,-0.06,0.0,4.128997325897217,1.0,0.0,7501.0,7500.0,0.3
0.0,0.0,-0.06,0.0,4.128997325897217,1.0,0.0,7501.0,7500.0,0.3
0.0,0.0,-0.06,0.0,4.128997325897217,1.0,0.0,7501.0,7500.0,0.3
0.0,0.0,-0.06,0.0,4.128997325897217,1.0,0.0,7501.0,7500.0,0.3
0.0,0.0,-0.06,0.0,4.128997325897217,1.0,0.0,7501.0,7500.0,0.3
0.0,0.0,-0.06,0.0,4.128997325897217,1.0,0.0,7501.0,7500.0,0.3
0.0,0.0,-0.06,0.0,4.128997325897217,1.0,0.0,7501.0,7500.0,0.3
0.0,0.0,-0.06,0.0,4.128997325897217,1.0,0.0,7501.0,7500.0,0.3
0.0,0.0,-0.06,0.0,4.128997325897217,1.0,0.0,7501.0,7500.0,0.3
0.0,0.0,-0.06,0.0,4.128997325897217,1.0,0.0,7501.0,7500.0,0.3
0.0,0.0,-0.06,0.0,4.128997325897217,1.0,0.0,7501.0,7500.0,0.3
0.0,0.0,-0.06,0.0,4.128997325897217,1.0,0.0,7501.0,7500.0,0.3
0.0,0.0,-0.06,0.0,4.128997325897217,1.0,0.0,7501.0,7500.0,0.3
0.0,0.0,-0.06,0.0,4.128997325897217,1.0,0.0,7501.0,7500.0,0.3
0.0,0.0,-0.06,0.0,4.128997325897217,1.0,0.0,7501.0,7500.0,0.3
0.0,0.0,-0.06,0.0,4.128997325897217,1.0,0.0,7501.0,7500.0,0.3
0.0,0.0,-0.06,0.0,4.128997325897217,1.0,0.0,7501.0,7500.0,0.3
0.0,0.0,-0.06,0.0,4.128997325897217,1.0,0.0,7501.0,7500.0,0.3
0.0,0.0,-0.06,0.0,4.128997325897217,1.0,0.0,7501.0,7500.0,0.3
0.0,0.0,-0.06,0.0,4.128997325897217,1.0,0.0,7501.0,7500.0,0.3
0.0,0.0,-0.06,0.0,4.128997325897217,1.0,0.0,7501.0,7500.0,0.3
0.0,0.0,-0.06,0.0,4.128997325897217,1.0,0.0,7501.0,7500.0,0.3
0.0,0.0,-0.06,0.0,4.128997325897217,1.0,0.0,7501.0,7500.0,0.3
0.0,0.0,-0.06,0.0,4.128997325897217,1.0,0.0,7501.0,7500.0,0.3
0.0,0.0,-0.06,0.0,4.128997325897217,1.0,0.0,7501.0,7500.0,0.3
0.0,0.0,-0.06,0.0,4.128997325897217,1.0,0.0,7501.0,7500.0,0.3
0.0,0.0,-0.06,0.0,4.128997325897217,1.0,0.0,7501.0,7500.0,0.3
0.0,0.0,-0.06,0.0,4.128997325897217,1.0,0.0,7501.0,7500.0,0.3
0.0,0.0,-0.06,0.0,4.128997325897217,1.0,0.0,7501.0,7500.0,0.3
0.0,0.0,-0.06,0.0,4.128997325897217,1.0,0.0,7501.0,7500.0,0.3
0.0,0.0,-0.06,0.0,4.128997325897217,1.0,0.0,7501.0,7500.0,0.3
0.0,0.0,-0.06,0.0,4.128997325897217,1.0,0.0,7501.0,7500.0,0.3
0.0,0.0,-0.06,0.0,4.128997325897217,1.0,0.0,7501.0,7500.0,0.3
0.0,0.0,-0.06,0.0,4.128997325897217,1.0,0.0,7501.0,7500.0,0.3
0.0,0.0,-0.06,0.0,4.128997325897217,1.0,0.0,7501.0,7500.0,0.3
0.0,0.0,-0.06,0.0,4.128997325897217,1.0,0.0,7501.0,7500.0,0.3
0.0,0.0,-0.06,0.0,4.128997325897217,1.0,0.0,7501.0,7500.0,0.3
0.0,0.0,-0.06,0.0,4.128997325897217,1.0,0.0,7501.0,7500.0,0.3
0.0,0.0,-0.06,0.0,4.128997325897217,1.0,0.0,7501.0,7500.0,0.3
0.0,0.0,-0.06,0.0,4.128997325897217,1.0,0.0,7501.0,7500.0,0.3
0.0,0.0,-0.06,0.0,4.128997325897217,1.0,0.0,7501.0,7500.0,0.3
0.0,0.0,-0.06,0.0,4.128997325897217,1.0,0.0,7501.0,7500.0,0.3
0.0,0.0,-0.06,0.0,4.128997325897217,1.0,0.0,7501.0,7500.0,0.3
0.0,0.0,-0.06,0.0,4.128997325897217,1.0,0.0,7501.0,7500.0,0.3
0.0,0.0,-0.06,0.0,4.128997325897217,1.0,0.0,7501.0,7500.0,0.3
0.0,0.0,-0.06,0.0,4.128997325897217,1.0,0.0,7501.0,7500.0,0.3
0.0,0.0,-0.06,0.0,4.128997325897217,1.0,0.0,7501.0,7500.0,0.3
0.0,0.0,-0.06,0.0,4.128997325897217,1.0,0.0,7501.0,7500.0,0.3
0.0,0.0,-0.06,0.0,4.128997325897217,1.0,0.0,7501.0,7500.0,0.3
0.0,0.0,-0.06,0.0,4.128997325897217,1.0,0.0,7501.0,7500.0,0.3
0.0,0.0,-0.06,0.0,4.128997325897217,1.0,0.0,7501.0,7500.0,0.3
0.0,0.0,-0.06,0.0,4.128997325897217,1.0,0.0,7501.0,7500.0,0.3
0.0,0.0,-0.06,0.0,4.128997325897217,1.0,0.0,7501.0,7500.0,0.3
0.0,0.0,-0.06,0.0,4.128997325897217,1.0,0.0,7501.0,7500.0,0.3
0.0,0.0,-0.06,0.0,4.128997325897217,1.0,0.0,7501.0,7500.0,0.3
0.0,0.0,-0.06,0.0,4.128997325897217,1.0,0.0,7501.0,7500.0,0.3
0.0,0.0,-0.06,0.0,4.128997325897217,1.0,0.0,7501.0,7500.0,0.3
0.0,0.0,-0.06,0.0,4.128997325897217,1.0,0.0,7501.0,7500.0,0.3
0.0,0.0,-0.06,0.0,4.128997325897217,1.0,0.0,7501.0,7500.0,0.3
0.0,0.0,-0.06,0.0,4.128997325897217,1.0,0.0,7501.0,7500.0,0.3
0.0,0.0,-0.06,0.0,4.128997325897217,1.0,0.0,7501.0,7500.0,0.3
0.0,0.0,-0.06,0.0,4.128997325897217,1.0,0.0,7501.0,7500.0,0.3
0.0,0.0,0.0,0.0,-0.0810016617178917,1.0,0.0,0.0,0.0,0.0
