0.0,0.0,0.0,0.0,0.01000213623046875,6.0,17.5,10.0,0.0,0.0,0.0,0.0,0.0,0.0,0.0,0.0,0.0,0.0
0.0,0.06961086000016507,0.0,0.0,0.01000213623046875,6.0,17.5,10.0,0.0,0.0,0.0,0.0,0.0,0.0,0.0,0.0,0.0,0.0
0.0,0.10133858598768711,0.0,0.0,0.01000213623046875,6.0,17.5,10.0,0.0,0.0,0.0,0.0,0.0,0.0,0.0,0.0,0.0,0.0
0.0,0.10913385786116123,0.0,0.0,0.01000213623046875,6.0,17.5,10.0,0.0,0.0,0.0,0.0,0.0,0.0,0.0,0.0,0.0,0.0
0.0,0.11692913711071014,0.0,0.0,0.01000213623046875,6.0,17.5,10.0,0.0,0.0,0.0,0.0,0.0,0.0,0.0,0.0,0.0,0.0
0.0,0.11692913711071014,0.0,0.0,0.01000213623046875,6.0,17.5,10.0,0.0,0.0,0.0,0.0,0.0,0.0,0.0,0.0,0.0,0.0
0.0,0.11692913711071014,0.0,0.0,-0.01000213623046875,6.0,17.5,10.0,0.0,0.0,0.0,0.0,0.0,0.0,0.0,0.0,0.0,0.0
0.0,0.12472440898418427,0.0,0.0,0.0,6.0,17.5,10.0,0.0,0.0,0.0,0.0,0.0,0.0,0.0,0.0,0.0,0.0
0.0,0.12472440898418427,0.0,0.0,0.01000213623046875,6.0,17.5,10.0,0.0,0.0,0.0,0.0,0.0,0.0,0.0,0.0,0.0,0.0
0.0,0.12472440898418427,0.0,0.0,0.04000091552734375,6.0,17.5,10.0,0.0,0.0,0.0,0.0,0.0,0.0,0.0,0.0,0.0,0.0
0.0,0.12472440898418427,0.0,0.0,0.0500030517578125,6.0,17.5,10.0,0.0,0.0,0.0,0.0,0.0,0.0,0.0,0.0,0.0,0.0
0.0,0.12472440898418427,0.0,0.0,0.05999755859375,6.0,17.5,10.0,0.0,0.0,0.0,0.0,0.0,0.0,0.0,0.0,0.0,0.0
0.0,0.12472440898418427,0.0,0.0,0.06999969482421875,6.0,17.5,10.0,0.0,0.0,0.0,0.0,0.0,0.0,0.0,0.0,0.0,0.0
0.0,0.12472440898418427,0.0,0.0,0.0800018310546875,6.0,17.5,10.0,0.0,0.0,0.0,0.0,0.0,0.0,0.0,0.0,0.0,0.0
0.0,0.12472440898418427,0.0,0.0,0.09999847412109375,6.0,17.5,10.0,0.0,0.0,0.0,0.0,0.0,0.0,0.0,0.0,0.0,0.0
0.0,0.12472440898418427,0.0,0.19789559948891014,0.1399993896484375,6.0,17.5,10.0,0.0,0.0,0.0,0.0,0.0,0.0,0.0,0.0,0.0,0.0
0.0,0.12472440898418427,0.0,0.26386079931854683,0.160003662109375,6.0,17.5,10.0,0.0,0.0,0.0,0.0,0.0,0.0,0.0,0.0,0.0,0.0
0.0,0.12472440898418427,0.0,0.32982599914818356,0.18000030517578125,6.0,17.5,10.0,0.0,0.0,0.0,0.0,0.0,0.0,0.0,0.0,0.0,0.0
0.0,0.12472440898418427,0.0,0.3957911989778203,0.1999969482421875,6.0,17.5,10.0,0.0,0.0,0.0,0.0,0.0,0.0,0.0,0.0,0.0,0.0
0.0,0.12472440898418427,0.0,0.4287738144970981,0.09999847412109375,6.0,17.5,10.0,0.0,0.0,0.0,0.0,0.0,0.0,0.0,0.0,0.0,0.0
0.0,0.12472440898418427,0.0,0.44526510665227753,-1.529998779296875,6.0,17.5,10.0,0.0,0.0,0.0,0.0,0.0,0.0,0.0,0.0,0.0,0.0
0.0,0.12472440898418427,0.0,0.4287738144970981,-2.3300018310546875,6.0,17.5,10.0,0.0,0.0,0.0,0.0,0.0,0.0,0.0,0.0,0.0,0.0
0.0,0.12472440898418427,0.0,0.4287738144970981,-3.25,6.0,17.5,10.0,0.0,0.0,0.0,0.0,0.0,0.0,0.0,0.0,0.0,0.0
0.0,0.12472440898418427,0.0,0.4122824911329997,-4.279998779296875,6.0,17.5,10.0,0.0,0.0,0.0,0.0,0.0,0.0,0.0,0.0,0.0,0.0
0.0,0.12472440898418427,0.0,0.4287738144970981,-5.4199981689453125,6.0,17.5,10.0,0.0,0.0,0.0,0.0,0.0,0.0,0.0,0.0,0.0,0.0
0.0,0.12472440898418427,0.0,0.4287738144970981,-5.4199981689453125,6.0,17.5,10.0,0.0,0.0,0.0,0.0,0.0,0.0,0.0,0.0,0.0,0.0
0.0,0.12472440898418427,0.0,0.4122824911329997,-6.6399993896484375,6.0,17.5,10.0,0.0,0.0,0.0,0.0,0.0,0.0,0.0,0.0,0.0,0.0
0.0,0.12472440898418427,0.0,0.4122824911329997,-9.120002746582031,6.0,17.5,10.0,0.0,0.0,0.0,0.0,0.0,0.0,0.0,0.0,0.0,0.0
0.0,0.12472440898418427,0.0,0.4122824911329997,-10.349998474121094,6.0,17.5,10.0,0.0,0.0,0.0,0.0,0.0,0.0,0.0,0.0,0.0,0.0
0.0,0.12472440898418427,0.0,0.4122824911329997,-11.599998474121094,6.0,17.5,10.0,0.0,0.0,0.0,0.0,0.0,0.0,0.0,0.0,0.0,0.0
0.0,0.12472440898418427,0.0,0.4122824911329997,-14.120002746582031,6.0,17.5,10.0,0.0,0.0,0.0,0.0,0.0,0.0,0.0,0.0,0.0,0.0
0.0,0.12472440898418427,0.0,0.4122824911329997,-15.419998168945312,6.0,17.5,10.0,0.0,0.0,0.0,0.0,0.0,0.0,0.0,0.0,0.0,0.0
0.0,0.12472440898418427,0.0,0.4122824911329997,-22.150001525878906,6.0,17.5,10.0,0.0,0.0,0.0,0.0,0.0,0.0,0.0,0.0,0.0,0.0
0.0,0.12472440898418427,0.0,0.4122824911329997,-22.150001525878906,6.0,17.5,10.0,0.0,0.0,0.0,0.0,0.0,0.0,0.0,0.0,0.0,0.0
0.0,0.12472440898418427,0.0,0.4122824911329997,-23.51000213623047,6.0,17.5,10.0,0.0,0.0,0.0,0.0,0.0,0.0,0.0,0.0,0.0,0.0
0.0,0.12472440898418427,0.0,0.4122824911329997,-24.87000274658203,6.0,17.5,10.0,0.0,0.0,0.0,0.0,0.0,0.0,0.0,0.0,0.0,0.0
0.0,0.12472440898418427,0.0,0.4122824911329997,-26.220001220703125,6.0,17.5,10.0,0.0,0.0,0.0,0.0,0.0,0.0,0.0,0.0,0.0,0.0
0.0,0.12472440898418427,0.0,0.4287738144970981,-27.580001831054688,6.0,17.5,10.0,0.0,0.0,0.0,0.0,0.0,0.0,0.0,0.0,0.0,0.0
0.0,0.12472440898418427,0.0,0.4122824911329997,-28.970001220703125,6.0,17.5,10.0,0.0,0.0,0.0,0.0,0.0,0.0,0.0,0.0,0.0,0.0
0.0,0.12472440898418427,0.0,0.4287738144970981,-30.349998474121094,6.0,17.5,10.0,0.0,0.0,0.0,0.0,0.0,0.0,0.0,0.0,0.0,0.0
0.0,0.12472440898418427,0.0,0.4287738144970981,-31.720001220703125,6.0,17.5,10.0,0.0,0.0,0.0,0.0,0.0,0.0,0.0,0.0,0.0,0.0
0.0,0.12472440898418427,0.0,0.4287738144970981,-33.06999969482422,6.0,17.5,10.0,0.0,0.0,0.0,0.0,0.0,0.0,0.0,0.0,0.0,0.0
0.0,0.12472440898418427,0.0,0.44526510665227753,-35.779998779296875,6.0,17.5,10.0,0.0,0.0,0.0,0.0,0.0,0.0,0.0,0.0,0.0,0.0
0.0,0.12472440898418427,0.0,0.46175639880745695,-37.1300048828125,6.0,17.5,10.0,0.0,0.0,0.0,0.0,0.0,0.0,0.0,0.0,0.0,0.0
0.0,0.12472440898418427,0.0,0.46175639880745695,-39.86000061035156,6.0,17.5,10.0,0.0,0.0,0.0,0.0,0.0,0.0,0.0,0.0,0.0,0.0
0.0,0.12472440898418427,0.0,0.46175639880745695,-48.07000732421875,6.0,17.5,10.0,0.0,0.0,0.0,0.0,0.0,0.0,0.0,0.0,0.0,0.0
0.0,0.12472440898418427,0.0,0.46175639880745695,-49.47999572753906,6.0,17.5,10.0,0.0,0.0,0.0,0.0,0.0,0.0,0.0,0.0,0.0,0.0
0.0,0.12472440898418427,0.0,0.46175639880745695,-50.910003662109375,6.0,17.5,10.0,0.0,0.0,0.0,0.0,0.0,0.0,0.0,0.0,0.0,0.0
0.0,0.12472440898418427,0.0,0.46175639880745695,-52.339996337890625,6.0,17.5,10.0,0.0,0.0,0.0,0.0,0.0,0.0,0.0,0.0,0.0,0.0
0.0,0.12472440898418427,0.0,0.46175639880745695,-53.75,6.0,17.5,10.0,0.0,0.0,0.0,0.0,0.0,0.0,0.0,0.0,0.0,0.0
0.0,0.12472440898418427,0.0,0.46175639880745695,-56.58000183105469,6.0,17.5,10.0,0.0,0.0,0.0,0.0,0.0,0.0,0.0,0.0,0.0,0.0
0.0,0.12472440898418427,0.0,0.46175639880745695,-56.58000183105469,6.0,17.5,10.0,0.0,0.0,0.0,0.0,0.0,0.0,0.0,0.0,0.0,0.0
0.0,0.12472440898418427,0.0,0.46175639880745695,-57.970001220703125,6.0,17.5,10.0,0.0,0.0,0.0,0.0,0.0,0.0,0.0,0.0,0.0,0.0
0.0,0.12472440898418427,0.0,0.46175639880745695,-59.3699951171875,6.0,17.5,10.0,0.0,0.0,0.0,0.0,0.0,0.0,0.0,0.0,0.0,0.0
0.0,0.12472440898418427,0.0,0.46175639880745695,-60.78999328613281,6.0,17.5,10.0,0.0,0.0,0.0,0.0,0.0,0.0,0.0,0.0,0.0,0.0
0.0,0.12472440898418427,0.0,0.46175639880745695,-66.72000122070312,6.0,17.5,10.0,0.0,0.0,0.0,0.0,0.0,0.0,0.0,0.0,0.0,0.0
0.0,0.12472440898418427,0.0,0.46175639880745695,-68.27000427246094,6.0,17.5,10.0,0.0,0.0,0.0,0.0,0.0,0.0,0.0,0.0,0.0,0.0
0.0,0.12472440898418427,0.0,0.44526510665227753,-69.83999633789062,6.0,17.5,10.0,0.0,0.0,0.0,0.0,0.0,0.0,0.0,0.0,0.0,0.0
0.0,0.12472440898418427,0.0,0.4287738144970981,-71.42999267578125,6.0,17.5,10.0,0.0,0.0,0.0,0.0,0.0,0.0,0.0,0.0,0.0,0.0
0.0,0.12472440898418427,0.0,0.4287738144970981,-73.03999328613281,6.0,17.5,10.0,0.0,0.0,0.0,0.0,0.0,0.0,0.0,0.0,0.0,0.0
0.0,0.12472440898418427,0.0,0.3957911989778203,-74.66000366210938,6.0,17.5,10.0,0.0,0.0,0.0,0.0,0.0,0.0,0.0,0.0,0.0,0.0
0.0,0.12472440898418427,0.0,0.31333470699300414,-76.27000427246094,6.0,17.5,10.0,0.0,0.0,0.0,0.0,0.0,0.0,0.0,0.0,0.0,0.0
0.0,0.12472440898418427,0.0,0.21438690724854906,-76.27000427246094,6.0,17.5,10.0,0.0,0.0,0.0,0.0,0.0,0.0,0.0,0.0,0.0,0.0
0.0,0.12472440898418427,0.0,0.21438690724854906,-77.8699951171875,6.0,17.5,10.0,0.0,0.0,0.0,0.0,0.0,0.0,0.0,0.0,0.0,0.0
0.0,0.12472440898418427,0.0,0.16491299957409178,-79.47000122070312,6.0,17.5,10.0,0.0,0.0,0.0,0.0,0.0,0.0,0.0,0.0,0.0,0.0
0.0,0.12472440898418427,0.0,0.16491299957409178,-81.03999328613281,6.0,17.5,10.0,0.0,0.0,0.0,0.0,0.0,0.0,0.0,0.0,0.0,0.0
0.0,0.12472440898418427,0.0,0.0,-82.58000183105469,6.0,17.5,10.0,0.0,0.0,0.0,0.0,0.0,0.0,0.0,0.0,0.0,0.0
0.0,0.12472440898418427,0.0,0.0,-85.32000732421875,6.0,17.5,10.0,0.0,0.0,0.0,0.0,0.0,0.0,0.0,0.0,0.0,0.0
0.0,0.10913385786116123,0.0,0.0,-88.95001220703125,6.0,17.5,10.0,0.0,0.0,0.0,0.0,0.0,0.0,0.0,0.0,0.0,0.0
0.0,0.10913385786116123,0.0,0.0,-89.46002197265625,6.0,17.5,10.0,0.0,0.0,0.0,0.0,0.0,0.0,0.0,0.0,0.0,0.0
0.0,0.10913385786116123,0.0,0.0,-89.77001953125,6.0,17.5,10.0,0.0,0.0,0.0,0.0,0.0,0.0,0.0,0.0,0.0,0.0
0.0,0.10913385786116123,0.0,0.0,-89.8800048828125,6.0,17.5,10.0,0.0,0.0,0.0,0.0,0.0,0.0,0.0,0.0,0.0,0.0
0.0,0.10913385786116123,0.0,0.0,-89.85000610351562,6.0,17.5,10.0,0.0,0.0,0.0,0.0,0.0,0.0,0.0,0.0,0.0,0.0
0.0,0.10133858598768711,0.0,0.0,-89.78997802734375,6.0,17.5,10.0,0.0,0.0,0.0,0.0,0.0,0.0,0.0,0.0,0.0,0.0
0.0,0.10133858598768711,0.0,0.0,-89.739990234375,6.0,17.5,10.0,0.0,0.0,0.0,0.0,0.0,0.0,0.0,0.0,0.0,0.0
0.0,0.0935433067381382,0.0,0.0,-89.71002197265625,6.0,17.5,10.0,0.0,0.0,0.0,0.0,0.0,0.0,0.0,0.0,0.0,0.0
0.0,0.0935433067381382,0.0,0.0,-89.72998046875,6.0,17.5,10.0,0.0,0.0,0.0,0.0,0.0,0.0,0.0,0.0,0.0,0.0
0.0,0.0935433067381382,0.0,0.0,-89.80999755859375,6.0,17.5,10.0,0.0,0.0,0.0,0.0,0.0,0.0,0.0,0.0,0.0,0.0
0.0,0.0935433067381382,0.0,0.0,-89.92999267578125,6.0,17.5,10.0,0.0,0.0,0.0,0.0,0.0,0.0,0.0,0.0,0.0,0.0
0.0,0.0935433067381382,0.0,0.0,-90.05999755859375,6.0,17.5,10.0,0.0,0.0,0.0,0.0,0.0,0.0,0.0,0.0,0.0,0.0
0.0,0.0935433067381382,0.0,0.0,-90.44000244140625,6.0,17.5,10.0,0.0,0.0,0.0,0.0,0.0,0.0,0.0,0.0,0.0,0.0
0.0,0.0935433067381382,0.0,0.0,-90.52001953125,6.0,17.5,10.0,0.0,0.0,0.0,0.0,0.0,0.0,0.0,0.0,0.0,0.0
0.0,0.10913385786116123,0.0,0.0,-90.58001708984375,6.0,17.5,10.0,0.0,0.0,0.0,0.0,0.0,0.0,0.0,0.0,0.0,0.0
0.0,0.11692913711071014,0.0,0.0,-90.6400146484375,6.0,17.5,10.0,0.0,0.0,0.0,0.0,0.0,0.0,0.0,0.0,0.0,0.0
0.0,0.12472440898418427,0.0,0.0,-90.69000244140625,6.0,17.5,10.0,0.0,0.0,0.0,0.0,0.0,0.0,0.0,0.0,0.0,0.0
0.0,0.12472440898418427,0.0,0.0,-90.75,6.0,17.5,10.0,0.0,0.0,0.0,0.0,0.0,0.0,0.0,0.0,0.0,0.0
0.0,0.1325196808576584,0.0,0.0,-90.79998779296875,6.0,17.5,10.0,0.0,0.0,0.0,0.0,0.0,0.0,0.0,0.0,0.0,0.0
0.0,0.1403149674832821,0.0,0.0,-90.85000610351562,6.0,17.5,10.0,0.0,0.0,0.0,0.0,0.0,0.0,0.0,0.0,0.0,0.0
0.0,0.1481102393567562,0.0,0.0,-90.89999389648438,6.0,17.5,10.0,0.0,0.0,0.0,0.0,0.0,0.0,0.0,0.0,0.0,0.0
0.0,0.15590551123023033,0.0,0.0,-91.02999877929688,6.0,17.5,10.0,0.0,0.0,0.0,0.0,0.0,0.0,0.0,0.0,0.0,0.0
0.0,0.17149606972932815,0.0,0.0,-91.10000610351562,6.0,17.5,10.0,0.0,0.0,0.0,0.0,0.0,0.0,0.0,0.0,0.0,0.0
0.0,0.17149606972932815,0.0,0.0,-91.17999267578125,6.0,17.5,10.0,0.0,0.0,0.0,0.0,0.0,0.0,0.0,0.0,0.0,0.0
0.0,0.17149606972932815,0.0,0.0,-91.33001708984375,6.0,17.5,10.0,0.0,0.0,0.0,0.0,0.0,0.0,0.0,0.0,0.0,0.0
0.0,0.17149606972932815,0.0,0.0,-91.57000732421875,6.0,17.5,10.0,0.0,0.0,0.0,0.0,0.0,0.0,0.0,0.0,0.0,0.0
0.0,0.17149606972932815,0.0,0.0,-91.69000244140625,6.0,17.5,10.0,0.0,0.0,0.0,0.0,0.0,0.0,0.0,0.0,0.0,0.0
0.0,0.17149606972932815,0.0,0.0,-91.80999755859375,6.0,17.5,10.0,0.0,0.0,0.0,0.0,0.0,0.0,0.0,0.0,0.0,0.0
0.0,0.17149606972932815,0.0,0.0,-91.80999755859375,6.0,17.5,10.0,0.0,0.0,0.0,0.0,0.0,0.0,0.0,0.0,0.0,0.0
0.0,0.17929134160280227,0.0,0.0,-91.8800048828125,6.0,17.5,10.0,0.0,0.0,0.0,0.0,0.0,0.0,0.0,0.0,0.0,0.0
0.0,0.17929134160280227,0.0,0.0,-91.94000244140625,6.0,17.5,10.0,0.0,0.0,0.0,0.0,0.0,0.0,0.0,0.0,0.0,0.0
0.0,0.17929134160280227,0.0,0.0,-91.91998291015625,6.0,17.5,10.0,0.0,0.0,0.0,0.0,0.0,0.0,0.0,0.0,0.0,0.0
0.0,0.17929134160280227,0.0,0.0,-91.83001708984375,6.0,17.5,10.0,0.0,0.0,0.0,0.0,0.0,0.0,0.0,0.0,0.0,0.0
0.0,0.17929134160280227,0.0,0.0,-91.5,6.0,17.5,10.0,0.0,0.0,0.0,0.0,0.0,0.0,0.0,0.0,0.0,0.0
0.0,0.17929134160280227,0.0,0.0,-91.32000732421875,6.0,17.5,10.0,0.0,0.0,0.0,0.0,0.0,0.0,0.0,0.0,0.0,0.0
0.0,0.17929134160280227,0.0,0.0,-91.14999389648438,6.0,17.5,10.0,0.0,0.0,0.0,0.0,0.0,0.0,0.0,0.0,0.0,0.0
0.0,0.17149606972932815,0.0,0.0,-90.91998291015625,6.0,17.5,10.0,0.0,0.0,0.0,0.0,0.0,0.0,0.0,0.0,0.0,0.0
0.0,0.1948818853497505,0.0,0.0,-90.989990234375,6.0,17.5,10.0,0.0,0.0,0.0,0.0,0.0,0.0,0.0,0.0,0.0,0.0
0.0,0.1948818853497505,0.0,0.0,-90.91998291015625,6.0,17.5,10.0,0.0,0.0,0.0,0.0,0.0,0.0,0.0,0.0,0.0,0.0
0.0,0.20267717197537422,0.0,0.0,-90.89999389648438,6.0,17.5,10.0,0.0,0.0,0.0,0.0,0.0,0.0,0.0,0.0,0.0,0.0
0.0,0.21047244384884833,0.0,0.0,-90.89999389648438,6.0,17.5,10.0,0.0,0.0,0.0,0.0,0.0,0.0,0.0,0.0,0.0,0.0
0.0,0.21047244384884833,0.0,0.0,-90.8800048828125,6.0,17.5,10.0,0.0,0.0,0.0,0.0,0.0,0.0,0.0,0.0,0.0,0.0
0.0,0.21047244384884833,0.0,0.0,-90.89999389648438,6.0,17.5,10.0,0.0,0.0,0.0,0.0,0.0,0.0,0.0,0.0,0.0,0.0
0.0,0.20267717197537422,0.0,0.0,-90.989990234375,6.0,17.5,10.0,0.0,0.0,0.0,0.0,0.0,0.0,0.0,0.0,0.0,0.0
0.0,0.21047244384884833,0.0,0.0,-90.989990234375,6.0,17.5,10.0,0.0,0.0,0.0,0.0,0.0,0.0,0.0,0.0,0.0,0.0
0.0,0.21826771572232245,0.0,0.0,-91.03997802734375,6.0,17.5,10.0,0.0,0.0,0.0,0.0,0.0,0.0,0.0,0.0,0.0,0.0
0.0,0.21826771572232245,0.0,0.0,-91.08999633789062,6.0,17.5,10.0,0.0,0.0,0.0,0.0,0.0,0.0,0.0,0.0,0.0,0.0
0.0,0.21826771572232245,0.0,0.0,-91.1300048828125,6.0,17.5,10.0,0.0,0.0,0.0,0.0,0.0,0.0,0.0,0.0,0.0,0.0
0.0,0.21826771572232245,0.0,0.0,-91.05999755859375,6.0,17.5,10.0,0.0,0.0,0.0,0.0,0.0,0.0,0.0,0.0,0.0,0.0
0.0,0.21826771572232245,0.0,0.0,-91.0,6.0,17.5,10.0,0.0,0.0,0.0,0.0,0.0,0.0,0.0,0.0,0.0,0.0
0.0,0.21047244384884833,0.0,0.0,-90.8699951171875,6.0,17.5,10.0,0.0,0.0,0.0,0.0,0.0,0.0,0.0,0.0,0.0,0.0
0.0,0.20267717197537422,0.0,0.0,-90.83001708984375,6.0,17.5,10.0,0.0,0.0,0.0,0.0,0.0,0.0,0.0,0.0,0.0,0.0
0.0,0.1948818853497505,0.0,0.0,-90.78997802734375,6.0,17.5,10.0,0.0,0.0,0.0,0.0,0.0,0.0,0.0,0.0,0.0,0.0
0.0,0.1948818853497505,0.0,0.0,-90.77001953125,6.0,17.5,10.0,0.0,0.0,0.0,0.0,0.0,0.0,0.0,0.0,0.0,0.0
0.0,0.1870866134762764,0.0,0.0,-90.75,6.0,17.5,10.0,0.0,0.0,0.0,0.0,0.0,0.0,0.0,0.0,0.0,0.0
0.0,0.1870866134762764,0.0,0.0,-90.72998046875,6.0,17.5,10.0,0.0,0.0,0.0,0.0,0.0,0.0,0.0,0.0,0.0,0.0
0.0,0.17929134160280227,0.0,0.0,-90.72000122070312,6.0,17.5,10.0,0.0,0.0,0.0,0.0,0.0,0.0,0.0,0.0,0.0,0.0
0.0,0.17929134160280227,0.0,0.0,-90.70001220703125,6.0,17.5,10.0,0.0,0.0,0.0,0.0,0.0,0.0,0.0,0.0,0.0,0.0
0.0,0.17929134160280227,0.0,0.0,-90.69000244140625,6.0,17.5,10.0,0.0,0.0,0.0,0.0,0.0,0.0,0.0,0.0,0.0,0.0
0.0,0.17929134160280227,0.0,0.0,-90.67999267578125,6.0,17.5,10.0,0.0,0.0,0.0,0.0,0.0,0.0,0.0,0.0,0.0,0.0
0.0,0.17929134160280227,0.0,0.0,-90.67999267578125,6.0,17.5,10.0,0.0,0.0,0.0,0.0,0.0,0.0,0.0,0.0,0.0,0.0
0.0,0.1948818853497505,0.0,0.0,-90.66998291015625,6.0,17.5,10.0,0.0,0.0,0.0,0.0,0.0,0.0,0.0,0.0,0.0,0.0
0.0,0.20267717197537422,0.0,0.0,-90.66998291015625,6.0,17.5,10.0,0.0,0.0,0.0,0.0,0.0,0.0,0.0,0.0,0.0,0.0
0.0,0.20267717197537422,0.0,0.0,-90.66998291015625,6.0,17.5,10.0,0.0,0.0,0.0,0.0,0.0,0.0,0.0,0.0,0.0,0.0
0.0,0.20267717197537422,0.0,0.0,-90.67999267578125,6.0,17.5,10.0,0.0,0.0,0.0,0.0,0.0,0.0,0.0,0.0,0.0,0.0
0.0,0.20267717197537422,0.0,0.0,-90.67999267578125,6.0,17.5,10.0,0.0,0.0,0.0,0.0,0.0,0.0,0.0,0.0,0.0,0.0
0.0,0.20267717197537422,0.0,0.0,-90.67999267578125,6.0,17.5,10.0,0.0,0.0,0.0,0.0,0.0,0.0,0.0,0.0,0.0,0.0
0.0,0.20267717197537422,0.0,0.0,-90.6400146484375,6.0,17.5,10.0,0.0,0.0,0.0,0.0,0.0,0.0,0.0,0.0,0.0,0.0
0.0,0.20267717197537422,0.0,0.0,-90.6400146484375,6.0,17.5,10.0,0.0,0.0,0.0,0.0,0.0,0.0,0.0,0.0,0.0,0.0
0.0,0.20267717197537422,0.0,0.0,-90.66000366210938,6.0,17.5,10.0,0.0,0.0,0.0,0.0,0.0,0.0,0.0,0.0,0.0,0.0
0.0,0.20267717197537422,0.0,0.0,-90.71002197265625,6.0,17.5,10.0,0.0,0.0,0.0,0.0,0.0,0.0,0.0,0.0,0.0,0.0
0.0,0.20267717197537422,0.0,0.0,-90.760009765625,6.0,17.5,10.0,0.0,0.0,0.0,0.0,0.0,0.0,0.0,0.0,0.0,0.0
0.0,0.1948818853497505,0.0,0.0,-90.91000366210938,6.0,17.5,10.0,0.0,0.0,0.0,0.0,0.0,0.0,0.0,0.0,0.0,0.0
0.0,0.1948818853497505,0.0,0.0,-90.97998046875,6.0,17.5,10.0,0.0,0.0,0.0,0.0,0.0,0.0,0.0,0.0,0.0,0.0
0.0,0.1948818853497505,0.0,0.0,-91.05999755859375,6.0,17.5,10.0,0.0,0.0,0.0,0.0,0.0,0.0,0.0,0.0,0.0,0.0
0.0,0.17929134160280227,0.0,0.0,-91.1300048828125,6.0,17.5,10.0,0.0,0.0,0.0,0.0,0.0,0.0,0.0,0.0,0.0,0.0
0.0,0.17149606972932815,0.0,0.0,-91.21002197265625,6.0,17.5,10.0,0.0,0.0,0.0,0.0,0.0,0.0,0.0,0.0,0.0,0.0
0.0,0.17149606972932815,0.0,0.0,-91.30999755859375,6.0,17.5,10.0,0.0,0.0,0.0,0.0,0.0,0.0,0.0,0.0,0.0,0.0
0.0,0.15590551123023033,0.0,0.0,-91.42999267578125,6.0,17.5,10.0,0.0,0.0,0.0,0.0,0.0,0.0,0.0,0.0,0.0,0.0
0.0,0.1403149674832821,0.0,0.0,-91.55999755859375,6.0,17.5,10.0,0.0,0.0,0.0,0.0,0.0,0.0,0.0,0.0,0.0,0.0
0.0,0.1403149674832821,0.0,0.0,-91.6199951171875,6.0,17.5,10.0,0.0,0.0,0.0,0.0,0.0,0.0,0.0,0.0,0.0,0.0
0.0,0.1325196808576584,0.0,0.0,-91.78997802734375,6.0,17.5,10.0,0.0,0.0,0.0,0.0,0.0,0.0,0.0,0.0,0.0,0.0
0.0,0.1325196808576584,0.0,0.0,-91.8699951171875,6.0,17.5,10.0,0.0,0.0,0.0,0.0,0.0,0.0,0.0,0.0,0.0,0.0
0.0,0.12472440898418427,0.0,0.0,-91.97998046875,6.0,17.5,10.0,0.0,0.0,0.0,0.0,0.0,0.0,0.0,0.0,0.0,0.0
0.0,0.12472440898418427,0.0,0.0,-92.02999877929688,6.0,17.5,10.0,0.0,0.0,0.0,0.0,0.0,0.0,0.0,0.0,0.0,0.0
0.0,0.1325196808576584,0.0,0.0,-92.16998291015625,6.0,17.5,10.0,0.0,0.0,0.0,0.0,0.0,0.0,0.0,0.0,0.0,0.0
0.0,0.1325196808576584,0.0,0.0,-92.16998291015625,6.0,17.5,10.0,0.0,0.0,0.0,0.0,0.0,0.0,0.0,0.0,0.0,0.0
0.0,0.1325196808576584,0.0,0.0,-92.21002197265625,6.0,17.5,10.0,0.0,0.0,0.0,0.0,0.0,0.0,0.0,0.0,0.0,0.0
0.0,0.1325196808576584,0.0,0.0,-92.25,6.0,17.5,10.0,0.0,0.0,0.0,0.0,0.0,0.0,0.0,0.0,0.0,0.0
0.0,0.1325196808576584,0.0,0.0,-92.29998779296875,6.0,17.5,10.0,0.0,0.0,0.0,0.0,0.0,0.0,0.0,0.0,0.0,0.0
0.0,0.1325196808576584,0.0,0.0,-92.33999633789062,6.0,17.5,10.0,0.0,0.0,0.0,0.0,0.0,0.0,0.0,0.0,0.0,0.0
0.0,0.1403149674832821,0.0,0.0,-92.3699951171875,6.0,17.5,10.0,0.0,0.0,0.0,0.0,0.0,0.0,0.0,0.0,0.0,0.0
0.0,0.1403149674832821,0.0,0.0,-92.46002197265625,6.0,17.5,10.0,0.0,0.0,0.0,0.0,0.0,0.0,0.0,0.0,0.0,0.0
0.0,0.1403149674832821,0.0,0.0,-92.510009765625,6.0,17.5,10.0,0.0,0.0,0.0,0.0,0.0,0.0,0.0,0.0,0.0,0.0
0.0,0.1403149674832821,0.0,0.0,-92.54998779296875,6.0,17.5,10.0,0.0,0.0,0.0,0.0,0.0,0.0,0.0,0.0,0.0,0.0
0.0,0.1403149674832821,0.0,0.0,-92.66000366210938,6.0,17.5,10.0,0.0,0.0,0.0,0.0,0.0,0.0,0.0,0.0,0.0,0.0
0.0,0.1403149674832821,0.0,0.0,-92.72000122070312,6.0,17.5,10.0,0.0,0.0,0.0,0.0,0.0,0.0,0.0,0.0,0.0,0.0
0.0,0.17929134160280227,0.0,0.0,-92.92999267578125,6.0,17.5,10.0,0.0,0.0,0.0,0.0,0.0,0.0,0.0,0.0,0.0,0.0
0.0,0.17929134160280227,0.0,0.0,-92.94000244140625,6.0,17.5,10.0,0.0,0.0,0.0,0.0,0.0,0.0,0.0,0.0,0.0,0.0
0.0,0.1948818853497505,0.0,0.0,-92.94000244140625,6.0,17.5,10.0,0.0,0.0,0.0,0.0,0.0,0.0,0.0,0.0,0.0,0.0
0.0,0.1948818853497505,0.0,0.0,-92.96002197265625,6.0,17.5,10.0,0.0,0.0,0.0,0.0,0.0,0.0,0.0,0.0,0.0,0.0
0.0,0.20267717197537422,0.0,0.0,-92.989990234375,6.0,17.5,10.0,0.0,0.0,0.0,0.0,0.0,0.0,0.0,0.0,0.0,0.0
0.0,0.20267717197537422,0.0,0.0,-93.07000732421875,6.0,17.5,10.0,0.0,0.0,0.0,0.0,0.0,0.0,0.0,0.0,0.0,0.0
0.0,0.21047244384884833,0.0,0.0,-93.07000732421875,6.0,17.5,10.0,0.0,0.0,0.0,0.0,0.0,0.0,0.0,0.0,0.0,0.0
0.0,0.21047244384884833,0.0,0.0,-93.07000732421875,6.0,17.5,10.0,0.0,0.0,0.0,0.0,0.0,0.0,0.0,0.0,0.0,0.0
0.0,0.21047244384884833,0.0,0.0,-93.02999877929688,6.0,17.5,10.0,0.0,0.0,0.0,0.0,0.0,0.0,0.0,0.0,0.0,0.0
0.0,0.21047244384884833,0.0,0.0,-93.02999877929688,6.0,17.5,10.0,0.0,0.0,0.0,0.0,0.0,0.0,0.0,0.0,0.0,0.0
0.0,0.21047244384884833,0.0,0.0,-93.02001953125,6.0,17.5,10.0,0.0,0.0,0.0,0.0,0.0,0.0,0.0,0.0,0.0,0.0
0.0,0.21047244384884833,0.0,0.0,-93.05999755859375,6.0,17.5,10.0,0.0,0.0,0.0,0.0,0.0,0.0,0.0,0.0,0.0,0.0
0.0,0.21047244384884833,0.0,0.0,-93.1199951171875,6.0,17.5,10.0,0.0,0.0,0.0,0.0,0.0,0.0,0.0,0.0,0.0,0.0
0.0,0.21047244384884833,0.0,0.0,-93.1199951171875,6.0,17.5,10.0,0.0,0.0,0.0,0.0,0.0,0.0,0.0,0.0,0.0,0.0
0.0,0.21047244384884833,0.0,0.0,-93.20001220703125,6.0,17.5,10.0,0.0,0.0,0.0,0.0,0.0,0.0,0.0,0.0,0.0,0.0
0.0,0.21047244384884833,0.0,0.0,-93.32000732421875,6.0,17.5,10.0,0.0,0.0,0.0,0.0,0.0,0.0,0.0,0.0,0.0,0.0
0.0,0.21047244384884833,0.0,0.0,-93.39999389648438,6.0,17.5,10.0,0.0,0.0,0.0,0.0,0.0,0.0,0.0,0.0,0.0,0.0
0.0,0.21047244384884833,0.0,0.0,-93.47998046875,6.0,17.5,10.0,0.0,0.0,0.0,0.0,0.0,0.0,0.0,0.0,0.0,0.0
0.0,0.21047244384884833,0.0,0.0,-93.52001953125,6.0,17.5,10.0,0.0,0.0,0.0,0.0,0.0,0.0,0.0,0.0,0.0,0.0
0.0,0.21047244384884833,0.0,0.0,-93.55999755859375,6.0,17.5,10.0,0.0,0.0,0.0,0.0,0.0,0.0,0.0,0.0,0.0,0.0
0.0,0.21047244384884833,0.0,0.0,-93.6400146484375,6.0,17.5,10.0,0.0,0.0,0.0,0.0,0.0,0.0,0.0,0.0,0.0,0.0
0.0,0.21047244384884833,0.0,0.0,-93.71002197265625,6.0,17.5,10.0,0.0,0.0,0.0,0.0,0.0,0.0,0.0,0.0,0.0,0.0
0.0,0.21047244384884833,0.0,0.0,-93.8599853515625,6.0,17.5,10.0,0.0,0.0,0.0,0.0,0.0,0.0,0.0,0.0,0.0,0.0
0.0,0.21047244384884833,0.0,0.0,-93.94000244140625,6.0,17.5,10.0,0.0,0.0,0.0,0.0,0.0,0.0,0.0,0.0,0.0,0.0
0.0,0.21826771572232245,0.0,0.0,-94.35000610351562,6.0,17.5,10.0,0.0,0.0,0.0,0.0,0.0,0.0,0.0,0.0,0.0,0.0
0.0,0.21826771572232245,0.0,0.0,-94.6199951171875,6.0,17.5,10.0,0.0,0.0,0.0,0.0,0.0,0.0,0.0,0.0,0.0,0.0
0.0,0.21826771572232245,0.0,0.0,-94.89999389648438,6.0,17.5,10.0,0.0,0.0,0.0,0.0,0.0,0.0,0.0,0.0,0.0,0.0
0.0,0.21826771572232245,0.0,0.0,-95.02001953125,6.0,17.5,10.0,0.0,0.0,0.0,0.0,0.0,0.0,0.0,0.0,0.0,0.0
0.0,0.21826771572232245,0.0,0.0,-95.1400146484375,6.0,17.5,10.0,0.0,0.0,0.0,0.0,0.0,0.0,0.0,0.0,0.0,0.0
0.0,0.21826771572232245,0.0,0.0,-95.1400146484375,6.0,17.5,10.0,0.0,0.0,0.0,0.0,0.0,0.0,0.0,0.0,0.0,0.0
0.0,0.21826771572232245,0.0,0.0,-95.39999389648438,6.0,17.5,10.0,0.0,0.0,0.0,0.0,0.0,0.0,0.0,0.0,0.0,0.0
0.0,0.21826771572232245,0.0,0.0,-95.54998779296875,6.0,17.5,10.0,0.0,0.0,0.0,0.0,0.0,0.0,0.0,0.0,0.0,0.0
0.0,0.21826771572232245,0.0,0.0,-95.71002197265625,6.0,17.5,10.0,0.0,0.0,0.0,0.0,0.0,0.0,0.0,0.0,0.0,0.0
0.0,0.22606298759579657,0.0,0.0,-95.8800048828125,6.0,17.5,10.0,0.0,0.0,0.0,0.0,0.0,0.0,0.0,0.0,0.0,0.0
0.0,0.22606298759579657,0.0,0.0,-96.08999633789062,6.0,17.5,10.0,0.0,0.0,0.0,0.0,0.0,0.0,0.0,0.0,0.0,0.0
0.0,0.22606298759579657,0.0,0.0,-96.72000122070312,6.0,17.5,10.0,0.0,0.0,0.0,0.0,0.0,0.0,0.0,0.0,0.0,0.0
0.0,0.22606298759579657,0.0,0.0,-96.8900146484375,6.0,17.5,10.0,0.0,0.0,0.0,0.0,0.0,0.0,0.0,0.0,0.0,0.0
0.0,0.22606298759579657,0.0,0.0,-97.04998779296875,6.0,17.5,10.0,0.0,0.0,0.0,0.0,0.0,0.0,0.0,0.0,0.0,0.0
0.0,0.22606298759579657,0.0,0.0,-97.22000122070312,6.0,17.5,10.0,0.0,0.0,0.0,0.0,0.0,0.0,0.0,0.0,0.0,0.0
0.0,0.22606298759579657,0.0,0.0,-97.3900146484375,6.0,17.5,10.0,0.0,0.0,0.0,0.0,0.0,0.0,0.0,0.0,0.0,0.0
0.0,0.22606298759579657,0.0,0.0,-97.58999633789062,6.0,17.5,10.0,0.0,0.0,0.0,0.0,0.0,0.0,0.0,0.0,0.0,0.0
0.0,0.22606298759579657,0.0,0.0,-97.79998779296875,6.0,17.5,10.0,0.0,0.0,0.0,0.0,0.0,0.0,0.0,0.0,0.0,0.0
0.0,0.22606298759579657,0.0,0.0,-98.0,6.0,17.5,10.0,0.0,0.0,0.0,0.0,0.0,0.0,0.0,0.0,0.0,0.0
0.0,0.22606298759579657,0.0,0.0,-98.16000366210938,6.0,17.5,10.0,0.0,0.0,0.0,0.0,0.0,0.0,0.0,0.0,0.0,0.0
0.0,0.22606298759579657,0.0,0.0,-98.39999389648438,6.0,17.5,10.0,0.0,0.0,0.0,0.0,0.0,0.0,0.0,0.0,0.0,0.0
0.0,0.22606298759579657,0.0,0.0,-98.52999877929688,6.0,17.5,10.0,0.0,0.0,0.0,0.0,0.0,0.0,0.0,0.0,0.0,0.0
0.0,0.22606298759579657,0.0,-0.18929980693464754,-98.66998291015625,6.0,17.5,10.0,0.0,0.0,0.0,0.0,0.0,0.0,0.0,0.0,0.0,0.0
0.0,0.22606298759579657,0.0,-0.3436116964863836,-99.02001953125,6.0,17.5,10.0,0.0,0.0,0.0,0.0,0.0,0.0,0.0,0.0,0.0,0.0
0.0,0.22606298759579657,0.0,-0.39269908169872414,-99.52999877929688,6.0,17.5,10.0,0.0,0.0,0.0,0.0,0.0,0.0,0.0,0.0,0.0,0.0
0.0,0.22606298759579657,0.0,-0.39269908169872414,-99.6199951171875,6.0,17.5,10.0,0.0,0.0,0.0,0.0,0.0,0.0,0.0,0.0,0.0,0.0
0.0,0.22606298759579657,0.0,-0.22805449390934626,-99.60000610351562,6.0,17.5,10.0,0.0,0.0,0.0,0.0,0.0,0.0,0.0,0.0,0.0,0.0
0.0,0.22606298759579657,0.0,-0.049260172808208866,-99.489990234375,6.0,17.5,10.0,0.0,0.0,0.0,0.0,0.0,0.0,0.0,0.0,0.0,0.0
0.0,0.22606298759579657,0.0,0.0,-99.25,6.0,17.5,10.0,0.0,0.0,0.0,0.0,0.0,0.0,0.0,0.0,0.0,0.0
0.0,0.22606298759579657,0.0,0.0,-98.80999755859375,6.0,17.5,10.0,0.0,0.0,0.0,0.0,0.0,0.0,0.0,0.0,0.0,0.0
0.0,0.22606298759579657,0.0,0.0,-98.27001953125,6.0,17.5,10.0,0.0,0.0,0.0,0.0,0.0,0.0,0.0,0.0,0.0,0.0
0.0,0.22606298759579657,0.0,0.0,-97.70001220703125,6.0,17.5,10.0,0.0,0.0,0.0,0.0,0.0,0.0,0.0,0.0,0.0,0.0
0.0,0.22606298759579657,0.0,0.0,-96.83001708984375,6.0,17.5,10.0,0.0,0.0,0.0,0.0,0.0,0.0,0.0,0.0,0.0,0.0
0.0,0.22606298759579657,0.0,0.0,-96.6300048828125,6.0,17.5,10.0,0.0,0.0,0.0,0.0,0.0,0.0,0.0,0.0,0.0,0.0
0.0,0.22606298759579657,0.0,0.0,-96.58001708984375,6.0,17.5,10.0,0.0,0.0,0.0,0.0,0.0,0.0,0.0,0.0,0.0,0.0
0.0,0.22606298759579657,0.0,0.0,-96.83001708984375,6.0,17.5,10.0,0.0,0.0,0.0,0.0,0.0,0.0,0.0,0.0,0.0,0.0
0.0,0.22606298759579657,0.0,0.0,-97.67999267578125,6.0,17.5,10.0,0.0,0.0,0.0,0.0,0.0,0.0,0.0,0.0,0.0,0.0
0.0,0.22606298759579657,0.0,0.0,-97.91000366210938,6.0,17.5,10.0,0.0,0.0,0.0,0.0,0.0,0.0,0.0,0.0,0.0,0.0
0.0,0.22606298759579657,0.0,0.0,-98.02001953125,6.0,17.5,10.0,0.0,0.0,0.0,0.0,0.0,0.0,0.0,0.0,0.0,0.0
0.0,0.22606298759579657,0.0,0.0,-98.02001953125,6.0,17.5,10.0,0.0,0.0,0.0,0.0,0.0,0.0,0.0,0.0,0.0,0.0
0.0,0.22606298759579657,0.0,0.0,-98.1400146484375,6.0,17.5,10.0,0.0,0.0,0.0,0.0,0.0,0.0,0.0,0.0,0.0,0.0
0.0,0.22606298759579657,0.0,0.0,-98.46002197265625,6.0,17.5,10.0,0.0,0.0,0.0,0.0,0.0,0.0,0.0,0.0,0.0,0.0
0.0,0.22606298759579657,0.0,0.0,-98.46002197265625,6.0,17.5,10.0,0.0,0.0,0.0,0.0,0.0,0.0,0.0,0.0,0.0,0.0
0.0,0.22606298759579657,0.0,-0.17998707911191522,-98.66000366210938,6.0,17.5,10.0,0.0,0.0,0.0,0.0,0.0,0.0,0.0,0.0,0.0,0.0
0.0,0.22606298759579657,0.0,-0.17998707911191522,-98.8800048828125,6.0,17.5,10.0,0.0,0.0,0.0,0.0,0.0,0.0,0.0,0.0,0.0,0.0
0.0,0.22606298759579657,0.0,-0.2127120025868089,-99.08001708984375,6.0,17.5,10.0,0.0,0.0,0.0,0.0,0.0,0.0,0.0,0.0,0.0,0.0
0.0,0.22606298759579657,0.0,-0.2945243112740431,-99.27001953125,6.0,17.5,10.0,0.0,0.0,0.0,0.0,0.0,0.0,0.0,0.0,0.0,0.0
0.0,0.22606298759579657,0.0,-0.4254240051736178,-99.32000732421875,6.0,17.5,10.0,0.0,0.0,0.0,0.0,0.0,0.0,0.0,0.0,0.0,0.0
0.0,0.22606298759579657,0.0,-0.4254240051736178,-99.1199951171875,6.0,17.5,10.0,0.0,0.0,0.0,0.0,0.0,0.0,0.0,0.0,0.0,0.0
0.0,0.22606298759579657,0.0,-0.4254240051736178,-98.82000732421875,6.0,17.5,10.0,0.0,0.0,0.0,0.0,0.0,0.0,0.0,0.0,0.0,0.0
0.0,0.22606298759579657,0.0,-0.39269908169872414,-98.45001220703125,6.0,17.5,10.0,0.0,0.0,0.0,0.0,0.0,0.0,0.0,0.0,0.0,0.0
0.0,0.22606298759579657,0.0,-0.39269908169872414,-97.97000122070312,6.0,17.5,10.0,0.0,0.0,0.0,0.0,0.0,0.0,0.0,0.0,0.0,0.0
0.0,0.22606298759579657,0.0,-0.2229399810693573,-97.3699951171875,6.0,17.5,10.0,0.0,0.0,0.0,0.0,0.0,0.0,0.0,0.0,0.0,0.0
0.0,0.22606298759579657,0.0,-0.04638247393764295,-97.3699951171875,6.0,17.5,10.0,0.0,0.0,0.0,0.0,0.0,0.0,0.0,0.0,0.0,0.0
0.0,0.22606298759579657,0.0,0.0,-96.6300048828125,6.0,17.5,10.0,0.0,0.0,0.0,0.0,0.0,0.0,0.0,0.0,0.0,0.0
0.0,0.22606298759579657,0.0,0.0,-95.80999755859375,6.0,17.5,10.0,0.0,0.0,0.0,0.0,0.0,0.0,0.0,0.0,0.0,0.0
0.0,0.21826771572232245,0.0,0.0,-94.04998779296875,6.0,17.5,10.0,0.0,0.0,0.0,0.0,0.0,0.0,0.0,0.0,0.0,0.0
0.0,0.21826771572232245,0.0,0.0,-93.239990234375,6.0,17.5,10.0,0.0,0.0,0.0,0.0,0.0,0.0,0.0,0.0,0.0,0.0
0.0,0.21826771572232245,0.0,0.0,-92.60000610351562,6.0,17.5,10.0,0.0,0.0,0.0,0.0,0.0,0.0,0.0,0.0,0.0,0.0
0.0,0.21826771572232245,0.0,0.0,-91.94000244140625,6.0,17.5,10.0,0.0,0.0,0.0,0.0,0.0,0.0,0.0,0.0,0.0,0.0
0.0,0.21826771572232245,0.0,0.0,-91.8900146484375,6.0,17.5,10.0,0.0,0.0,0.0,0.0,0.0,0.0,0.0,0.0,0.0,0.0
0.0,0.21826771572232245,0.0,0.0,-92.08001708984375,6.0,17.5,10.0,0.0,0.0,0.0,0.0,0.0,0.0,0.0,0.0,0.0,0.0
0.0,0.21826771572232245,0.0,0.0,-92.30999755859375,6.0,17.5,10.0,0.0,0.0,0.0,0.0,0.0,0.0,0.0,0.0,0.0,0.0
0.0,0.21826771572232245,0.0,0.0,-92.52999877929688,6.0,17.5,10.0,0.0,0.0,0.0,0.0,0.0,0.0,0.0,0.0,0.0,0.0
0.0,0.21826771572232245,0.0,0.0,-92.8800048828125,6.0,17.5,10.0,0.0,0.0,0.0,0.0,0.0,0.0,0.0,0.0,0.0,0.0
0.0,0.21826771572232245,0.0,0.0,-93.05999755859375,6.0,17.5,10.0,0.0,0.0,0.0,0.0,0.0,0.0,0.0,0.0,0.0,0.0
0.0,0.21826771572232245,0.0,0.0,-93.27001953125,6.0,17.5,10.0,0.0,0.0,0.0,0.0,0.0,0.0,0.0,0.0,0.0,0.0
0.0,0.21826771572232245,0.0,0.0,-93.53997802734375,6.0,17.5,10.0,0.0,0.0,0.0,0.0,0.0,0.0,0.0,0.0,0.0,0.0
0.0,0.21826771572232245,0.0,0.0,-93.83001708984375,6.0,17.5,10.0,0.0,0.0,0.0,0.0,0.0,0.0,0.0,0.0,0.0,0.0
0.0,0.21826771572232245,0.0,0.0,-93.97998046875,6.0,17.5,10.0,0.0,0.0,0.0,0.0,0.0,0.0,0.0,0.0,0.0,0.0
0.0,0.21826771572232245,0.0,0.0,-94.21002197265625,6.0,17.5,10.0,0.0,0.0,0.0,0.0,0.0,0.0,0.0,0.0,0.0,0.0
0.0,0.21826771572232245,0.0,0.0,-94.6400146484375,6.0,17.5,10.0,0.0,0.0,0.0,0.0,0.0,0.0,0.0,0.0,0.0,0.0
0.0,0.21826771572232245,0.0,0.0,-95.16998291015625,6.0,17.5,10.0,0.0,0.0,0.0,0.0,0.0,0.0,0.0,0.0,0.0,0.0
0.0,0.21826771572232245,0.0,0.0,-95.3699951171875,6.0,17.5,10.0,0.0,0.0,0.0,0.0,0.0,0.0,0.0,0.0,0.0,0.0
0.0,0.21826771572232245,0.0,0.0,-95.55999755859375,6.0,17.5,10.0,0.0,0.0,0.0,0.0,0.0,0.0,0.0,0.0,0.0,0.0
0.0,0.21826771572232245,0.0,0.0,-95.739990234375,6.0,17.5,10.0,0.0,0.0,0.0,0.0,0.0,0.0,0.0,0.0,0.0,0.0
0.0,0.21047244384884833,0.0,0.0,-95.91000366210938,6.0,17.5,10.0,0.0,0.0,0.0,0.0,0.0,0.0,0.0,0.0,0.0,0.0
0.0,0.21047244384884833,0.0,0.0,-96.08001708984375,6.0,17.5,10.0,0.0,0.0,0.0,0.0,0.0,0.0,0.0,0.0,0.0,0.0
0.0,0.21047244384884833,0.0,0.0,-96.25,6.0,17.5,10.0,0.0,0.0,0.0,0.0,0.0,0.0,0.0,0.0,0.0,0.0
0.0,0.21047244384884833,0.0,0.0,-96.41000366210938,6.0,17.5,10.0,0.0,0.0,0.0,0.0,0.0,0.0,0.0,0.0,0.0,0.0
0.0,0.21047244384884833,0.0,0.0,-96.70001220703125,6.0,17.5,10.0,0.0,0.0,0.0,0.0,0.0,0.0,0.0,0.0,0.0,0.0
0.0,0.20267717197537422,0.0,0.0,-96.8699951171875,6.0,17.5,10.0,0.0,0.0,0.0,0.0,0.0,0.0,0.0,0.0,0.0,0.0
0.0,0.20267717197537422,0.0,0.0,-97.07000732421875,6.0,17.5,10.0,0.0,0.0,0.0,0.0,0.0,0.0,0.0,0.0,0.0,0.0
0.0,0.1948818853497505,0.0,0.0,-97.45001220703125,6.0,17.5,10.0,0.0,0.0,0.0,0.0,0.0,0.0,0.0,0.0,0.0,0.0
0.0,0.15590551123023033,0.0,0.0,-97.89999389648438,6.0,17.5,10.0,0.0,0.0,0.0,0.0,0.0,0.0,0.0,0.0,0.0,0.0
0.0,0.15590551123023033,0.0,0.0,-98.07000732421875,6.0,17.5,10.0,0.0,0.0,0.0,0.0,0.0,0.0,0.0,0.0,0.0,0.0
0.0,0.1325196808576584,0.0,0.0,-98.25,6.0,17.5,10.0,0.0,0.0,0.0,0.0,0.0,0.0,0.0,0.0,0.0,0.0
0.0,0.12472440898418427,0.0,0.0,-98.41998291015625,6.0,17.5,10.0,0.0,0.0,0.0,0.0,0.0,0.0,0.0,0.0,0.0,0.0
0.0,0.12472440898418427,0.0,0.0,-98.53997802734375,6.0,17.5,10.0,0.0,0.0,0.0,0.0,0.0,0.0,0.0,0.0,0.0,0.0
0.0,0.12472440898418427,0.0,0.0,-98.64999389648438,6.0,17.5,10.0,0.0,0.0,0.0,0.0,0.0,0.0,0.0,0.0,0.0,0.0
0.0,0.11692913711071014,0.0,0.0,-98.83999633789062,6.0,17.5,10.0,0.0,0.0,0.0,0.0,0.0,0.0,0.0,0.0,0.0,0.0
0.0,0.11692913711071014,0.0,0.0,-98.91998291015625,6.0,17.5,10.0,0.0,0.0,0.0,0.0,0.0,0.0,0.0,0.0,0.0,0.0
0.0,0.12472440898418427,0.0,0.0,-99.6400146484375,6.0,17.5,10.0,0.0,0.0,0.0,0.0,0.0,0.0,0.0,0.0,0.0,0.0
0.0,0.12472440898418427,0.0,0.0,-100.02999877929688,6.0,17.5,10.0,0.0,0.0,0.0,0.0,0.0,0.0,0.0,0.0,0.0,0.0
0.0,0.12472440898418427,0.0,0.0,-100.260009765625,6.0,17.5,10.0,0.0,0.0,0.0,0.0,0.0,0.0,0.0,0.0,0.0,0.0
0.0,0.1481102393567562,0.0,0.0,-101.82000732421875,6.0,17.5,10.0,0.0,0.0,0.0,0.0,0.0,0.0,0.0,0.0,0.0,0.0
0.0,0.15590551123023033,0.0,0.0,-101.82000732421875,6.0,17.5,10.0,0.0,0.0,0.0,0.0,0.0,0.0,0.0,0.0,0.0,0.0
0.0,0.15590551123023033,0.0,0.0,-101.760009765625,6.0,17.5,10.0,0.0,0.0,0.0,0.0,0.0,0.0,0.0,0.0,0.0,0.0
0.0,0.15590551123023033,0.0,0.0,-101.760009765625,6.0,17.5,10.0,0.0,0.0,0.0,0.0,0.0,0.0,0.0,0.0,0.0,0.0
0.0,0.15590551123023033,0.0,0.0,-101.80999755859375,6.0,17.5,10.0,0.0,0.0,0.0,0.0,0.0,0.0,0.0,0.0,0.0,0.0
0.0,0.15590551123023033,0.0,0.0,-101.47998046875,6.0,17.5,10.0,0.0,0.0,0.0,0.0,0.0,0.0,0.0,0.0,0.0,0.0
0.0,0.15590551123023033,0.0,0.0,-101.47998046875,6.0,17.5,10.0,0.0,0.0,0.0,0.0,0.0,0.0,0.0,0.0,0.0,0.0
0.0,0.15590551123023033,0.0,0.0,-101.21002197265625,6.0,17.5,10.0,0.0,0.0,0.0,0.0,0.0,0.0,0.0,0.0,0.0,0.0
0.0,0.15590551123023033,0.0,0.0,-100.989990234375,6.0,17.5,10.0,0.0,0.0,0.0,0.0,0.0,0.0,0.0,0.0,0.0,0.0
0.0,0.15590551123023033,0.0,0.0,-100.989990234375,6.0,17.5,10.0,0.0,0.0,0.0,0.0,0.0,0.0,0.0,0.0,0.0,0.0
0.0,0.15590551123023033,0.0,0.0,-100.95001220703125,6.0,17.5,10.0,0.0,0.0,0.0,0.0,0.0,0.0,0.0,0.0,0.0,0.0
0.0,0.15590551123023033,0.0,0.0,-100.94000244140625,6.0,17.5,10.0,0.0,0.0,0.0,0.0,0.0,0.0,0.0,0.0,0.0,0.0
0.0,0.1481102393567562,0.0,0.0,-101.05999755859375,6.0,17.5,10.0,0.0,0.0,0.0,0.0,0.0,0.0,0.0,0.0,0.0,0.0
0.0,0.1481102393567562,0.0,0.0,-101.29998779296875,6.0,17.5,10.0,0.0,0.0,0.0,0.0,0.0,0.0,0.0,0.0,0.0,0.0
0.0,0.1325196808576584,0.0,0.0,-101.510009765625,6.0,17.5,10.0,0.0,0.0,0.0,0.0,0.0,0.0,0.0,0.0,0.0,0.0
0.0,0.1325196808576584,0.0,0.0,-101.510009765625,6.0,17.5,10.0,0.0,0.0,0.0,0.0,0.0,0.0,0.0,0.0,0.0,0.0
0.0,0.1325196808576584,0.0,0.0,-101.6099853515625,6.0,17.5,10.0,0.0,0.0,0.0,0.0,0.0,0.0,0.0,0.0,0.0,0.0
0.0,0.10913385786116123,0.0,0.0,-101.6199951171875,6.0,17.5,10.0,0.0,0.0,0.0,0.0,0.0,0.0,0.0,0.0,0.0,0.0
0.0,0.10133858598768711,0.0,0.0,-101.58001708984375,6.0,17.5,10.0,0.0,0.0,0.0,0.0,0.0,0.0,0.0,0.0,0.0,0.0
0.0,0.10133858598768711,0.0,0.0,-101.52999877929688,6.0,17.5,10.0,0.0,0.0,0.0,0.0,0.0,0.0,0.0,0.0,0.0,0.0
0.0,0.10133858598768711,0.0,0.0,-101.44000244140625,6.0,17.5,10.0,0.0,0.0,0.0,0.0,0.0,0.0,0.0,0.0,0.0,0.0
0.0,0.10133858598768711,0.0,0.0,-101.30999755859375,6.0,17.5,10.0,0.0,0.0,0.0,0.0,0.0,0.0,0.0,0.0,0.0,0.0
0.0,0.009725965987696554,0.0,0.0,-101.21002197265625,6.0,17.5,10.0,0.0,0.0,0.0,0.0,0.0,0.0,0.0,0.0,0.0,0.0
0.0,0.0,0.0,0.0,-101.21002197265625,6.0,17.5,10.0,0.0,0.0,0.0,0.0,0.0,0.0,0.0,0.0,0.0,0.0
0.0,0.0,0.0,0.0,-101.260009765625,6.0,17.5,10.0,0.0,0.0,0.0,0.0,0.0,0.0,0.0,0.0,0.0,0.0
0.0,0.0,0.0,0.0,-101.35000610351562,6.0,17.5,10.0,0.0,0.0,0.0,0.0,0.0,0.0,0.0,0.0,0.0,0.0
0.0,0.0,0.0,0.0,-101.46002197265625,6.0,17.5,10.0,0.0,0.0,0.0,0.0,0.0,0.0,0.0,0.0,0.0,0.0
0.0,0.0935433067381382,0.0,0.0,-102.02999877929688,6.0,17.5,10.0,0.0,0.0,0.0,0.0,0.0,0.0,0.0,0.0,0.0,0.0
0.0,0.10133858598768711,0.0,0.0,-102.04998779296875,6.0,17.5,10.0,0.0,0.0,0.0,0.0,0.0,0.0,0.0,0.0,0.0,0.0
0.0,0.10913385786116123,0.0,0.0,-102.1099853515625,6.0,17.5,10.0,0.0,0.0,0.0,0.0,0.0,0.0,0.0,0.0,0.0,0.0
0.0,0.11692913711071014,0.0,0.0,-102.14999389648438,6.0,17.5,10.0,0.0,0.0,0.0,0.0,0.0,0.0,0.0,0.0,0.0,0.0
0.0,0.1403149674832821,0.0,0.0,-102.1400146484375,6.0,17.5,10.0,0.0,0.0,0.0,0.0,0.0,0.0,0.0,0.0,0.0,0.0
0.0,0.1403149674832821,0.0,0.0,-102.1400146484375,6.0,17.5,10.0,0.0,0.0,0.0,0.0,0.0,0.0,0.0,0.0,0.0,0.0
0.0,0.1403149674832821,0.0,0.0,-102.1400146484375,6.0,17.5,10.0,0.0,0.0,0.0,0.0,0.0,0.0,0.0,0.0,0.0,0.0
0.0,0.1403149674832821,0.0,0.0,-102.16998291015625,6.0,17.5,10.0,0.0,0.0,0.0,0.0,0.0,0.0,0.0,0.0,0.0,0.0
0.0,0.1403149674832821,0.0,0.0,-102.19000244140625,6.0,17.5,10.0,0.0,0.0,0.0,0.0,0.0,0.0,0.0,0.0,0.0,0.0
0.0,0.1403149674832821,0.0,0.0,-102.19000244140625,6.0,17.5,10.0,0.0,0.0,0.0,0.0,0.0,0.0,0.0,0.0,0.0,0.0
0.0,0.1403149674832821,0.0,0.0,-102.27999877929688,6.0,17.5,10.0,0.0,0.0,0.0,0.0,0.0,0.0,0.0,0.0,0.0,0.0
0.0,0.1403149674832821,0.0,0.0,-102.33999633789062,6.0,17.5,10.0,0.0,0.0,0.0,0.0,0.0,0.0,0.0,0.0,0.0,0.0
0.0,0.1403149674832821,0.0,0.0,-102.3800048828125,6.0,17.5,10.0,0.0,0.0,0.0,0.0,0.0,0.0,0.0,0.0,0.0,0.0
0.0,0.1481102393567562,0.0,0.0,-102.41998291015625,6.0,17.5,10.0,0.0,0.0,0.0,0.0,0.0,0.0,0.0,0.0,0.0,0.0
0.0,0.1403149674832821,0.0,0.0,-102.45001220703125,6.0,17.5,10.0,0.0,0.0,0.0,0.0,0.0,0.0,0.0,0.0,0.0,0.0
0.0,0.1403149674832821,0.0,0.0,-102.489990234375,6.0,17.5,10.0,0.0,0.0,0.0,0.0,0.0,0.0,0.0,0.0,0.0,0.0
0.0,0.1403149674832821,0.0,0.0,-102.58999633789062,6.0,17.5,10.0,0.0,0.0,0.0,0.0,0.0,0.0,0.0,0.0,0.0,0.0
0.0,0.1403149674832821,0.0,0.0,-102.64999389648438,6.0,17.5,10.0,0.0,0.0,0.0,0.0,0.0,0.0,0.0,0.0,0.0,0.0
0.0,0.1403149674832821,0.0,0.0,-102.72998046875,6.0,17.5,10.0,0.0,0.0,0.0,0.0,0.0,0.0,0.0,0.0,0.0,0.0
0.0,0.1403149674832821,0.0,0.0,-102.82000732421875,6.0,17.5,10.0,0.0,0.0,0.0,0.0,0.0,0.0,0.0,0.0,0.0,0.0
0.0,0.1403149674832821,0.0,0.0,-102.91998291015625,6.0,17.5,10.0,0.0,0.0,0.0,0.0,0.0,0.0,0.0,0.0,0.0,0.0
0.0,0.1403149674832821,0.0,0.0,-103.02001953125,6.0,17.5,10.0,0.0,0.0,0.0,0.0,0.0,0.0,0.0,0.0,0.0,0.0
0.0,0.1403149674832821,0.0,0.0,-103.1099853515625,6.0,17.5,10.0,0.0,0.0,0.0,0.0,0.0,0.0,0.0,0.0,0.0,0.0
0.0,0.1325196808576584,0.0,0.0,-103.29998779296875,6.0,17.5,10.0,0.0,0.0,0.0,0.0,0.0,0.0,0.0,0.0,0.0,0.0
0.0,0.1325196808576584,0.0,0.0,-103.3900146484375,6.0,17.5,10.0,0.0,0.0,0.0,0.0,0.0,0.0,0.0,0.0,0.0,0.0
0.0,0.1325196808576584,0.0,0.0,-103.45001220703125,6.0,17.5,10.0,0.0,0.0,0.0,0.0,0.0,0.0,0.0,0.0,0.0,0.0
0.0,0.1325196808576584,0.0,0.0,-103.47000122070312,6.0,17.5,10.0,0.0,0.0,0.0,0.0,0.0,0.0,0.0,0.0,0.0,0.0
0.0,0.12472440898418427,0.0,0.0,-103.53997802734375,6.0,17.5,10.0,0.0,0.0,0.0,0.0,0.0,0.0,0.0,0.0,0.0,0.0
0.0,0.10913385786116123,0.0,0.0,-104.17999267578125,6.0,17.5,10.0,0.0,0.0,0.0,0.0,0.0,0.0,0.0,0.0,0.0,0.0
0.0,0.10133858598768711,0.0,0.0,-104.27999877929688,6.0,17.5,10.0,0.0,0.0,0.0,0.0,0.0,0.0,0.0,0.0,0.0,0.0
0.0,0.0,0.0,0.0,-104.35000610351562,6.0,17.5,10.0,0.0,0.0,0.0,0.0,0.0,0.0,0.0,0.0,0.0,0.0
0.0,0.0,0.0,0.0,-104.41000366210938,6.0,17.5,10.0,0.0,0.0,0.0,0.0,0.0,0.0,0.0,0.0,0.0,0.0
0.0,0.0,0.0,0.0,-104.5,6.0,17.5,10.0,0.0,0.0,0.0,0.0,0.0,0.0,0.0,0.0,0.0,0.0
0.0,0.0,0.0,0.0,-104.60000610351562,6.0,17.5,10.0,0.0,0.0,0.0,0.0,0.0,0.0,0.0,0.0,0.0,0.0
0.0,-0.08570232000005604,0.0,0.0,-105.16000366210938,6.0,17.5,10.0,0.0,0.0,0.0,0.0,0.0,0.0,0.0,0.0,0.0,0.0
0.0,-0.131484375,0.0,0.0,-105.19999694824219,6.0,17.5,10.0,0.0,0.0,0.0,0.0,0.0,0.0,0.0,0.0,0.0,0.0
0.0,-0.131484375,0.0,0.0,-105.24000549316406,6.0,17.5,10.0,0.0,0.0,0.0,0.0,0.0,0.0,0.0,0.0,0.0,0.0
0.0,-0.146953125,0.0,0.0,-105.24000549316406,6.0,17.5,10.0,0.0,0.0,0.0,0.0,0.0,0.0,0.0,0.0,0.0,0.0
0.0,-0.1546875,0.0,0.0,-105.24000549316406,6.0,17.5,10.0,0.0,0.0,0.0,0.0,0.0,0.0,0.0,0.0,0.0,0.0
0.0,-0.162421875,0.0,0.0,-105.25,6.0,17.5,10.0,0.0,0.0,0.0,0.0,0.0,0.0,0.0,0.0,0.0,0.0
0.0,-0.162421875,0.0,0.0,-105.27000427246094,6.0,17.5,10.0,0.0,0.0,0.0,0.0,0.0,0.0,0.0,0.0,0.0,0.0
0.0,-0.17015625,0.0,0.0,-105.27999877929688,6.0,17.5,10.0,0.0,0.0,0.0,0.0,0.0,0.0,0.0,0.0,0.0,0.0
0.0,-0.17015625,0.0,0.0,-105.25999450683594,6.0,17.5,10.0,0.0,0.0,0.0,0.0,0.0,0.0,0.0,0.0,0.0,0.0
0.0,-0.17015625,0.0,0.0,-105.24000549316406,6.0,17.5,10.0,0.0,0.0,0.0,0.0,0.0,0.0,0.0,0.0,0.0,0.0
0.0,-0.177890625,0.0,0.0,-105.21000671386719,6.0,17.5,10.0,0.0,0.0,0.0,0.0,0.0,0.0,0.0,0.0,0.0,0.0
0.0,-0.18562499999999998,0.0,0.0,-105.17999267578125,6.0,17.5,10.0,0.0,0.0,0.0,0.0,0.0,0.0,0.0,0.0,0.0,0.0
0.0,-0.20109375,0.0,-0.16362461737446837,-105.05000305175781,6.0,17.5,10.0,0.0,0.0,0.0,0.0,0.0,0.0,0.0,0.0,0.0,0.0
0.0,-0.208828125,0.0,-0.17998707911191522,-104.97999572753906,6.0,17.5,10.0,0.0,0.0,0.0,0.0,0.0,0.0,0.0,0.0,0.0,0.0
0.0,-0.208828125,0.0,-0.2127120025868089,-104.91000366210938,6.0,17.5,10.0,0.0,0.0,0.0,0.0,0.0,0.0,0.0,0.0,0.0,0.0
0.0,-0.208828125,0.0,-0.2617993877991494,-104.83999633789062,6.0,17.5,10.0,0.0,0.0,0.0,0.0,0.0,0.0,0.0,0.0,0.0,0.0
0.0,-0.208828125,0.0,-0.2617993877991494,-104.77999877929688,6.0,17.5,10.0,0.0,0.0,0.0,0.0,0.0,0.0,0.0,0.0,0.0,0.0
0.0,-0.208828125,0.0,-0.27816184953659623,-104.66999816894531,6.0,17.5,10.0,0.0,0.0,0.0,0.0,0.0,0.0,0.0,0.0,0.0,0.0
0.0,-0.2165625,0.0,-0.3108867730114899,-104.47000122070312,6.0,17.5,10.0,0.0,0.0,0.0,0.0,0.0,0.0,0.0,0.0,0.0,0.0
0.0,-0.2165625,0.0,-0.3108867730114899,-104.16000366210938,6.0,17.5,10.0,0.0,0.0,0.0,0.0,0.0,0.0,0.0,0.0,0.0,0.0
0.0,-0.2165625,0.0,-0.35997415822383044,-103.70001220703125,6.0,17.5,10.0,0.0,0.0,0.0,0.0,0.0,0.0,0.0,0.0,0.0,0.0
0.0,-0.2165625,0.0,-0.35997415822383044,-102.35000610351562,6.0,17.5,10.0,0.0,0.0,0.0,0.0,0.0,0.0,0.0,0.0,0.0,0.0
0.0,-0.2165625,0.0,-0.1718681564973902,-101.5,6.0,17.5,10.0,0.0,0.0,0.0,0.0,0.0,0.0,0.0,0.0,0.0,0.0
0.0,-0.224296875,0.0,0.0,-100.57000732421875,6.0,17.5,10.0,0.0,0.0,0.0,0.0,0.0,0.0,0.0,0.0,0.0,0.0
0.0,-0.224296875,0.0,0.0,-96.239990234375,6.0,17.5,10.0,0.0,0.0,0.0,0.0,0.0,0.0,0.0,0.0,0.0,0.0
0.0,-0.224296875,0.0,0.0,-95.20001220703125,6.0,17.5,10.0,0.0,0.0,0.0,0.0,0.0,0.0,0.0,0.0,0.0,0.0
0.0,-0.224296875,0.0,0.0,-94.27999877929688,6.0,17.5,10.0,0.0,0.0,0.0,0.0,0.0,0.0,0.0,0.0,0.0,0.0
0.0,-0.23203125,0.0,0.0,-93.510009765625,6.0,17.5,10.0,0.0,0.0,0.0,0.0,0.0,0.0,0.0,0.0,0.0,0.0
0.0,-0.239765625,0.0,0.0,-92.97000122070312,6.0,17.5,10.0,0.0,0.0,0.0,0.0,0.0,0.0,0.0,0.0,0.0,0.0
0.0,-0.2475,0.0,0.0,-92.69000244140625,6.0,17.5,10.0,0.0,0.0,0.0,0.0,0.0,0.0,0.0,0.0,0.0,0.0
0.0,-0.2475,0.0,0.0,-92.53997802734375,6.0,17.5,10.0,0.0,0.0,0.0,0.0,0.0,0.0,0.0,0.0,0.0,0.0
0.0,-0.239765625,0.0,0.0,-92.47000122070312,6.0,17.5,10.0,0.0,0.0,0.0,0.0,0.0,0.0,0.0,0.0,0.0,0.0
0.0,-0.239765625,0.0,0.0,-92.41998291015625,6.0,17.5,10.0,0.0,0.0,0.0,0.0,0.0,0.0,0.0,0.0,0.0,0.0
0.0,-0.239765625,0.0,0.0,-92.489990234375,6.0,17.5,10.0,0.0,0.0,0.0,0.0,0.0,0.0,0.0,0.0,0.0,0.0
0.0,-0.239765625,0.0,0.0,-92.91000366210938,6.0,17.5,10.0,0.0,0.0,0.0,0.0,0.0,0.0,0.0,0.0,0.0,0.0
0.0,-0.224296875,0.0,0.0,-93.17999267578125,6.0,17.5,10.0,0.0,0.0,0.0,0.0,0.0,0.0,0.0,0.0,0.0,0.0
0.0,-0.2165625,0.0,0.0,-93.5,6.0,17.5,10.0,0.0,0.0,0.0,0.0,0.0,0.0,0.0,0.0,0.0,0.0
0.0,-0.20109375,0.0,0.0,-94.260009765625,6.0,17.5,10.0,0.0,0.0,0.0,0.0,0.0,0.0,0.0,0.0,0.0,0.0
0.0,-0.20109375,0.0,0.0,-94.33001708984375,6.0,17.5,10.0,0.0,0.0,0.0,0.0,0.0,0.0,0.0,0.0,0.0,0.0
0.0,-0.20109375,0.0,0.0,-94.33001708984375,6.0,17.5,10.0,0.0,0.0,0.0,0.0,0.0,0.0,0.0,0.0,0.0,0.0
0.0,-0.20109375,0.0,0.0,-94.3900146484375,6.0,17.5,10.0,0.0,0.0,0.0,0.0,0.0,0.0,0.0,0.0,0.0,0.0
0.0,-0.20109375,0.0,0.0,-94.3800048828125,6.0,17.5,10.0,0.0,0.0,0.0,0.0,0.0,0.0,0.0,0.0,0.0,0.0
0.0,-0.20109375,0.0,0.0,-94.33001708984375,6.0,17.5,10.0,0.0,0.0,0.0,0.0,0.0,0.0,0.0,0.0,0.0,0.0
0.0,-0.20109375,0.0,0.0,-94.25,6.0,17.5,10.0,0.0,0.0,0.0,0.0,0.0,0.0,0.0,0.0,0.0,0.0
0.0,-0.20109375,0.0,0.0,-94.17999267578125,6.0,17.5,10.0,0.0,0.0,0.0,0.0,0.0,0.0,0.0,0.0,0.0,0.0
0.0,-0.20109375,0.0,0.0,-94.08999633789062,6.0,17.5,10.0,0.0,0.0,0.0,0.0,0.0,0.0,0.0,0.0,0.0,0.0
0.0,-0.20109375,0.0,0.0,-93.8699951171875,6.0,17.5,10.0,0.0,0.0,0.0,0.0,0.0,0.0,0.0,0.0,0.0,0.0
0.0,-0.208828125,0.0,0.0,-93.77001953125,6.0,17.5,10.0,0.0,0.0,0.0,0.0,0.0,0.0,0.0,0.0,0.0,0.0
0.0,-0.208828125,0.0,0.0,-93.69000244140625,6.0,17.5,10.0,0.0,0.0,0.0,0.0,0.0,0.0,0.0,0.0,0.0,0.0
0.0,-0.208828125,0.0,0.0,-93.6400146484375,6.0,17.5,10.0,0.0,0.0,0.0,0.0,0.0,0.0,0.0,0.0,0.0,0.0
0.0,-0.208828125,0.0,0.0,-93.66998291015625,6.0,17.5,10.0,0.0,0.0,0.0,0.0,0.0,0.0,0.0,0.0,0.0,0.0
0.0,-0.208828125,0.0,0.0,-93.71002197265625,6.0,17.5,10.0,0.0,0.0,0.0,0.0,0.0,0.0,0.0,0.0,0.0,0.0
0.0,-0.20109375,0.0,0.0,-93.760009765625,6.0,17.5,10.0,0.0,0.0,0.0,0.0,0.0,0.0,0.0,0.0,0.0,0.0
0.0,-0.193359375,0.0,0.0,-93.79998779296875,6.0,17.5,10.0,0.0,0.0,0.0,0.0,0.0,0.0,0.0,0.0,0.0,0.0
0.0,-0.18562499999999998,0.0,0.0,-93.83001708984375,6.0,17.5,10.0,0.0,0.0,0.0,0.0,0.0,0.0,0.0,0.0,0.0,0.0
0.0,-0.18562499999999998,0.0,0.0,-93.8599853515625,6.0,17.5,10.0,0.0,0.0,0.0,0.0,0.0,0.0,0.0,0.0,0.0,0.0
0.0,-0.177890625,0.0,0.0,-93.85000610351562,6.0,17.5,10.0,0.0,0.0,0.0,0.0,0.0,0.0,0.0,0.0,0.0,0.0
0.0,-0.17015625,0.0,0.0,-93.80999755859375,6.0,17.5,10.0,0.0,0.0,0.0,0.0,0.0,0.0,0.0,0.0,0.0,0.0
0.0,-0.17015625,0.0,0.0,-93.80999755859375,6.0,17.5,10.0,0.0,0.0,0.0,0.0,0.0,0.0,0.0,0.0,0.0,0.0
0.0,-0.1546875,0.0,0.0,-93.41000366210938,6.0,17.5,10.0,0.0,0.0,0.0,0.0,0.0,0.0,0.0,0.0,0.0,0.0
0.0,-0.146953125,0.0,0.0,-93.20001220703125,6.0,17.5,10.0,0.0,0.0,0.0,0.0,0.0,0.0,0.0,0.0,0.0,0.0
0.0,-0.1546875,0.0,0.0,-93.08999633789062,6.0,17.5,10.0,0.0,0.0,0.0,0.0,0.0,0.0,0.0,0.0,0.0,0.0
0.0,-0.1546875,0.0,0.0,-93.08999633789062,6.0,17.5,10.0,0.0,0.0,0.0,0.0,0.0,0.0,0.0,0.0,0.0,0.0
0.0,-0.1546875,0.0,0.0,-92.989990234375,6.0,17.5,10.0,0.0,0.0,0.0,0.0,0.0,0.0,0.0,0.0,0.0,0.0
0.0,-0.1546875,0.0,0.0,-92.8800048828125,6.0,17.5,10.0,0.0,0.0,0.0,0.0,0.0,0.0,0.0,0.0,0.0,0.0
0.0,-0.162421875,-0.09753479999989509,0.0,-92.78997802734375,6.0,17.5,10.0,0.0,0.0,0.0,0.0,0.0,0.0,0.0,0.0,0.0,0.0
0.0,-0.162421875,-0.11692913711071014,0.0,-92.72000122070312,6.0,17.5,10.0,0.0,0.0,0.0,0.0,0.0,0.0,0.0,0.0,0.0,0.0
0.0,-0.17015625,-0.11692913711071014,0.0,-92.6400146484375,6.0,17.5,10.0,0.0,0.0,0.0,0.0,0.0,0.0,0.0,0.0,0.0,0.0
0.0,-0.17015625,-0.11692913711071014,0.0,-92.6099853515625,6.0,17.5,10.0,0.0,0.0,0.0,0.0,0.0,0.0,0.0,0.0,0.0,0.0
0.0,-0.17015625,-0.11692913711071014,0.0,-92.6099853515625,6.0,17.5,10.0,0.0,0.0,0.0,0.0,0.0,0.0,0.0,0.0,0.0,0.0
0.0,-0.17015625,-0.11692913711071014,0.0,-92.47998046875,6.0,17.5,10.0,0.0,0.0,0.0,0.0,0.0,0.0,0.0,0.0,0.0,0.0
0.0,-0.17015625,-0.11692913711071014,0.0,-92.19000244140625,6.0,17.5,10.0,0.0,0.0,0.0,0.0,0.0,0.0,0.0,0.0,0.0,0.0
0.0,-0.162421875,-0.11692913711071014,0.0,-91.6199951171875,6.0,17.5,10.0,0.0,0.0,0.0,0.0,0.0,0.0,0.0,0.0,0.0,0.0
0.0,-0.162421875,-0.11692913711071014,0.0,-91.47000122070312,6.0,17.5,10.0,0.0,0.0,0.0,0.0,0.0,0.0,0.0,0.0,0.0,0.0
0.0,-0.162421875,-0.11692913711071014,0.0,-91.33999633789062,6.0,17.5,10.0,0.0,0.0,0.0,0.0,0.0,0.0,0.0,0.0,0.0,0.0
0.0,-0.162421875,-0.11692913711071014,0.0,-91.27999877929688,6.0,17.5,10.0,0.0,0.0,0.0,0.0,0.0,0.0,0.0,0.0,0.0,0.0
0.0,-0.162421875,-0.10913385786116123,0.0,-91.239990234375,6.0,17.5,10.0,0.0,0.0,0.0,0.0,0.0,0.0,0.0,0.0,0.0,0.0
0.0,-0.162421875,-0.10913385786116123,0.0,-91.19000244140625,6.0,17.5,10.0,0.0,0.0,0.0,0.0,0.0,0.0,0.0,0.0,0.0,0.0
0.0,-0.162421875,-0.10913385786116123,0.0,-91.1400146484375,6.0,17.5,10.0,0.0,0.0,0.0,0.0,0.0,0.0,0.0,0.0,0.0,0.0
0.0,-0.162421875,-0.10913385786116123,0.0,-91.17999267578125,6.0,17.5,10.0,0.0,0.0,0.0,0.0,0.0,0.0,0.0,0.0,0.0,0.0
0.0,-0.162421875,-0.10133858598768711,0.0,-91.27999877929688,6.0,17.5,10.0,0.0,0.0,0.0,0.0,0.0,0.0,0.0,0.0,0.0,0.0
0.0,-0.162421875,-0.10133858598768711,0.0,-91.41000366210938,6.0,17.5,10.0,0.0,0.0,0.0,0.0,0.0,0.0,0.0,0.0,0.0,0.0
0.0,-0.17015625,-0.0935433067381382,0.0,-91.70001220703125,6.0,17.5,10.0,0.0,0.0,0.0,0.0,0.0,0.0,0.0,0.0,0.0,0.0
0.0,-0.17015625,0.0,0.0,-92.02999877929688,6.0,17.5,10.0,0.0,0.0,0.0,0.0,0.0,0.0,0.0,0.0,0.0,0.0
0.0,-0.177890625,0.0,0.0,-92.83001708984375,6.0,17.5,10.0,0.0,0.0,0.0,0.0,0.0,0.0,0.0,0.0,0.0,0.0
0.0,-0.177890625,0.0,0.0,-93.03997802734375,6.0,17.5,10.0,0.0,0.0,0.0,0.0,0.0,0.0,0.0,0.0,0.0,0.0
0.0,-0.177890625,0.0,0.0,-93.239990234375,6.0,17.5,10.0,0.0,0.0,0.0,0.0,0.0,0.0,0.0,0.0,0.0,0.0
0.0,-0.18562499999999998,0.0,0.0,-93.47000122070312,6.0,17.5,10.0,0.0,0.0,0.0,0.0,0.0,0.0,0.0,0.0,0.0,0.0
0.0,-0.18562499999999998,0.0,0.0,-93.47000122070312,6.0,17.5,10.0,0.0,0.0,0.0,0.0,0.0,0.0,0.0,0.0,0.0,0.0
0.0,-0.193359375,0.0,0.0,-93.72998046875,6.0,17.5,10.0,0.0,0.0,0.0,0.0,0.0,0.0,0.0,0.0,0.0,0.0
0.0,-0.193359375,0.0,0.0,-93.989990234375,6.0,17.5,10.0,0.0,0.0,0.0,0.0,0.0,0.0,0.0,0.0,0.0,0.0
0.0,-0.20109375,0.0,0.0,-94.19000244140625,6.0,17.5,10.0,0.0,0.0,0.0,0.0,0.0,0.0,0.0,0.0,0.0,0.0
0.0,-0.2165625,0.0,0.0,-94.3699951171875,6.0,17.5,10.0,0.0,0.0,0.0,0.0,0.0,0.0,0.0,0.0,0.0,0.0
0.0,-0.224296875,0.0,0.0,-94.53997802734375,6.0,17.5,10.0,0.0,0.0,0.0,0.0,0.0,0.0,0.0,0.0,0.0,0.0
0.0,-0.224296875,0.0,0.0,-94.8599853515625,6.0,17.5,10.0,0.0,0.0,0.0,0.0,0.0,0.0,0.0,0.0,0.0,0.0
0.0,-0.23203125,0.0,0.0,-95.02001953125,6.0,17.5,10.0,0.0,0.0,0.0,0.0,0.0,0.0,0.0,0.0,0.0,0.0
0.0,-0.23203125,0.0,0.0,-95.19000244140625,6.0,17.5,10.0,0.0,0.0,0.0,0.0,0.0,0.0,0.0,0.0,0.0,0.0
0.0,-0.23203125,0.0,0.0,-95.58001708984375,6.0,17.5,10.0,0.0,0.0,0.0,0.0,0.0,0.0,0.0,0.0,0.0,0.0
0.0,-0.224296875,0.0,0.0,-95.64999389648438,6.0,17.5,10.0,0.0,0.0,0.0,0.0,0.0,0.0,0.0,0.0,0.0,0.0
0.0,-0.23203125,0.0,0.0,-95.47998046875,6.0,17.5,10.0,0.0,0.0,0.0,0.0,0.0,0.0,0.0,0.0,0.0,0.0
0.0,-0.23203125,0.0,0.0,-95.47998046875,6.0,17.5,10.0,0.0,0.0,0.0,0.0,0.0,0.0,0.0,0.0,0.0,0.0
0.0,-0.23203125,0.0,0.0,-95.27999877929688,6.0,17.5,10.0,0.0,0.0,0.0,0.0,0.0,0.0,0.0,0.0,0.0,0.0
0.0,-0.23203125,0.0,0.0,-94.97000122070312,6.0,17.5,10.0,0.0,0.0,0.0,0.0,0.0,0.0,0.0,0.0,0.0,0.0
0.0,-0.23203125,0.0,0.0,-94.47000122070312,6.0,17.5,10.0,0.0,0.0,0.0,0.0,0.0,0.0,0.0,0.0,0.0,0.0
0.0,-0.224296875,0.0,0.0,-94.35000610351562,6.0,17.5,10.0,0.0,0.0,0.0,0.0,0.0,0.0,0.0,0.0,0.0,0.0
0.0,-0.23203125,0.0,0.0,-94.28997802734375,6.0,17.5,10.0,0.0,0.0,0.0,0.0,0.0,0.0,0.0,0.0,0.0,0.0
0.0,-0.224296875,0.0,0.0,-94.20001220703125,6.0,17.5,10.0,0.0,0.0,0.0,0.0,0.0,0.0,0.0,0.0,0.0,0.0
0.0,-0.224296875,0.0,0.0,-94.1400146484375,6.0,17.5,10.0,0.0,0.0,0.0,0.0,0.0,0.0,0.0,0.0,0.0,0.0
0.0,-0.23203125,0.0,0.0,-94.05999755859375,6.0,17.5,10.0,0.0,0.0,0.0,0.0,0.0,0.0,0.0,0.0,0.0,0.0
0.0,-0.23203125,0.0,0.0,-93.91998291015625,6.0,17.5,10.0,0.0,0.0,0.0,0.0,0.0,0.0,0.0,0.0,0.0,0.0
0.0,-0.23203125,0.0,0.0,-93.8599853515625,6.0,17.5,10.0,0.0,0.0,0.0,0.0,0.0,0.0,0.0,0.0,0.0,0.0
0.0,-0.23203125,0.0,0.0,-93.78997802734375,6.0,17.5,10.0,0.0,0.0,0.0,0.0,0.0,0.0,0.0,0.0,0.0,0.0
0.0,-0.23203125,0.0,0.0,-93.72998046875,6.0,17.5,10.0,0.0,0.0,0.0,0.0,0.0,0.0,0.0,0.0,0.0,0.0
0.0,-0.23203125,0.0,0.0,-93.66998291015625,6.0,17.5,10.0,0.0,0.0,0.0,0.0,0.0,0.0,0.0,0.0,0.0,0.0
0.0,-0.23203125,0.0,0.0,-93.66998291015625,6.0,17.5,10.0,0.0,0.0,0.0,0.0,0.0,0.0,0.0,0.0,0.0,0.0
0.0,-0.23203125,0.0,0.0,-93.6300048828125,6.0,17.5,10.0,0.0,0.0,0.0,0.0,0.0,0.0,0.0,0.0,0.0,0.0
0.0,-0.23203125,0.0,0.0,-93.58001708984375,6.0,17.5,10.0,0.0,0.0,0.0,0.0,0.0,0.0,0.0,0.0,0.0,0.0
0.0,-0.23203125,0.0,0.0,-93.52001953125,6.0,17.5,10.0,0.0,0.0,0.0,0.0,0.0,0.0,0.0,0.0,0.0,0.0
0.0,-0.23203125,0.0,0.0,-93.45001220703125,6.0,17.5,10.0,0.0,0.0,0.0,0.0,0.0,0.0,0.0,0.0,0.0,0.0
0.0,-0.23203125,0.0,0.0,-93.05999755859375,6.0,17.5,10.0,0.0,0.0,0.0,0.0,0.0,0.0,0.0,0.0,0.0,0.0
0.0,-0.23203125,0.0,0.0,-92.95001220703125,6.0,17.5,10.0,0.0,0.0,0.0,0.0,0.0,0.0,0.0,0.0,0.0,0.0
0.0,-0.23203125,0.0,0.0,-92.83999633789062,6.0,17.5,10.0,0.0,0.0,0.0,0.0,0.0,0.0,0.0,0.0,0.0,0.0
0.0,-0.23203125,0.0,0.0,-92.72998046875,6.0,17.5,10.0,0.0,0.0,0.0,0.0,0.0,0.0,0.0,0.0,0.0,0.0
0.0,-0.23203125,0.0,0.0,-92.58001708984375,6.0,17.5,10.0,0.0,0.0,0.0,0.0,0.0,0.0,0.0,0.0,0.0,0.0
0.0,-0.23203125,0.0,0.0,-92.44000244140625,6.0,17.5,10.0,0.0,0.0,0.0,0.0,0.0,0.0,0.0,0.0,0.0,0.0
0.0,-0.23203125,0.0,0.0,-92.33001708984375,6.0,17.5,10.0,0.0,0.0,0.0,0.0,0.0,0.0,0.0,0.0,0.0,0.0
0.0,-0.23203125,0.0,0.0,-92.17999267578125,6.0,17.5,10.0,0.0,0.0,0.0,0.0,0.0,0.0,0.0,0.0,0.0,0.0
0.0,-0.23203125,0.0,0.0,-92.08001708984375,6.0,17.5,10.0,0.0,0.0,0.0,0.0,0.0,0.0,0.0,0.0,0.0,0.0
0.0,-0.23203125,0.0,0.0,-91.97000122070312,6.0,17.5,10.0,0.0,0.0,0.0,0.0,0.0,0.0,0.0,0.0,0.0,0.0
0.0,-0.23203125,0.0,0.0,-91.97000122070312,6.0,17.5,10.0,0.0,0.0,0.0,0.0,0.0,0.0,0.0,0.0,0.0,0.0
0.0,-0.23203125,0.0,0.0,-91.8599853515625,6.0,17.5,10.0,0.0,0.0,0.0,0.0,0.0,0.0,0.0,0.0,0.0,0.0
0.0,-0.23203125,0.0,0.0,-91.739990234375,6.0,17.5,10.0,0.0,0.0,0.0,0.0,0.0,0.0,0.0,0.0,0.0,0.0
0.0,-0.23203125,0.0,0.0,-91.22998046875,6.0,17.5,10.0,0.0,0.0,0.0,0.0,0.0,0.0,0.0,0.0,0.0,0.0
0.0,-0.23203125,0.0,0.0,-91.14999389648438,6.0,17.5,10.0,0.0,0.0,0.0,0.0,0.0,0.0,0.0,0.0,0.0,0.0
0.0,-0.23203125,0.0,0.0,-91.10000610351562,6.0,17.5,10.0,0.0,0.0,0.0,0.0,0.0,0.0,0.0,0.0,0.0,0.0
0.0,-0.23203125,0.0,0.0,-91.05999755859375,6.0,17.5,10.0,0.0,0.0,0.0,0.0,0.0,0.0,0.0,0.0,0.0,0.0
0.0,-0.23203125,0.0,0.0,-90.97000122070312,6.0,17.5,10.0,0.0,0.0,0.0,0.0,0.0,0.0,0.0,0.0,0.0,0.0
0.0,-0.23203125,0.0,0.0,-90.83001708984375,6.0,17.5,10.0,0.0,0.0,0.0,0.0,0.0,0.0,0.0,0.0,0.0,0.0
0.0,-0.23203125,0.0,0.0,-90.72998046875,6.0,17.5,10.0,0.0,0.0,0.0,0.0,0.0,0.0,0.0,0.0,0.0,0.0
0.0,-0.23203125,0.0,0.0,-90.66998291015625,6.0,17.5,10.0,0.0,0.0,0.0,0.0,0.0,0.0,0.0,0.0,0.0,0.0
0.0,-0.23203125,0.0,0.0,-90.69000244140625,6.0,17.5,10.0,0.0,0.0,0.0,0.0,0.0,0.0,0.0,0.0,0.0,0.0
0.0,-0.239765625,0.0,0.0,-90.58001708984375,6.0,17.5,10.0,0.0,0.0,0.0,0.0,0.0,0.0,0.0,0.0,0.0,0.0
0.0,-0.239765625,0.0,0.0,-90.45001220703125,6.0,17.5,10.0,0.0,0.0,0.0,0.0,0.0,0.0,0.0,0.0,0.0,0.0
0.0,-0.239765625,0.0,0.0,-90.3900146484375,6.0,17.5,10.0,0.0,0.0,0.0,0.0,0.0,0.0,0.0,0.0,0.0,0.0
0.0,-0.239765625,0.0,0.0,-90.08999633789062,6.0,17.5,10.0,0.0,0.0,0.0,0.0,0.0,0.0,0.0,0.0,0.0,0.0
0.0,-0.239765625,0.0,0.0,-89.96002197265625,6.0,17.5,10.0,0.0,0.0,0.0,0.0,0.0,0.0,0.0,0.0,0.0,0.0
0.0,-0.239765625,0.0,0.0,-89.8900146484375,6.0,17.5,10.0,0.0,0.0,0.0,0.0,0.0,0.0,0.0,0.0,0.0,0.0
0.0,-0.239765625,0.0,0.0,-89.79998779296875,6.0,17.5,10.0,0.0,0.0,0.0,0.0,0.0,0.0,0.0,0.0,0.0,0.0
0.0,-0.239765625,0.0,0.0,-89.66998291015625,6.0,17.5,10.0,0.0,0.0,0.0,0.0,0.0,0.0,0.0,0.0,0.0,0.0
0.0,-0.239765625,0.0,0.0,-89.510009765625,6.0,17.5,10.0,0.0,0.0,0.0,0.0,0.0,0.0,0.0,0.0,0.0,0.0
0.0,-0.23203125,0.0,0.0,-89.35000610351562,6.0,17.5,10.0,0.0,0.0,0.0,0.0,0.0,0.0,0.0,0.0,0.0,0.0
0.0,-0.23203125,0.0,0.0,-89.27001953125,6.0,17.5,10.0,0.0,0.0,0.0,0.0,0.0,0.0,0.0,0.0,0.0,0.0
0.0,-0.23203125,0.0,0.0,-89.21002197265625,6.0,17.5,10.0,0.0,0.0,0.0,0.0,0.0,0.0,0.0,0.0,0.0,0.0
0.0,-0.23203125,0.0,0.0,-89.08999633789062,6.0,17.5,10.0,0.0,0.0,0.0,0.0,0.0,0.0,0.0,0.0,0.0,0.0
0.0,-0.23203125,0.0,0.0,-89.0,6.0,17.5,10.0,0.0,0.0,0.0,0.0,0.0,0.0,0.0,0.0,0.0,0.0
0.0,-0.23203125,0.0,0.0,-88.8900146484375,6.0,17.5,10.0,0.0,0.0,0.0,0.0,0.0,0.0,0.0,0.0,0.0,0.0
0.0,-0.23203125,0.0,0.0,-88.71002197265625,6.0,17.5,10.0,0.0,0.0,0.0,0.0,0.0,0.0,0.0,0.0,0.0,0.0
0.0,-0.23203125,0.0,0.0,-88.39999389648438,6.0,17.5,10.0,0.0,0.0,0.0,0.0,0.0,0.0,0.0,0.0,0.0,0.0
0.0,-0.23203125,0.0,0.0,-88.27999877929688,6.0,17.5,10.0,0.0,0.0,0.0,0.0,0.0,0.0,0.0,0.0,0.0,0.0
0.0,-0.23203125,0.0,0.0,-88.16000366210938,6.0,17.5,10.0,0.0,0.0,0.0,0.0,0.0,0.0,0.0,0.0,0.0,0.0
0.0,-0.224296875,0.0,0.0,-88.04998779296875,6.0,17.5,10.0,0.0,0.0,0.0,0.0,0.0,0.0,0.0,0.0,0.0,0.0
0.0,-0.224296875,0.0,0.0,-87.94000244140625,6.0,17.5,10.0,0.0,0.0,0.0,0.0,0.0,0.0,0.0,0.0,0.0,0.0
0.0,-0.2165625,0.0,0.0,-87.83999633789062,6.0,17.5,10.0,0.0,0.0,0.0,0.0,0.0,0.0,0.0,0.0,0.0,0.0
0.0,-0.20109375,0.0,0.0,-87.75,6.0,17.5,10.0,0.0,0.0,0.0,0.0,0.0,0.0,0.0,0.0,0.0,0.0
0.0,-0.193359375,0.0,0.0,-87.66000366210938,6.0,17.5,10.0,0.0,0.0,0.0,0.0,0.0,0.0,0.0,0.0,0.0,0.0
0.0,-0.177890625,0.11969693999999094,0.0,-87.47998046875,6.0,17.5,10.0,0.0,0.0,0.0,0.0,0.0,0.0,0.0,0.0,0.0,0.0
0.0,-0.17015625,0.2380870800002424,0.0,-87.3900146484375,6.0,17.5,10.0,0.0,0.0,0.0,0.0,0.0,0.0,0.0,0.0,0.0,0.0
0.0,-0.05666066999988402,0.2784375,0.0,-87.29998779296875,6.0,17.5,10.0,0.0,0.0,0.0,0.0,0.0,0.0,0.0,0.0,0.0,0.0
0.0,0.0,0.15250949999987143,0.0,-87.08999633789062,6.0,17.5,10.0,0.0,0.0,0.0,0.0,0.0,0.0,0.0,0.0,0.0,0.0
0.0,0.0,0.0,0.0,-86.6199951171875,6.0,17.5,10.0,0.0,0.0,0.0,0.0,0.0,0.0,0.0,0.0,0.0,0.0