0.0,0.0,0.0,0.0,-0.020000100135803223,0.0,0.0,0.0,0.0,0.0
0.0,0.0,0.0,0.0,-0.03000009059906006,0.0,0.0,0.0,0.0,0.0
0.0,0.0,0.0,0.0,-0.03000009059906006,1.0,0.0,0.0,0.0,0.0
0.0,0.0,0.0,0.0,-0.03000009059906006,1.0,0.0,0.0,0.0,0.0
0.0,0.0,0.0,0.0,-0.03000009059906006,1.0,0.0,0.0,0.0,0.0
0.0,0.0,0.0,0.0,-0.03000009059906006,1.0,0.0,0.0,0.0,0.0
0.0,0.0,0.0,0.0,-0.03000009059906006,1.0,0.0,0.0,0.0,0.0
0.0,0.0,0.0,0.0,-0.020000100135803223,1.0,0.0,0.0,0.0,0.0
0.0,0.0,0.0,0.0,-0.03000009059906006,1.0,0.0,0.0,0.0,0.0
0.0,0.0,0.0,0.0,-0.020000100135803223,1.0,0.0,0.0,0.0,0.0
0.0,0.0,0.0,0.0,-0.03000009059906006,1.0,0.0,0.0,0.0,0.0
0.0,0.0,0.0,0.0,-0.03000009059906006,1.0,0.0,0.0,0.0,0.0
0.0,0.0,0.0,0.0,-0.03000009059906006,1.0,0.0,0.0,0.0,0.0
0.0,0.0,0.0,0.0,-0.03000009059906006,1.0,0.0,0.0,0.0,0.0
0.0,0.0,0.0,0.0,-0.03000009059906006,1.0,0.0,0.0,0.0,0.0
0.0,0.0,0.0,0.0,-0.03000009059906006,1.0,0.0,0.0,0.0,0.0
0.0,0.0,0.0,0.0,-0.03000009059906006,1.0,0.0,0.0,0.0,0.0
0.0,0.0,0.0,0.0,-0.03000009059906006,1.0,30000.0,0.0,0.0,0.0
0.0,0.0,0.0,0.0,-0.020000100135803223,1.0,30000.0,0.0,0.0,0.0
0.0,0.0,0.0,0.0,-0.03000009059906006,1.0,30000.0,0.0,0.0,0.0
0.0,0.0,0.0,0.0,-0.03000009059906006,1.0,30000.0,0.0,0.0,0.0
0.0,0.0,0.0,0.0,-0.009999990463256836,1.0,30000.0,0.0,0.0,0.0
0.0,0.0,0.0,0.0,-0.009999990463256836,1.0,30000.0,0.0,0.0,0.0
0.0,0.0,0.0,0.0,-0.009999990463256836,1.0,30000.0,0.0,0.0,0.0
0.0,0.0,0.0,0.0,-0.020000100135803223,1.0,30000.0,0.0,0.0,0.0
0.0,0.0,0.0,0.0,-0.020000100135803223,1.0,30000.0,0.0,0.0,0.0
0.0,0.0,0.0,0.0,-0.020000100135803223,1.0,30000.0,0.0,0.0,0.0
0.0,0.0,0.0,0.0,-0.020000100135803223,1.0,30000.0,0.0,0.0,0.0
0.0,0.046850393526256084,0.0,0.0,-0.009999990463256836,1.0,30000.0,0.0,0.0,0.0
0.0,0.046850393526256084,0.0,0.0,-0.009999990463256836,1.0,30000.0,0.0,0.0,0.0
0.0,0.05354330688714981,0.0,0.0,-0.020000100135803223,1.0,30000.0,0.0,0.0,0.0
0.0,0.05354330688714981,0.0,0.0,-0.020000100135803223,1.0,30000.0,0.0,0.0,0.0
0.0,0.06692913360893726,0.0,0.0,-0.020000100135803223,1.0,30000.0,0.0,0.0,0.0
0.0,0.06692913360893726,0.0,0.0,0.12000000476837158,1.0,30000.0,0.0,0.0,0.0
0.0,0.06692913360893726,0.0,0.0,0.12000000476837158,1.0,30000.0,0.0,0.0,0.0
0.0,0.07362205013632774,0.0,0.0,0.25,1.0,30000.0,0.0,0.0,0.0
0.0,0.07362205013632774,0.0,0.0,0.3700000047683716,1.0,30000.0,0.0,0.0,0.0
0.0,0.07362205013632774,0.0,0.0,0.2999999523162842,1.0,30000.0,0.0,0.0,0.0
0.0,0.08031496033072472,0.0,0.0,0.25999999046325684,1.0,30000.0,0.0,0.0,0.0
0.0,0.09370078705251217,0.0,0.0,0.25,1.0,30000.0,7500.0,7500.0,0.0
0.0,0.09370078705251217,0.0,0.0,0.28999996185302734,1.0,30000.0,7500.0,7500.0,0.0
0.0,0.09370078705251217,0.0,0.0,0.2999999523162842,1.0,30000.0,7500.0,7500.0,0.0
0.0,0.09370078705251217,0.0,0.0,0.2799999713897705,1.0,30000.0,7500.0,7500.0,0.0
0.0,0.09370078705251217,0.0,0.0,0.2799999713897705,1.0,30000.0,7500.0,7500.0,0.0
0.0,0.09370078705251217,0.0,0.0,0.2999999523162842,1.0,30000.0,7500.0,7500.0,0.0
0.0,0.09370078705251217,0.0,0.0,0.309999942779541,1.0,30000.0,7500.0,7500.0,0.0
0.0,0.09370078705251217,0.0,0.0,0.309999942779541,1.0,30000.0,7500.0,7500.0,0.0
0.0,0.09370078705251217,0.0,0.0,0.309999942779541,1.0,30000.0,7500.0,7500.0,0.0
0.0,0.09370078705251217,0.0,0.0,0.309999942779541,1.0,30000.0,7500.0,7500.0,0.0
0.0,0.09370078705251217,0.0,0.0,0.309999942779541,1.0,30000.0,7500.0,7500.0,0.0
0.0,0.09370078705251217,0.0,0.0,0.2999999523162842,1.0,30000.0,7500.0,7500.0,0.0
0.0,0.09370078705251217,0.0,0.0,0.2999999523162842,1.0,30000.0,7500.0,7500.0,0.0
0.0,0.09370078705251217,0.0,0.0,0.31999993324279785,1.0,30000.0,7500.0,7500.0,0.0
0.0,0.09370078705251217,0.0,0.0,0.3399999141693115,1.0,30000.0,7500.0,7500.0,0.0
0.0,0.09370078705251217,0.0,0.0,0.3399999141693115,1.0,30000.0,7500.0,7500.0,0.0
0.0,0.09370078705251217,0.0,0.0,0.34999990463256836,1.0,30000.0,7500.0,7500.0,0.0
0.0,0.09370078705251217,0.0,0.0,0.3700000047683716,1.0,30000.0,7500.0,7500.0,0.0
0.0,0.09370078705251217,0.0,0.0,0.36000001430511475,1.0,30000.0,7500.0,7500.0,0.0
0.0,0.09370078705251217,0.0,0.0,0.34999990463256836,1.0,30000.0,7500.0,7500.0,0.0
0.0,0.09370078705251217,0.0,0.0,0.3399999141693115,1.0,30000.0,7500.0,7500.0,0.0
0.0,0.09370078705251217,0.0,0.0,0.34999990463256836,1.0,30000.0,7500.0,7500.0,0.0
0.0,0.09370078705251217,0.046484375,0.0,0.3799999952316284,1.0,30000.0,7500.0,7500.0,0.0
0.0,0.09370078705251217,0.09296875,0.0,0.38999998569488525,1.0,30000.0,7500.0,7500.0,0.0
0.0,0.09370078705251217,0.099609375,0.0,0.3299999237060547,1.0,30000.0,7500.0,7500.0,0.0
0.0,0.09370078705251217,0.099609375,0.0,0.309999942779541,1.0,30000.0,7500.0,7500.0,0.0
0.0,0.09370078705251217,0.099609375,0.0,0.31999993324279785,1.0,30000.0,7500.0,7500.0,0.0
0.0,0.09370078705251217,0.099609375,0.0,0.28999996185302734,1.0,30000.0,7500.0,7500.0,0.0
0.0,0.09370078705251217,0.09296875,0.0,0.24000000953674316,1.0,30000.0,7500.0,7500.0,0.0
0.0,0.09370078705251217,0.08632812499999999,0.0,0.22999989986419678,1.0,30000.0,7500.0,7500.0,0.0
0.0,0.09370078705251217,0.08632812499999999,0.0,0.25999999046325684,1.0,30000.0,7500.0,7500.0,0.0
0.0,0.09370078705251217,0.08632812499999999,0.0,0.2799999713897705,1.0,30000.0,7500.0,7500.0,0.0
0.0,0.09370078705251217,0.08632812499999999,0.0,0.31999993324279785,1.0,30000.0,7500.0,7500.0,0.0
0.0,0.09370078705251217,0.0796875,0.0,0.3299999237060547,1.0,30000.0,7500.0,7500.0,0.0
0.0,0.09370078705251217,0.073046875,0.0,0.3299999237060547,1.0,30000.0,7500.0,7500.0,0.0
0.0,0.09370078705251217,0.073046875,0.0,0.3299999237060547,1.0,30000.0,7500.0,7500.0,0.0
0.0,0.09370078705251217,0.073046875,0.0,0.3299999237060547,1.0,30000.0,7500.0,7500.0,0.0
0.0,0.09370078705251217,0.0796875,0.0,0.34999990463256836,1.0,30000.0,7500.0,7500.0,0.0
0.0,0.09370078705251217,0.0796875,0.0,0.36000001430511475,1.0,30000.0,7500.0,7500.0,0.0
0.0,0.09370078705251217,0.0796875,0.0,0.36000001430511475,1.0,30000.0,7500.0,7500.0,0.0
0.0,0.09370078705251217,0.073046875,0.0,0.4099999666213989,1.0,30000.0,7500.0,7500.0,0.0
0.0,0.09370078705251217,0.059765624999999996,0.0,0.41999995708465576,1.0,30000.0,7500.0,7500.0,0.0
0.0,0.09370078705251217,0.059765624999999996,0.0,0.4099999666213989,1.0,30000.0,7500.0,7500.0,0.0
0.0,0.09370078705251217,0.0,0.0,0.41999995708465576,1.0,30000.0,7500.0,7500.0,0.0
0.0,0.09370078705251217,0.0,0.0,0.41999995708465576,1.0,30000.0,7500.0,7500.0,0.0
0.0,0.09370078705251217,0.0,0.0,0.41999995708465576,1.0,30000.0,7500.0,7500.0,0.0
0.0,0.09370078705251217,0.0,0.0,0.41999995708465576,1.0,30000.0,7500.0,7500.0,0.0
0.0,0.09370078705251217,0.0,0.0,0.3700000047683716,1.0,30000.0,7500.0,7500.0,0.0
0.0,0.10039370357990264,0.0,0.0,0.3399999141693115,1.0,30000.0,7500.0,7500.0,0.0
0.0,0.10708661377429962,0.0,0.0,0.2799999713897705,1.0,30000.0,7500.0,7500.0,0.0
0.0,0.10708661377429962,0.0,0.0,0.24000000953674316,1.0,30000.0,7500.0,7500.0,0.0
0.0,0.11377952396869659,0.0,0.0,0.19999992847442627,1.0,30000.0,7500.0,7500.0,0.0
0.0,0.11377952396869659,0.0,0.0,0.1799999475479126,1.0,30000.0,7500.0,7500.0,0.0
0.0,0.12047244682908058,0.0,0.0,0.19999992847442627,1.0,30000.0,7500.0,7500.0,0.0
0.0,0.12716535702347756,0.0,0.0,0.19999992847442627,1.0,30000.0,7500.0,7500.0,0.0
0.0,0.1405511774122715,0.0,0.0,0.22999989986419678,1.0,30000.0,7500.0,7500.0,0.0
0.0,0.1405511774122715,0.0,0.0,0.28999996185302734,1.0,30000.0,7500.0,7500.0,0.0
0.0,0.1405511774122715,0.0,0.0,0.31999993324279785,1.0,30000.0,7500.0,7500.0,0.0
0.0,0.1405511774122715,0.0,0.0,0.31999993324279785,1.0,30000.0,7500.0,7500.0,0.0
0.0,0.1405511774122715,0.0,0.0,0.26999998092651367,1.0,30000.0,7500.0,7500.0,0.0
0.0,0.1405511774122715,0.0,0.0,0.25999999046325684,1.0,30000.0,7500.0,7500.0,0.0
0.0,0.1405511774122715,0.0,0.0,0.25,1.0,30000.0,7500.0,7500.0,0.0
0.0,0.1405511774122715,0.0,0.0,0.28999996185302734,1.0,30000.0,7500.0,7500.0,0.0
0.0,0.1405511774122715,0.0,0.0,0.28999996185302734,1.0,30000.0,7500.0,7500.0,0.0
0.0,0.1405511774122715,0.0,0.0,0.2999999523162842,1.0,30000.0,7500.0,7500.0,0.0
0.0,0.1405511774122715,0.0,0.0,0.3799999952316284,1.0,30000.0,7500.0,7500.0,0.0
0.0,0.1405511774122715,0.0,0.0,0.3799999952316284,1.0,30000.0,7500.0,7500.0,0.0
0.0,0.1405511774122715,0.0,0.0,0.36000001430511475,1.0,30000.0,7500.0,7500.0,0.0
0.0,0.1405511774122715,0.0,0.0,0.36000001430511475,1.0,30000.0,7500.0,7500.0,0.0
0.0,0.14724410027265547,0.0,0.0,0.3399999141693115,1.0,30000.0,7500.0,7500.0,0.0
0.0,0.14724410027265547,0.0,0.0,0.36000001430511475,1.0,30000.0,7500.0,7500.0,0.0
0.0,0.14724410027265547,0.0,0.0,0.4099999666213989,1.0,30000.0,7500.0,7500.0,0.0
0.0,0.14724410027265547,0.0,0.0,0.41999995708465576,1.0,30000.0,7500.0,7500.0,0.0
0.0,0.14724410027265547,0.0,0.0,0.41999995708465576,1.0,30000.0,7500.0,7500.0,0.0
0.0,0.14724410027265547,0.0,0.0,0.41999995708465576,1.0,30000.0,7500.0,7500.0,0.0
0.0,0.14724410027265547,0.0,0.0,0.4099999666213989,1.0,30000.0,7500.0,7500.0,0.0
0.0,0.1673228308558464,0.0,0.0,0.4299999475479126,1.0,30000.0,7500.0,7500.0,0.0
0.0,0.1673228308558464,0.0,0.0,0.4299999475479126,1.0,30000.0,7500.0,7500.0,0.0
0.0,0.1673228308558464,0.0,0.0,0.43999993801116943,1.0,30000.0,7500.0,7500.0,0.0
0.0,0.1673228308558464,0.0,0.0,0.4599999189376831,1.0,30000.0,7500.0,7500.0,0.0
0.0,0.1673228308558464,0.0,0.0,0.5,1.0,30000.0,7500.0,7500.0,0.0
0.0,0.1673228308558464,0.0,0.0,0.5099999904632568,1.0,30000.0,7500.0,7500.0,0.0
0.0,0.1673228308558464,0.0,0.0,0.5,1.0,30000.0,7500.0,7500.0,0.0
0.0,0.1673228308558464,0.0,0.0,0.5099999904632568,1.0,30000.0,7500.0,7500.0,0.0
0.0,0.1673228308558464,0.0,0.0,0.5199999809265137,1.0,30000.0,7500.0,7500.0,0.0
0.0,0.1673228308558464,0.0,0.0,0.5499999523162842,1.0,30000.0,7500.0,7500.0,0.0
0.0,0.1673228308558464,0.0,0.0,0.5699999332427979,1.0,30000.0,7500.0,7500.0,0.0
0.0,0.1673228308558464,0.0,0.0,0.5699999332427979,1.0,30000.0,7500.0,7500.0,0.0
0.0,0.1673228308558464,0.0,0.0,0.5699999332427979,1.0,30000.0,7500.0,7500.0,0.0
0.0,0.1673228308558464,0.0,0.0,0.5799999237060547,1.0,30000.0,7500.0,7500.0,0.0
0.0,0.1673228308558464,0.0,0.0,0.5899999141693115,1.0,30000.0,7500.0,7500.0,0.0
0.0,0.17401575371623038,0.0,0.0,0.5999999046325684,1.0,30000.0,7500.0,7500.0,0.0
0.0,0.17401575371623038,0.0,0.0,0.6299999952316284,1.0,30000.0,7500.0,7500.0,0.0
0.0,0.18070866391062737,0.0,0.0,0.6799999475479126,1.0,30000.0,7500.0,7500.0,0.0
0.0,0.18070866391062737,0.0,0.0,0.6899999380111694,1.0,30000.0,7500.0,7500.0,0.0
0.0,0.18070866391062737,0.0,0.0,0.6999999284744263,1.0,30000.0,7500.0,7500.0,0.0
0.0,0.18070866391062737,0.0,0.0,0.6899999380111694,1.0,30000.0,7500.0,7500.0,0.0
0.0,0.18070866391062737,0.0,0.0,0.7199999094009399,1.0,30000.0,7500.0,7500.0,0.0
0.0,0.18070866391062737,0.0,0.0,0.7400000095367432,1.0,30000.0,7500.0,7500.0,0.0
0.0,0.18070866391062737,0.0,0.0,0.75,1.0,30000.0,7500.0,7500.0,0.0
0.0,0.18070866391062737,0.0,0.0,0.75,1.0,30000.0,7500.0,7500.0,0.0
0.0,0.18070866391062737,0.0,0.0,0.7999999523162842,1.0,30000.0,7500.0,7500.0,0.0
0.0,0.18070866391062737,0.0,0.0,0.809999942779541,1.0,30000.0,7500.0,7500.0,0.0
0.0,0.18070866391062737,0.0,0.0,0.8499999046325684,1.0,30000.0,7500.0,7500.0,0.0
0.0,0.18070866391062737,0.0,0.0,0.8700000047683716,1.0,30000.0,7500.0,7500.0,0.0
0.0,0.18070866391062737,0.0,0.0,0.8499999046325684,1.0,30000.0,7500.0,7500.0,0.0
0.0,0.18070866391062737,0.0,0.0,0.7599999904632568,1.0,30000.0,7500.0,7500.0,0.0
0.0,0.18070866391062737,0.0,0.0,0.7299998998641968,1.0,30000.0,7500.0,7500.0,0.0
0.0,0.18070866391062737,0.0,0.0,0.7099999189376831,1.0,30000.0,7500.0,7500.0,0.0
0.0,0.18070866391062737,0.0,0.0,0.6899999380111694,1.0,30000.0,7500.0,7500.0,0.0
0.0,0.18070866391062737,0.0,0.0,0.6999999284744263,1.0,30000.0,7500.0,7500.0,0.0
0.0,0.18070866391062737,0.0,0.0,0.7099999189376831,1.0,30000.0,7500.0,7500.0,0.0
0.0,0.18070866391062737,0.0,0.0,0.7299998998641968,1.0,30000.0,7500.0,7500.0,0.0
0.0,0.18070866391062737,0.0,0.0,0.7400000095367432,1.0,30000.0,7500.0,7500.0,0.0
0.0,0.18070866391062737,0.0,0.0,0.7799999713897705,1.0,30000.0,7500.0,7500.0,0.0
0.0,0.18070866391062737,0.0,0.0,0.7799999713897705,1.0,30000.0,7500.0,7500.0,0.0
0.0,0.18070866391062737,0.0,0.0,0.809999942779541,1.0,30000.0,7500.0,7500.0,0.0
0.0,0.18070866391062737,0.0,0.0,0.809999942779541,1.0,30000.0,7500.0,7500.0,0.0
0.0,0.18070866391062737,0.0,0.0,0.7799999713897705,1.0,30000.0,7500.0,7500.0,0.0
0.0,0.18070866391062737,0.0,0.0,0.5999999046325684,1.0,30000.0,7500.0,7500.0,0.0
0.0,0.18070866391062737,0.0,0.0,0.5999999046325684,1.0,30000.0,7500.0,7500.0,0.0
0.0,0.18070866391062737,0.0,0.0,0.6299999952316284,1.0,30000.0,7500.0,7500.0,0.0
0.0,0.18070866391062737,0.0,0.0,0.6499999761581421,1.0,30000.0,7500.0,7500.0,0.0
0.0,0.18070866391062737,0.0,0.0,0.6499999761581421,1.0,30000.0,7500.0,7500.0,0.0
0.0,0.17401575371623038,0.0,0.0,0.6499999761581421,1.0,30000.0,7500.0,7500.0,0.0
0.0,0.18070866391062737,0.0,0.0,0.5999999046325684,1.0,30000.0,7500.0,7500.0,0.0
0.0,0.18070866391062737,0.0,0.0,0.5999999046325684,1.0,30000.0,7500.0,7500.0,0.0
0.0,0.18070866391062737,0.0,0.0,0.5299999713897705,1.0,30000.0,7500.0,7500.0,0.0
0.0,0.18070866391062737,0.0,0.0,0.5199999809265137,1.0,30000.0,7500.0,7500.0,0.0
0.0,0.18070866391062737,0.0,0.0,0.5299999713897705,1.0,30000.0,7500.0,7500.0,0.0
0.0,0.18070866391062737,0.0,0.0,0.5699999332427979,1.0,30000.0,7500.0,7500.0,0.0
0.0,0.18070866391062737,0.0,0.0,0.6299999952316284,1.0,30000.0,7500.0,7500.0,0.0
0.0,0.18070866391062737,0.0,0.0,0.6599999666213989,1.0,30000.0,7500.0,7500.0,0.0
0.0,0.18070866391062737,0.0,0.0,0.6499999761581421,1.0,30000.0,7500.0,7500.0,0.0
0.0,0.18070866391062737,0.0,0.0,0.6499999761581421,1.0,30000.0,7500.0,7500.0,0.0
0.0,0.18070866391062737,0.0,0.0,0.6499999761581421,1.0,30000.0,7500.0,7500.0,0.0
0.0,0.18070866391062737,0.0,0.0,0.6899999380111694,1.0,30000.0,7500.0,7500.0,0.0
0.0,0.18070866391062737,0.0,0.0,0.75,1.0,30000.0,7500.0,7500.0,0.0
0.0,0.18070866391062737,0.0,0.0,0.7299998998641968,1.0,30000.0,7500.0,7500.0,0.0
0.0,0.18070866391062737,0.0,0.0,0.7799999713897705,1.0,30000.0,7500.0,7500.0,0.0
0.0,0.18070866391062737,0.0,0.0,0.7400000095367432,1.0,30000.0,7500.0,7500.0,0.0
0.0,0.18070866391062737,0.0,0.0,0.6699999570846558,1.0,30000.0,7500.0,7500.0,0.0
0.0,0.18070866391062737,0.0,0.0,0.6599999666213989,1.0,30000.0,7500.0,7500.0,0.0
0.0,0.18070866391062737,0.0,0.0,0.809999942779541,1.0,30000.0,7500.0,7500.0,0.0
0.0,0.18070866391062737,0.0,0.0,0.7699999809265137,1.0,30000.0,7500.0,7500.0,0.0
0.0,0.18070866391062737,0.0,0.0,0.7999999523162842,1.0,30000.0,7500.0,7500.0,0.0
0.0,0.18070866391062737,0.0,0.0,0.7699999809265137,1.0,30000.0,7500.0,7500.0,0.0
0.0,0.18070866391062737,0.0,0.0,0.7899999618530273,1.0,30000.0,7500.0,7500.0,0.0
0.0,0.18070866391062737,0.0,0.0,0.7699999809265137,1.0,30000.0,7500.0,7500.0,0.0
0.0,0.18070866391062737,0.0,0.0,0.7799999713897705,1.0,30000.0,7500.0,7500.0,0.0
0.0,0.18070866391062737,0.0,0.0,0.7799999713897705,1.0,30000.0,7500.0,7500.0,0.0
0.0,0.18070866391062737,0.0,0.0,0.7400000095367432,1.0,30000.0,7500.0,7500.0,0.0
0.0,0.18070866391062737,0.0,0.0,0.7899999618530273,1.0,30000.0,7500.0,7500.0,0.0
0.0,0.18070866391062737,0.0,0.0,0.8299999237060547,1.0,30000.0,7500.0,7500.0,0.0
0.0,0.18070866391062737,0.0,0.0,0.7899999618530273,1.0,30000.0,7500.0,7500.0,0.0
0.0,0.18070866391062737,0.0,0.0,0.7999999523162842,1.0,30000.0,7500.0,7500.0,0.0
0.0,0.18070866391062737,0.0,0.0,0.7999999523162842,1.0,30000.0,7500.0,7500.0,0.0
0.0,0.18070866391062737,0.0,0.0,0.809999942779541,1.0,30000.0,7500.0,7500.0,0.0
0.0,0.18070866391062737,0.0,0.0,0.8199999332427979,1.0,30000.0,7500.0,7500.0,0.0
0.0,0.18070866391062737,0.0,0.0,0.8199999332427979,1.0,30000.0,7500.0,7500.0,0.0
0.0,0.18070866391062737,0.0,0.0,0.8299999237060547,1.0,30000.0,7500.0,7500.0,0.0
0.0,0.18070866391062737,0.0,0.0,0.809999942779541,1.0,30000.0,7500.0,7500.0,0.0
0.0,0.18070866391062737,0.0,0.0,0.7899999618530273,1.0,30000.0,7500.0,7500.0,0.0
0.0,0.18070866391062737,0.0,0.0,0.7899999618530273,1.0,30000.0,7500.0,7500.0,0.0
0.0,0.18070866391062737,0.0,0.0,0.7899999618530273,1.0,30000.0,7500.0,7500.0,0.0
0.0,0.18070866391062737,0.0,0.0,0.7899999618530273,1.0,30000.0,7500.0,7500.0,0.0
0.0,0.18070866391062737,0.0,0.0,0.7899999618530273,1.0,30000.0,7500.0,7500.0,0.0
0.0,0.18070866391062737,0.0,0.0,0.7899999618530273,1.0,30000.0,7500.0,7500.0,0.0
0.0,0.17401575371623038,0.0,0.0,0.7999999523162842,1.0,30000.0,7500.0,7500.0,0.0
0.0,0.1673228308558464,0.0,0.0,0.8199999332427979,1.0,30000.0,7500.0,7500.0,0.0
0.0,0.1673228308558464,0.0,0.0,0.8199999332427979,1.0,30000.0,7500.0,7500.0,0.0
0.0,0.16062992066144943,0.0,0.0,0.7999999523162842,1.0,30000.0,7500.0,7500.0,0.0
0.0,0.15393701046705247,0.0,0.0,0.7999999523162842,1.0,30000.0,7500.0,7500.0,0.0
0.0,0.15393701046705247,0.0,0.0,0.8600000143051147,1.0,30000.0,7500.0,7500.0,0.0
0.0,0.13385826721787453,0.0,0.0,0.8899999856948853,1.0,30000.0,7500.0,7500.0,0.0
0.0,0.0,0.0,0.0,0.9499999284744263,1.0,30000.0,7500.0,7500.0,0.0
0.0,0.0,0.0,0.0,0.9599999785423279,1.0,30000.0,7500.0,7500.0,0.0
0.0,0.0,0.0,0.0,0.9599999785423279,1.0,30000.0,7500.0,7500.0,0.0
0.0,0.0,0.0,0.0,1.0499999523162842,1.0,30000.0,7500.0,7500.0,0.0
0.0,0.0,0.0,0.0,1.0499999523162842,1.0,30000.0,7500.0,7500.0,0.0
0.0,0.0,0.0,0.0,1.0899999141693115,1.0,30000.0,7500.0,7500.0,0.0
0.0,0.0,0.0,0.0,1.0899999141693115,1.0,30000.0,7500.0,7500.0,0.0
0.0,0.0,0.0,0.0,1.1099998950958252,1.0,30000.0,7500.0,7500.0,0.0
0.0,0.0,0.0,0.0,1.149999976158142,1.0,30000.0,7500.0,7500.0,0.0
0.0,0.0,0.0,0.0,1.159999966621399,1.0,30000.0,7500.0,7500.0,0.0
1.0,0.0,0.0,0.0,1.1699999570846558,1.0,30000.0,7500.0,7500.0,0.0
1.0,0.0,0.0,0.0,1.1399999856948853,1.0,30000.0,7500.0,7500.0,0.0
1.0,0.0,0.0,0.0,1.1099998950958252,1.0,30000.0,7500.0,7500.0,0.0
1.0,0.0,0.0,0.0,1.1299998760223389,1.0,30000.0,7500.0,7500.0,0.0
1.0,0.0,0.0,0.0,1.149999976158142,1.0,30000.0,7500.0,7500.0,0.0
1.0,0.0,0.0,0.0,1.149999976158142,1.0,30000.0,7500.0,7500.0,0.0
1.0,0.0,0.0,0.0,1.1799999475479126,1.0,30000.0,7500.0,7500.0,0.0
0.0,-0.046484375,0.0,0.0,1.1999999284744263,1.0,30000.0,7500.0,7500.0,0.0
0.0,-0.059765624999999996,0.0,0.0,1.1999999284744263,1.0,30000.0,7500.0,7500.0,0.0
0.0,-0.073046875,0.0,0.0,1.1799999475479126,1.0,30000.0,7500.0,7500.0,0.0
0.0,-0.08632812499999999,0.0,0.0,1.1899999380111694,1.0,30000.0,7500.0,7500.0,0.0
0.0,-0.08632812499999999,0.0,0.0,1.1799999475479126,1.0,30000.0,7500.0,7500.0,0.0
0.0,-0.10625,0.0,0.0,1.1999999284744263,1.0,30000.0,7500.0,7500.0,0.0
0.0,-0.10625,0.0,0.0,1.2300000190734863,1.0,30000.0,7500.0,7500.0,0.0
0.0,-0.112890625,0.0,0.0,1.25,1.0,30000.0,7500.0,7500.0,0.0
0.0,-0.112890625,0.0,0.0,1.2799999713897705,1.0,30000.0,7500.0,7500.0,0.0
0.0,-0.112890625,0.0,0.0,1.2799999713897705,1.0,30000.0,7500.0,7500.0,0.0
0.0,-0.112890625,0.0,0.0,1.2999999523162842,1.0,30000.0,7500.0,7500.0,0.0
0.0,-0.112890625,0.0,0.0,1.3199999332427979,1.0,30000.0,7500.0,7500.0,0.0
0.0,-0.11953124999999999,0.0,0.0,1.3399999141693115,1.0,30000.0,7500.0,7500.0,0.0
0.0,-0.11953124999999999,0.0,0.0,1.3399999141693115,1.0,30000.0,7500.0,7500.0,0.0
0.0,-0.11953124999999999,0.0,0.0,1.3199999332427979,1.0,30000.0,7500.0,7500.0,0.0
0.0,-0.11953124999999999,0.0,0.0,1.2799999713897705,1.0,30000.0,7500.0,7500.0,0.0
0.0,-0.11953124999999999,0.0,0.0,1.2899999618530273,1.0,30000.0,7500.0,7500.0,0.0
0.0,-0.11953124999999999,0.0,0.0,1.3199999332427979,1.0,30000.0,7500.0,7500.0,0.0
0.0,-0.11953124999999999,0.0,0.0,1.309999942779541,1.0,30000.0,7500.0,7500.0,0.0
0.0,-0.11953124999999999,0.0,0.0,1.309999942779541,1.0,30000.0,7500.0,7500.0,0.0
0.0,-0.11953124999999999,0.0,0.0,1.3199999332427979,1.0,30000.0,7500.0,7500.0,0.0
0.0,-0.11953124999999999,0.0,0.0,1.3299999237060547,1.0,30000.0,7500.0,7500.0,0.0
0.0,-0.11953124999999999,0.0,0.0,1.3299999237060547,1.0,30000.0,7500.0,7500.0,0.0
0.0,-0.11953124999999999,0.0,0.0,1.3199999332427979,1.0,30000.0,7500.0,7500.0,0.0
0.0,-0.11953124999999999,0.0,0.0,1.3199999332427979,1.0,30000.0,7500.0,7500.0,0.0
0.0,-0.11953124999999999,0.0,0.0,1.3199999332427979,1.0,30000.0,7500.0,7500.0,0.0
0.0,-0.11953124999999999,0.0,0.0,1.3499999046325684,1.0,30000.0,7500.0,7500.0,0.0
0.0,-0.11953124999999999,0.0,0.0,1.3199999332427979,1.0,30000.0,7500.0,7500.0,0.0
0.0,-0.112890625,0.0,0.0,1.3199999332427979,1.0,30000.0,7500.0,7500.0,0.0
0.0,-0.112890625,0.0,0.0,1.3299999237060547,1.0,30000.0,7500.0,7500.0,0.0
0.0,-0.112890625,0.0,0.0,1.3399999141693115,1.0,30000.0,7500.0,7500.0,0.0
0.0,-0.112890625,0.0,0.0,1.2899999618530273,1.0,30000.0,7500.0,7500.0,0.0
0.0,-0.112890625,0.0,0.0,1.309999942779541,1.0,30000.0,7500.0,7500.0,0.0
0.0,-0.10625,0.0,0.0,1.2699999809265137,1.0,30000.0,7500.0,7500.0,0.0
0.0,-0.10625,0.0,0.0,1.2699999809265137,1.0,30000.0,7500.0,7500.0,0.0
0.0,-0.10625,0.0,0.0,1.2599999904632568,1.0,30000.0,7500.0,7500.0,0.0
0.0,-0.099609375,0.0,-0.059765624999999996,1.2200000286102295,1.0,30000.0,7500.0,7500.0,0.0
0.0,-0.099609375,0.0,-0.059765624999999996,1.2200000286102295,1.0,30000.0,7500.0,7500.0,0.0
0.0,-0.099609375,0.0,-0.06640625,1.1999999284744263,1.0,30000.0,7500.0,7500.0,0.0
0.0,-0.099609375,0.0,-0.06640625,1.1899999380111694,1.0,30000.0,7500.0,7500.0,0.0
0.0,-0.099609375,0.0,-0.06640625,1.1899999380111694,1.0,30000.0,7500.0,7500.0,0.0
0.0,-0.09296875,0.0,-0.06640625,1.2799999713897705,1.0,30000.0,7500.0,7500.0,0.0
0.0,-0.09296875,0.0,-0.073046875,1.3499999046325684,1.0,30000.0,7500.0,7500.0,0.0
0.0,-0.09296875,0.0,-0.073046875,1.4199999570846558,1.0,30000.0,7500.0,7500.0,0.0
0.0,-0.09296875,0.0,-0.073046875,1.4199999570846558,1.0,30000.0,7500.0,7500.0,0.0
0.0,-0.09296875,0.0,-0.0796875,1.5799999237060547,1.0,30000.0,7500.0,7500.0,0.0
0.0,-0.09296875,0.0,-0.0796875,1.5799999237060547,1.0,30000.0,7500.0,7500.0,0.0
0.0,-0.09296875,0.0,-0.0796875,1.649999976158142,1.0,30000.0,7500.0,7500.0,0.0
0.0,-0.09296875,0.0,-0.08632812499999999,2.0399999618530273,1.0,30000.0,7500.0,7500.0,0.0
0.0,-0.09296875,0.0,-0.08632812499999999,2.359999895095825,1.0,30000.0,7500.0,7500.0,0.0
0.0,-0.09296875,0.0,-0.08632812499999999,2.5799999237060547,1.0,30000.0,7500.0,7500.0,0.0
0.0,-0.09296875,0.0,-0.09296875,2.5799999237060547,1.0,30000.0,7500.0,7500.0,0.0
0.0,-0.09296875,0.0,-0.09296875,2.690000057220459,1.0,30000.0,7500.0,7500.0,0.0
0.0,-0.09296875,0.0,-0.09296875,2.809999942779541,1.0,30000.0,7500.0,7500.0,0.0
0.0,-0.08632812499999999,0.0,-0.09296875,2.9200000762939453,1.0,30000.0,7500.0,7500.0,0.0
0.0,-0.08632812499999999,0.0,-0.09296875,3.049999952316284,1.0,30000.0,7500.0,7500.0,0.0
0.0,-0.08632812499999999,0.0,-0.09296875,3.1599998474121094,1.0,30000.0,7500.0,7500.0,0.0
0.0,-0.08632812499999999,0.0,-0.09296875,3.2899999618530273,1.0,30000.0,7500.0,7500.0,0.0
0.0,-0.08632812499999999,0.0,-0.112890625,3.6700000762939453,1.0,30000.0,7500.0,7500.0,0.0
0.0,-0.08632812499999999,0.0,-0.112890625,3.9600000381469727,1.0,30000.0,7500.0,7500.0,0.0
0.0,-0.08632812499999999,0.0,-0.112890625,4.090000152587891,1.0,30000.0,7500.0,7500.0,0.0
0.0,-0.08632812499999999,0.0,-0.112890625,4.259999752044678,1.0,30000.0,7500.0,7500.0,0.0
0.0,-0.08632812499999999,0.0,-0.112890625,4.400000095367432,1.0,30000.0,7500.0,7500.0,0.0
0.0,-0.08632812499999999,0.0,-0.112890625,4.400000095367432,1.0,30000.0,7500.0,7500.0,0.0
0.0,-0.08632812499999999,0.0,-0.112890625,4.739999771118164,1.0,30000.0,7500.0,7500.0,0.0
0.0,-0.08632812499999999,0.0,-0.112890625,4.929999828338623,1.0,30000.0,7500.0,7500.0,0.0
0.0,-0.08632812499999999,0.0,-0.112890625,5.130000114440918,1.0,30000.0,7500.0,7500.0,0.0
0.0,-0.08632812499999999,0.0,-0.112890625,5.340000152587891,1.0,30000.0,7500.0,7500.0,0.0
0.0,-0.08632812499999999,0.0,-0.112890625,5.550000190734863,1.0,30000.0,7500.0,7500.0,0.0
0.0,-0.08632812499999999,0.0,-0.112890625,5.759999752044678,1.0,30000.0,7500.0,7500.0,0.0
0.0,-0.08632812499999999,0.0,-0.112890625,5.970000267028809,1.0,30000.0,7500.0,7500.0,0.0
0.0,-0.0796875,0.0,-0.112890625,6.579999923706055,1.0,30000.0,7500.0,7500.0,0.0
0.0,-0.08632812499999999,0.0,-0.112890625,6.789999961853027,1.0,30000.0,7500.0,7500.0,0.0
0.0,-0.08632812499999999,0.0,-0.112890625,6.990000247955322,1.0,30000.0,7500.0,7500.0,0.0
0.0,-0.0796875,0.0,-0.112890625,7.190000057220459,1.0,30000.0,7500.0,7500.0,0.0
0.0,-0.0796875,0.0,-0.112890625,7.380000114440918,1.0,30000.0,7500.0,7500.0,0.0
0.0,-0.0796875,0.0,-0.112890625,7.590000152587891,1.0,30000.0,7500.0,7500.0,0.0
0.0,-0.0796875,0.0,-0.10625,8.010000228881836,1.0,30000.0,7500.0,7500.0,0.0
0.0,-0.0796875,0.0,-0.10625,8.4399995803833,1.0,30000.0,7500.0,7500.0,0.0
0.0,-0.0796875,0.0,-0.10625,8.869999885559082,1.0,30000.0,7500.0,7500.0,0.0
0.0,-0.0796875,0.0,-0.10625,8.869999885559082,1.0,30000.0,7500.0,7500.0,0.0
0.0,-0.0796875,0.0,-0.10625,9.079999923706055,1.0,30000.0,7500.0,7500.0,0.0
0.0,-0.0796875,0.0,-0.10625,9.300000190734863,1.0,30000.0,7500.0,7500.0,0.0
0.0,-0.0796875,0.0,-0.10625,9.899999618530273,1.0,30000.0,7500.0,7500.0,0.0
0.0,-0.0796875,0.0,-0.10625,10.109999656677246,1.0,30000.0,7500.0,7500.0,0.0
0.0,-0.073046875,0.0,-0.10625,10.300000190734863,1.0,30000.0,7500.0,7500.0,0.0
0.0,-0.073046875,0.0,-0.10625,10.510000228881836,1.0,30000.0,7500.0,7500.0,0.0
0.0,-0.073046875,0.0,-0.10625,10.699999809265137,1.0,30000.0,7500.0,7500.0,0.0
0.0,-0.073046875,0.0,-0.10625,10.90999984741211,1.0,30000.0,7500.0,7500.0,0.0
0.0,-0.073046875,0.0,-0.10625,11.09000015258789,1.0,30000.0,7500.0,7500.0,0.0
0.0,-0.073046875,0.0,-0.10625,11.289999961853027,1.0,30000.0,7500.0,7500.0,0.0
0.0,-0.073046875,0.0,-0.10625,11.480000495910645,1.0,30000.0,7500.0,7500.0,0.0
0.0,-0.073046875,0.0,-0.10625,11.710000038146973,1.0,30000.0,7500.0,7500.0,0.0
0.0,-0.073046875,0.0,-0.10625,11.90999984741211,1.0,30000.0,7500.0,7500.0,0.0
0.0,-0.073046875,0.0,-0.10625,12.109999656677246,1.0,30000.0,7500.0,7500.0,0.0
0.0,-0.073046875,0.0,-0.10625,12.730000495910645,1.0,30000.0,7500.0,7500.0,0.0
0.0,-0.06640625,0.0,-0.10625,13.130000114440918,1.0,30000.0,7500.0,7500.0,0.0
0.0,0.0,0.0,-0.10625,13.539999961853027,1.0,30000.0,7500.0,7500.0,0.0
0.0,0.0,0.0,-0.10625,13.739999771118164,1.0,30000.0,7500.0,7500.0,0.0
0.0,0.0,0.0,-0.10625,14.130000114440918,1.0,30000.0,7500.0,7500.0,0.0
0.0,0.0,0.0,-0.10625,14.319999694824219,1.0,30000.0,7500.0,7500.0,0.0
0.0,0.0,0.0,-0.112890625,15.079999923706055,1.0,30000.0,7500.0,7500.0,0.0
0.0,0.0,0.0,-0.10625,15.170000076293945,1.0,30000.0,7500.0,7500.0,0.0
0.0,0.0,0.0,-0.08632812499999999,15.0,1.0,30000.0,7500.0,7500.0,0.0
0.0,0.0,0.0,-0.08632812499999999,14.920000076293945,1.0,30000.0,7500.0,7500.0,0.0
0.0,0.0,0.0,-0.08632812499999999,14.850000381469727,1.0,30000.0,7500.0,7500.0,0.0
0.0,0.0,0.0,-0.08632812499999999,14.779999732971191,1.0,30000.0,7500.0,7500.0,0.0
0.0,0.0,0.0,-0.0796875,14.75,1.0,30000.0,7500.0,7500.0,0.0
0.0,0.0,0.0,-0.073046875,14.739999771118164,1.0,30000.0,7500.0,7500.0,0.0
0.0,0.0,0.0,0.0,14.75,1.0,30000.0,7500.0,7500.0,0.0
0.0,0.0,0.0,0.0001,14.829999923706055,1.0,30000.0,7500.0,7500.0,0.0
0.0,0.0,0.0,0.0001,14.829999923706055,1.0,30000.0,7500.0,7500.0,0.0
0.0,0.0,0.0,0.0001,14.84000015258789,1.0,30000.0,7500.0,7500.0,0.0
0.0,0.0,0.0,0.0001,14.859999656677246,1.0,30000.0,7500.0,7500.0,0.0
0.0,0.0,0.0,0.0001,14.850000381469727,1.0,30000.0,7500.0,7500.0,0.0
0.0,0.0,0.0,0.0001,14.850000381469727,1.0,30000.0,7500.0,7500.0,0.0
0.0,0.0,0.0,0.0001,14.819999694824219,1.0,30000.0,7500.0,7500.0,0.0
0.0,0.0,0.0,0.0001,14.800000190734863,1.0,30000.0,7500.0,7500.0,0.0
0.0,0.0,0.0,0.0001,14.789999961853027,1.0,30000.0,7500.0,7500.0,0.0
0.0,0.0,0.0,0.0001,14.800000190734863,1.0,30000.0,7500.0,7500.0,0.0
0.0,0.0,0.0,0.0001,14.8100004196167,1.0,30000.0,7500.0,7500.0,0.0
0.0,0.0,0.0,0.0001,14.819999694824219,1.0,30000.0,7500.0,7500.0,0.0
0.0,0.0,0.0,0.0001,14.829999923706055,1.0,30000.0,7500.0,7500.0,0.0
0.0,0.0,0.0,0.0001,14.829999923706055,1.0,30000.0,7500.0,7500.0,0.0
0.0,0.0,0.0,0.0001,14.829999923706055,1.0,30000.0,7500.0,7500.0,0.0
0.0,0.0,0.0,0.0001,14.829999923706055,1.0,30000.0,7500.0,7500.0,0.0
0.0,0.0,0.0,0.0001,14.819999694824219,1.0,30000.0,7500.0,7500.0,0.0
0.0,0.0,0.0,0.0001,14.819999694824219,1.0,30000.0,7500.0,7500.0,0.0
0.0,0.0,0.0,0.0001,14.819999694824219,1.0,30000.0,7500.0,7500.0,0.0
0.0,0.0,0.0,0.0001,14.8100004196167,1.0,30000.0,7500.0,7500.0,0.0
0.0,0.0,0.0,0.0001,14.819999694824219,1.0,30000.0,7500.0,7500.0,0.3
0.0,0.0,0.0,0.0,14.829999923706055,1.0,30000.0,7500.0,7500.0,0.3
0.0,0.0,0.0,0.0,14.829999923706055,1.0,30000.0,7500.0,7500.0,0.3
0.0,0.0,0.0,0.0,14.829999923706055,1.0,30000.0,7500.0,7500.0,0.3
0.0,0.0,0.0,0.0,14.829999923706055,1.0,30000.0,7500.0,7500.0,0.3
0.0,0.0,0.0,0.0,14.819999694824219,1.0,30000.0,7500.0,7500.0,0.3
0.0,0.0,0.0,0.0,14.819999694824219,1.0,30000.0,7500.0,7500.0,0.3
0.0,0.0,0.0,0.0,14.819999694824219,1.0,30000.0,7500.0,7500.0,0.3
0.0,0.0,0.0,0.0,14.8100004196167,1.0,30000.0,7500.0,7500.0,0.3
0.0,0.0,0.0,0.0,14.819999694824219,1.0,30000.0,7500.0,7500.0,0.3
0.0,0.0,0.0,0.0,14.819999694824219,1.0,30000.0,7500.0,7500.0,0.3
0.0,0.0,0.0,0.0,14.819999694824219,1.0,30000.0,7500.0,7500.0,0.3
0.0,0.0,0.0,0.0,14.819999694824219,1.0,30000.0,7500.0,7500.0,0.3
0.0,0.0,0.0,0.0,14.829999923706055,1.0,30000.0,7500.0,7500.0,0.3
0.0,0.0,0.0,0.0,14.8100004196167,1.0,30000.0,7500.0,7500.0,0.3
0.0,0.0,0.0,0.0,14.819999694824219,1.0,30000.0,7500.0,7500.0,0.3
0.0,0.0,0.0,0.0,14.789999961853027,1.0,30000.0,7500.0,7500.0,0.3
0.0,0.0,0.0,0.0,14.8100004196167,1.0,30000.0,7500.0,7500.0,0.3
0.0,0.0,0.0,0.0,14.819999694824219,1.0,30000.0,7500.0,7500.0,0.3
0.0,0.0,0.0,0.0,14.800000190734863,1.0,30000.0,7500.0,7500.0,0.3
0.0,0.0,0.0,0.0,14.819999694824219,1.0,30000.0,7500.0,7500.0,0.3
0.0,0.0,0.0,0.0,14.819999694824219,1.0,30000.0,7500.0,7500.0,0.3
0.0,0.0,0.0,0.0,14.8100004196167,1.0,30000.0,7500.0,7500.0,0.3
0.0,0.0,0.0,0.0,14.789999961853027,1.0,30000.0,7500.0,7500.0,0.3
0.0,0.0,0.0,0.0,14.800000190734863,1.0,30000.0,7500.0,7500.0,0.3
0.0,0.0,0.0,0.0,14.8100004196167,1.0,30000.0,7500.0,7500.0,0.3
0.0,0.0,0.0,0.0,14.800000190734863,1.0,30000.0,7500.0,7500.0,0.3
0.0,0.0,0.0,0.0,14.819999694824219,1.0,30000.0,7500.0,7500.0,0.3
0.0,0.0,0.0,0.0,14.8100004196167,1.0,30000.0,7500.0,7500.0,0.3
0.0,0.0,0.0,0.0,14.8100004196167,1.0,30000.0,7500.0,7500.0,0.3
0.0,0.0,0.0,0.0,14.800000190734863,1.0,30000.0,7500.0,7500.0,0.3
0.0,0.0,0.0,0.0,14.800000190734863,1.0,30000.0,7500.0,7500.0,0.3
0.0,0.0,0.0,0.0,14.800000190734863,1.0,30000.0,7500.0,7500.0,0.3
0.0,0.05,0.0,0.0,14.800000190734863,1.0,30000.0,7500.0,7500.0,0.3
0.0,0.05,0.0,0.0,14.8100004196167,1.0,30000.0,7500.0,7500.0,0.3
0.0,0.05,0.0,0.0,14.8100004196167,1.0,30000.0,7500.0,7500.0,0.3
0.0,0.05,0.0,0.0,14.8100004196167,1.0,30000.0,7500.0,7500.0,0.3
0.0,0.05,0.0,0.0,14.8100004196167,1.0,30000.0,7500.0,7500.0,0.3
0.0,0.05,0.0,0.0,14.8100004196167,1.0,30000.0,7500.0,7500.0,0.3
0.0,0.05,0.0,0.0,14.800000190734863,1.0,30000.0,7500.0,7500.0,0.3
0.0,0.05,0.0,0.0,14.8100004196167,1.0,30000.0,7500.0,7500.0,0.3
0.0,0.05,0.0,0.0,14.800000190734863,1.0,30000.0,7500.0,7500.0,0.3
0.0,0.05,0.0,0.0,14.800000190734863,1.0,30000.0,7500.0,7500.0,0.3
0.0,-0.05,0.0,0.0,14.8100004196167,1.0,30000.0,7500.0,7500.0,0.3
0.0,-0.05,0.0,0.0,14.800000190734863,1.0,30000.0,7500.0,7500.0,0.3
0.0,-0.05,0.0,0.0,14.8100004196167,1.0,30000.0,7500.0,7500.0,0.3
0.0,-0.05,0.0,0.0,14.8100004196167,1.0,30000.0,7500.0,7500.0,0.3
0.0,-0.05,0.0,0.0,14.8100004196167,1.0,30000.0,7500.0,7500.0,0.3
0.0,-0.05,0.0,0.0,14.8100004196167,1.0,30000.0,7500.0,7500.0,0.3
0.0,-0.05,0.0,0.0,14.8100004196167,1.0,30000.0,7500.0,7500.0,0.3
0.0,-0.05,0.0,0.0,14.8100004196167,1.0,30000.0,7500.0,7500.0,0.3
0.0,-0.05,0.0,0.0,14.8100004196167,1.0,30000.0,7500.0,7500.0,0.3
0.0,0.0,0.05,0.0,14.8100004196167,1.0,30000.0,7500.0,7500.0,0.3
0.0,0.0,0.05,0.0,14.8100004196167,1.0,30000.0,7500.0,7500.0,0.3
0.0,0.0,0.05,0.0,14.8100004196167,1.0,30000.0,7500.0,7500.0,0.3
0.0,0.0,0.05,0.0,14.8100004196167,1.0,30000.0,7500.0,7500.0,0.3
0.0,0.0,0.05,0.0,14.8100004196167,1.0,30000.0,7500.0,7500.0,0.3
0.0,0.0,0.05,0.0,14.8100004196167,1.0,30000.0,7500.0,7500.0,0.3
0.0,0.0,-0.05,0.0,14.8100004196167,1.0,30000.0,7500.0,7500.0,0.3
0.0,0.0,-0.05,0.0,14.8100004196167,1.0,30000.0,7500.0,7500.0,0.3
0.0,0.0,-0.05,0.0,14.8100004196167,1.0,30000.0,7500.0,7500.0,0.3
0.0,0.0,-0.05,0.0,14.8100004196167,1.0,30000.0,7500.0,7500.0,0.3
0.0,0.0,-0.05,0.0,14.800000190734863,1.0,30000.0,7500.0,7500.0,0.3
0.0,0.0,0.0,0.0001,14.800000190734863,1.0,30000.0,7500.0,7500.0,0.3
0.0,0.0,0.0,0.0001,14.8100004196167,1.0,30000.0,7500.0,7500.0,0.3
0.0,0.0,0.0,0.0001,14.8100004196167,1.0,30000.0,7500.0,7500.0,0.3
0.0,0.0,0.0,0.0001,14.8100004196167,1.0,30000.0,7500.0,7500.0,0.3
0.0,0.0,0.0,0.0001,14.8100004196167,1.0,30000.0,7500.0,7500.0,0.3
0.0,0.0,0.0,0.0001,14.8100004196167,1.0,30000.0,7500.0,7500.0,0.3
0.0,0.0,0.0,0.0001,14.8100004196167,1.0,30000.0,7500.0,7500.0,0.3
0.0,0.0,0.0,0.0001,14.8100004196167,1.0,30000.0,7500.0,7500.0,0.3
0.0,0.0,0.0,0.0001,14.8100004196167,1.0,30000.0,7500.0,7500.0,0.3
0.0,0.0,0.0,0.0,14.800000190734863,1.0,30000.0,7500.0,7500.0,0.3
0.0,0.0,0.0,0.0,14.8100004196167,1.0,30000.0,7500.0,7500.0,0.3
0.0,0.0,0.0,0.0,14.8100004196167,1.0,30000.0,7500.0,7500.0,0.3
0.0,0.0,0.0,0.0,14.800000190734863,1.0,30000.0,7500.0,7500.0,0.3
0.0,0.0,0.0,0.0,14.8100004196167,1.0,30000.0,7500.0,7500.0,0.3
0.0,0.0,0.0,0.0,14.8100004196167,1.0,30000.0,7500.0,7500.0,0.3
0.0,0.0,0.0,0.0,14.800000190734863,1.0,30000.0,7500.0,7500.0,0.3
0.0,0.0,0.0,0.0,14.8100004196167,1.0,30000.0,7500.0,7500.0,0.3
0.0,0.0,0.0,0.0,14.800000190734863,1.0,30000.0,7500.0,7500.0,0.3
0.0,0.0,0.0,0.0,14.8100004196167,1.0,30000.0,7500.0,7500.0,0.3
0.0,0.0,0.0,0.0,14.800000190734863,1.0,30000.0,7500.0,7500.0,0.3
0.0,0.0,0.0,0.0,14.8100004196167,1.0,30000.0,7500.0,7500.0,0.3
0.0,0.0,0.0,0.0,14.8100004196167,1.0,30000.0,7500.0,7500.0,0.3
0.0,0.0,0.0,0.0,14.8100004196167,1.0,30000.0,7500.0,7500.0,0.3
0.0,0.0,0.0,0.0,14.800000190734863,1.0,30000.0,7500.0,7500.0,0.3
0.0,0.0,0.0,0.0,14.800000190734863,1.0,30000.0,7500.0,7500.0,0.3
0.0,0.0,0.0,0.0,14.789999961853027,1.0,30000.0,7500.0,7500.0,0.3
0.0,0.0,0.0,0.0,14.84000015258789,1.0,30000.0,7500.0,7500.0,0.3
0.0,0.0,0.0,0.0,14.789999961853027,1.0,30000.0,7500.0,7500.0,0.3
0.0,0.0,0.0,0.0,14.829999923706055,1.0,30000.0,7500.0,7500.0,0.3
0.0,0.0,0.0,0.0,14.789999961853027,1.0,30000.0,7500.0,7500.0,0.3
0.0,0.0,0.0,0.0,14.829999923706055,1.0,30000.0,7500.0,7500.0,0.3
0.0,0.0,0.0,0.0,14.770000457763672,1.0,30000.0,7500.0,7500.0,0.3
0.0,0.0,0.0,0.0,14.8100004196167,1.0,30000.0,7500.0,7500.0,0.3
0.0,0.0,0.0,0.0,14.789999961853027,1.0,30000.0,7500.0,7500.0,0.3
0.0,0.0,0.0,0.0,14.800000190734863,1.0,30000.0,7500.0,7500.0,0.3
0.0,0.0,0.0,0.0,14.8100004196167,1.0,30000.0,7500.0,7500.0,0.3
0.0,0.0,0.0,0.0,14.800000190734863,1.0,30000.0,7500.0,7500.0,0.3
0.0,0.0,0.0,0.0,14.8100004196167,1.0,30000.0,7500.0,7500.0,0.3
0.0,0.0,0.0,0.0,14.8100004196167,1.0,30000.0,7500.0,7500.0,0.3
0.0,0.0,0.0,0.0,14.8100004196167,1.0,30000.0,7500.0,7500.0,0.3
0.0,0.0,0.0,0.0,14.8100004196167,1.0,30000.0,7500.0,7500.0,0.3
0.0,0.0,0.0,0.0,14.800000190734863,1.0,30000.0,7500.0,7500.0,0.3
0.0,0.0,0.0,0.0,14.800000190734863,1.0,30000.0,7500.0,7500.0,0.3
0.0,0.0,0.0,0.0,14.800000190734863,1.0,30000.0,7500.0,7500.0,0.3
0.0,0.0,0.0,0.0,14.8100004196167,1.0,30000.0,7500.0,7500.0,0.3
0.0,0.0,0.0,0.0,14.8100004196167,1.0,30000.0,7500.0,7500.0,0.3
0.0,0.0,0.0,0.0,14.8100004196167,1.0,30000.0,7500.0,7500.0,0.3
0.0,0.0,0.0,0.0,14.8100004196167,1.0,30000.0,7500.0,7500.0,0.3
0.0,0.0,0.0,0.0,14.8100004196167,1.0,30000.0,7500.0,7500.0,0.3
0.0,0.0,0.0,0.0,14.8100004196167,1.0,30000.0,7500.0,7500.0,0.3
0.0,0.0,0.0,0.0,14.8100004196167,1.0,30000.0,7500.0,7500.0,0.3
0.0,0.0,0.0,0.0,14.800000190734863,1.0,30000.0,7500.0,7500.0,0.3
0.0,0.0,0.0,0.0,14.8100004196167,1.0,30000.0,7500.0,7500.0,0.3
0.0,0.0,0.0,0.0,14.8100004196167,1.0,30000.0,7500.0,7500.0,0.3
0.0,0.0,0.0,0.0,14.800000190734863,1.0,30000.0,7500.0,7500.0,0.3
0.0,0.0,0.0,0.0,14.800000190734863,1.0,30000.0,7500.0,7500.0,0.3
0.0,0.0,0.0,0.0,14.800000190734863,1.0,30000.0,7500.0,7500.0,0.3
0.0,0.0,0.0,0.0,14.800000190734863,1.0,30000.0,7500.0,7500.0,0.3
0.0,0.0,0.0,0.0,14.800000190734863,1.0,30000.0,7500.0,7500.0,0.3
0.0,0.0,0.0,0.0,14.800000190734863,1.0,30000.0,7500.0,7500.0,0.3
0.0,0.0,0.0,0.0,14.800000190734863,1.0,30000.0,7500.0,7500.0,0.3
0.0,0.0,0.0,0.0,14.800000190734863,1.0,30000.0,7500.0,7500.0,0.3
0.0,0.0,0.0,0.0,14.800000190734863,1.0,30000.0,7500.0,7500.0,0.3
0.0,0.0,0.0,0.0,14.800000190734863,1.0,30000.0,7500.0,7500.0,0.3
0.0,0.0,0.0,0.0,14.800000190734863,1.0,30000.0,7500.0,7500.0,0.3
0.0,0.0,0.0,0.0,14.800000190734863,1.0,30000.0,7500.0,7500.0,0.3
0.0,0.0,0.0,0.0,14.800000190734863,1.0,30000.0,7500.0,7500.0,0.3
0.0,0.0,0.0,0.0,14.800000190734863,1.0,30000.0,7500.0,7500.0,0.3
0.0,0.0,0.0,0.0,14.800000190734863,1.0,30000.0,7500.0,7500.0,0.3
0.0,0.0,0.0,0.0,14.800000190734863,1.0,30000.0,7500.0,7500.0,0.3
0.0,0.0,0.0,0.0,14.800000190734863,1.0,30000.0,7500.0,7500.0,0.3
0.0,0.0,0.0,0.0,14.800000190734863,1.0,30000.0,7500.0,7500.0,0.3
0.0,0.0,0.0,0.0,14.800000190734863,1.0,30000.0,7500.0,7500.0,0.3
0.0,0.0,0.0,0.0,14.800000190734863,1.0,30000.0,7500.0,7500.0,0.3
0.0,0.0,0.0,0.0,14.800000190734863,1.0,30000.0,7500.0,7500.0,0.3
0.0,0.0,0.0,0.0,14.800000190734863,1.0,30000.0,7500.0,7500.0,0.3
0.0,0.0,0.0,0.0,14.800000190734863,1.0,30000.0,7500.0,7500.0,0.3
0.0,0.0,0.0,0.0,14.800000190734863,1.0,30000.0,7500.0,7500.0,0.3
0.0,0.0,0.0,0.0,14.800000190734863,1.0,30000.0,7500.0,7500.0,0.3
0.0,0.0,0.0,0.0,14.800000190734863,1.0,30000.0,7500.0,7500.0,0.3
0.0,0.0,0.0,0.0,14.800000190734863,1.0,30000.0,7500.0,7500.0,0.3
0.0,0.0,0.0,0.0,14.800000190734863,1.0,30000.0,7500.0,7500.0,0.3
0.0,0.0,0.0,0.0,14.800000190734863,1.0,30000.0,7500.0,7500.0,0.3
0.0,0.0,0.0,0.0,14.800000190734863,1.0,30000.0,7500.0,7500.0,0.3
0.0,0.0,0.0,0.0,14.800000190734863,1.0,30000.0,7500.0,7500.0,0.3
0.0,0.0,0.0,0.0,14.800000190734863,1.0,30000.0,7500.0,7500.0,0.3
0.0,0.0,0.0,0.0,14.800000190734863,1.0,30000.0,7500.0,7500.0,0.3
0.0,0.0,0.0,0.0,14.800000190734863,1.0,30000.0,7500.0,7500.0,0.3
0.0,0.0,0.0,0.0,14.800000190734863,1.0,30000.0,7500.0,7500.0,0.3
0.0,0.0,0.0,0.0,14.800000190734863,1.0,30000.0,7500.0,7500.0,0.3
0.0,0.0,0.0,0.0,14.800000190734863,1.0,30000.0,7500.0,7500.0,0.3
0.0,0.0,0.0,0.0,14.800000190734863,1.0,30000.0,7500.0,7500.0,0.3
0.0,0.0,0.0,0.0,14.800000190734863,1.0,30000.0,7500.0,7500.0,0.3
0.0,0.0,0.0,0.0,14.800000190734863,1.0,30000.0,7500.0,7500.0,0.3
0.0,0.0,0.0,0.0,14.800000190734863,1.0,30000.0,7500.0,7500.0,0.3
0.0,0.0,0.0,0.0,14.800000190734863,1.0,30000.0,7500.0,7500.0,0.3
0.0,0.0,0.0,0.0,14.800000190734863,1.0,30000.0,7500.0,7500.0,0.3
0.0,0.0,0.0,0.0,14.800000190734863,1.0,30000.0,7500.0,7500.0,0.3
0.0,0.0,0.0,0.0,14.800000190734863,1.0,30000.0,7500.0,7500.0,0.3
0.0,0.0,0.0,0.0,14.800000190734863,1.0,30000.0,7500.0,7500.0,0.3
0.0,0.0,0.0,0.0,14.800000190734863,1.0,30000.0,7500.0,7500.0,0.3
0.0,0.0,0.0,0.0,14.800000190734863,1.0,30000.0,7500.0,7500.0,0.3
0.0,0.0,0.0,0.0,14.800000190734863,1.0,30000.0,7500.0,7500.0,0.3
0.0,0.0,0.0,0.0,14.800000190734863,1.0,30000.0,7500.0,7500.0,0.3
0.0,0.0,0.0,0.0,14.800000190734863,1.0,30000.0,7500.0,7500.0,0.3
0.0,0.0,0.0,0.0,14.800000190734863,1.0,30000.0,7500.0,7500.0,0.3
0.0,0.0,0.0,0.0,14.800000190734863,1.0,30000.0,7500.0,7500.0,0.3
0.0,0.0,0.0,0.0,14.800000190734863,1.0,30000.0,7500.0,7500.0,0.3
0.0,0.0,0.0,0.0,14.800000190734863,1.0,30000.0,7500.0,7500.0,0.3
0.0,0.0,0.0,0.0,14.800000190734863,1.0,30000.0,7500.0,7500.0,0.3
0.0,0.0,0.0,0.0,14.800000190734863,1.0,30000.0,7500.0,7500.0,0.3
0.0,0.0,0.0,0.0,14.800000190734863,1.0,30000.0,7500.0,7500.0,0.3
0.0,0.0,0.0,0.0,14.800000190734863,1.0,30000.0,7500.0,7500.0,0.3
0.0,0.0,0.0,0.0,14.800000190734863,1.0,30000.0,7500.0,7500.0,0.3
0.0,0.0,0.0,0.0,14.800000190734863,1.0,30000.0,7500.0,7500.0,0.3
0.0,0.0,0.0,0.0,14.800000190734863,1.0,30000.0,7500.0,7500.0,0.3
0.0,0.0,0.0,0.0,14.800000190734863,1.0,30000.0,7500.0,7500.0,0.3
0.0,0.0,0.0,0.0,14.800000190734863,1.0,30000.0,7500.0,7500.0,0.3
0.0,0.0,0.0,0.0,14.800000190734863,1.0,30000.0,7500.0,7500.0,0.3
0.0,0.0,0.0,0.0,14.800000190734863,1.0,30000.0,7500.0,7500.0,0.3
0.0,0.0,0.0,0.0,14.800000190734863,1.0,30000.0,7500.0,7500.0,0.3
0.0,0.0,0.0,0.0,14.800000190734863,1.0,30000.0,7500.0,7500.0,0.3
0.0,0.0,0.0,0.0,14.800000190734863,1.0,30000.0,7500.0,7500.0,0.3
0.0,0.0,0.0,0.0,14.800000190734863,1.0,30000.0,7500.0,7500.0,0.3
0.0,0.0,0.0,0.0,14.800000190734863,1.0,30000.0,7500.0,7500.0,0.3
0.0,0.0,0.0,0.0,14.800000190734863,1.0,30000.0,7500.0,7500.0,0.3
0.0,0.0,0.0,0.0,14.800000190734863,1.0,30000.0,7500.0,7500.0,0.3
0.0,0.0,0.0,0.0,14.800000190734863,1.0,30000.0,7500.0,7500.0,0.3
0.0,0.0,0.0,0.0,14.800000190734863,1.0,30000.0,7500.0,7500.0,0.3
0.0,0.0,0.0,0.0,14.800000190734863,1.0,30000.0,7500.0,7500.0,0.3
0.0,0.0,0.0,0.0,14.800000190734863,1.0,30000.0,7500.0,7500.0,0.3
0.0,0.0,0.0,0.0,14.800000190734863,1.0,30000.0,7500.0,7500.0,0.3
0.0,0.0,0.0,0.0,14.800000190734863,1.0,30000.0,7500.0,7500.0,0.3
0.0,0.0,0.0,0.0,14.800000190734863,1.0,30000.0,7500.0,7500.0,0.3
0.0,0.0,0.0,0.0,14.800000190734863,1.0,30000.0,7500.0,7500.0,0.3
0.0,0.0,0.0,0.0,14.800000190734863,1.0,30000.0,7500.0,7500.0,0.3
0.0,0.0,0.0,0.0,14.800000190734863,1.0,30000.0,7500.0,7500.0,0.3
0.0,0.0,0.0,0.0,14.800000190734863,1.0,30000.0,7500.0,7500.0,0.3
0.0,0.0,0.0,0.0,14.800000190734863,1.0,30000.0,7500.0,7500.0,0.3
0.0,0.0,0.0,0.0,14.800000190734863,1.0,30000.0,7500.0,7500.0,0.3
0.0,0.0,0.0,0.0,14.800000190734863,1.0,30000.0,7500.0,7500.0,0.3
0.0,0.0,0.0,0.0,14.800000190734863,1.0,30000.0,7500.0,7500.0,0.3
0.0,0.0,0.0,0.0,14.800000190734863,1.0,30000.0,7500.0,7500.0,0.3
0.0,0.0,0.0,0.0,14.800000190734863,1.0,30000.0,7500.0,7500.0,0.3
0.0,0.0,0.0,0.0,14.800000190734863,1.0,30000.0,7500.0,7500.0,0.3
0.0,0.0,0.0,0.0,14.800000190734863,1.0,30000.0,7500.0,7500.0,0.3
0.0,0.0,0.0,0.0,14.800000190734863,1.0,30000.0,7500.0,7500.0,0.3
0.0,0.0,0.0,0.0,14.800000190734863,1.0,30000.0,7500.0,7500.0,0.3
0.0,0.0,0.0,0.0,14.800000190734863,1.0,30000.0,7500.0,7500.0,0.3
0.0,0.0,0.0,0.0,14.800000190734863,1.0,30000.0,7500.0,7500.0,0.3
0.0,0.0,0.0,0.0,14.800000190734863,1.0,30000.0,7500.0,7500.0,0.3
0.0,0.0,0.0,0.0,14.800000190734863,1.0,30000.0,7500.0,7500.0,0.3
0.0,0.0,0.0,0.0,14.800000190734863,1.0,30000.0,7500.0,7500.0,0.3
0.0,0.0,0.0,0.0,14.800000190734863,1.0,30000.0,7500.0,7500.0,0.3
0.0,0.0,0.0,0.0,14.800000190734863,1.0,30000.0,7500.0,7500.0,0.3
0.0,0.0,0.0,0.0,14.800000190734863,1.0,30000.0,7500.0,7500.0,0.3
0.0,0.0,0.0,0.0,14.800000190734863,1.0,30000.0,7500.0,7500.0,0.3
0.0,0.0,0.0,0.0,14.800000190734863,1.0,30000.0,7500.0,7500.0,0.3
0.0,0.0,0.0,0.0,14.800000190734863,1.0,30000.0,7500.0,7500.0,0.3
0.0,0.0,0.0,0.0,14.800000190734863,1.0,30000.0,7500.0,7500.0,0.3
0.0,0.0,0.0,0.0,14.800000190734863,1.0,30000.0,7500.0,7500.0,0.3
0.0,0.0,0.0,0.0,14.800000190734863,1.0,30000.0,7500.0,7500.0,0.3
0.0,0.0,0.0,0.0,14.800000190734863,1.0,30000.0,7500.0,7500.0,0.3
0.0,0.0,0.0,0.0,14.800000190734863,1.0,30000.0,7500.0,7500.0,0.3
0.0,0.0,0.0,0.0,14.800000190734863,1.0,30000.0,7500.0,7500.0,0.3
0.0,0.0,0.0,0.0,14.800000190734863,1.0,30000.0,7500.0,7500.0,0.3
0.0,0.0,0.0,0.0,14.800000190734863,1.0,30000.0,7500.0,7500.0,0.3
0.0,0.0,0.0,0.0,14.800000190734863,1.0,30000.0,7500.0,7500.0,0.3
0.0,0.0,0.0,0.0,14.800000190734863,1.0,30000.0,7500.0,7500.0,0.3
0.0,0.0,0.0,0.0,14.800000190734863,1.0,30000.0,7500.0,7500.0,0.3
0.0,0.0,0.0,0.0,14.800000190734863,1.0,30000.0,7500.0,7500.0,0.3
0.0,0.0,0.0,0.0,14.800000190734863,1.0,30000.0,7500.0,7500.0,0.3
0.0,0.0,0.0,0.0,14.800000190734863,1.0,30000.0,7500.0,7500.0,0.3
0.0,0.0,0.0,0.0,14.800000190734863,1.0,30000.0,7500.0,7500.0,0.3
0.0,0.0,0.0,0.0,14.800000190734863,1.0,30000.0,7500.0,7500.0,0.3
0.0,0.0,0.0,0.0,14.800000190734863,1.0,30000.0,7500.0,7500.0,0.3
0.0,0.0,0.0,0.0,14.800000190734863,1.0,30000.0,7500.0,7500.0,0.3
0.0,0.0,0.0,0.0,14.800000190734863,1.0,30000.0,7500.0,7500.0,0.3
0.0,0.0,0.0,0.0,14.800000190734863,1.0,30000.0,7500.0,7500.0,0.3
0.0,0.0,0.0,0.0,14.800000190734863,1.0,30000.0,7500.0,7500.0,0.3
0.0,0.0,0.0,0.0,14.800000190734863,1.0,30000.0,7500.0,7500.0,0.3
0.0,0.0,0.0,0.0,14.800000190734863,1.0,30000.0,7500.0,7500.0,0.3
0.0,0.0,0.0,0.0,14.800000190734863,1.0,30000.0,7500.0,7500.0,0.3
0.0,0.0,0.0,0.0,14.800000190734863,1.0,30000.0,7500.0,7500.0,0.3
0.0,0.0,0.0,0.0,14.800000190734863,1.0,30000.0,7500.0,7500.0,0.3
0.0,0.0,0.0,0.0,14.800000190734863,1.0,30000.0,7500.0,7500.0,0.3
0.0,0.0,0.0,0.0,14.800000190734863,1.0,30000.0,7500.0,7500.0,0.3
0.0,0.0,0.0,0.0,14.800000190734863,1.0,30000.0,7500.0,7500.0,0.3
0.0,0.0,0.0,0.0,14.800000190734863,1.0,30000.0,7500.0,7500.0,0.3
0.0,0.0,0.0,0.0,14.800000190734863,1.0,30000.0,7500.0,7500.0,0.3
0.0,0.0,0.0,0.0,14.800000190734863,1.0,30000.0,7500.0,7500.0,0.3
0.0,0.0,0.0,0.0,14.800000190734863,1.0,30000.0,7500.0,7500.0,0.3
0.0,0.0,0.0,0.0,14.800000190734863,1.0,30000.0,7500.0,7500.0,0.3
0.0,0.0,0.0,0.0,14.800000190734863,1.0,30000.0,7500.0,7500.0,0.3
0.0,0.0,0.0,0.0,14.800000190734863,1.0,30000.0,7500.0,7500.0,0.3
0.0,0.0,0.0,0.0,14.800000190734863,1.0,30000.0,7500.0,7500.0,0.3
0.0,0.0,0.0,0.0,14.800000190734863,1.0,30000.0,7500.0,7500.0,0.3
0.0,0.0,0.0,0.0,14.800000190734863,1.0,30000.0,7500.0,7500.0,0.3
0.0,0.0,0.0,0.0,14.800000190734863,1.0,30000.0,7500.0,7500.0,0.3
0.0,0.0,0.0,0.0,14.800000190734863,1.0,30000.0,7500.0,7500.0,0.3
0.0,0.0,0.0,0.0,14.800000190734863,1.0,30000.0,7500.0,7500.0,0.3
0.0,0.0,0.0,0.0,14.800000190734863,1.0,30000.0,7500.0,7500.0,0.3
0.0,0.0,0.0,0.0,14.800000190734863,1.0,30000.0,7500.0,7500.0,0.3
0.0,0.0,0.0,0.0,14.800000190734863,1.0,30000.0,7500.0,7500.0,0.3
0.0,0.0,0.0,0.0,14.800000190734863,1.0,30000.0,7500.0,7500.0,0.3
0.0,0.0,0.0,0.0,14.800000190734863,1.0,30000.0,7500.0,7500.0,0.3
0.0,0.0,0.0,0.0,14.800000190734863,1.0,30000.0,7500.0,7500.0,0.3
0.0,0.0,0.0,0.0,14.800000190734863,1.0,30000.0,7500.0,7500.0,0.3
0.0,0.0,0.0,0.0,14.800000190734863,1.0,30000.0,7500.0,7500.0,0.3
0.0,0.0,0.0,0.0,14.800000190734863,1.0,30000.0,7500.0,7500.0,0.3
0.0,0.0,0.0,0.0,14.800000190734863,1.0,30000.0,7500.0,7500.0,0.3
0.0,0.0,0.0,0.0,14.800000190734863,1.0,30000.0,7500.0,7500.0,0.3
0.0,0.0,0.0,0.0,14.800000190734863,1.0,30000.0,7500.0,7500.0,0.3
0.0,0.0,0.0,0.0,14.800000190734863,1.0,30000.0,7500.0,7500.0,0.3
0.0,0.0,0.0,0.0,14.800000190734863,1.0,30000.0,7500.0,7500.0,0.3
0.0,0.0,0.0,0.0,14.800000190734863,1.0,30000.0,7500.0,7500.0,0.3
0.0,0.0,0.0,0.0,14.800000190734863,1.0,30000.0,7500.0,7500.0,0.3
0.0,0.0,0.0,0.0,14.800000190734863,1.0,30000.0,7500.0,7500.0,0.3
0.0,0.0,0.0,0.0,14.800000190734863,1.0,30000.0,7500.0,7500.0,0.3
0.0,0.0,0.0,0.0,14.800000190734863,1.0,30000.0,7500.0,7500.0,0.3
0.0,0.0,0.0,0.0,14.800000190734863,1.0,30000.0,7500.0,7500.0,0.3
0.0,0.0,0.0,0.0,14.800000190734863,1.0,30000.0,7500.0,7500.0,0.3
0.0,0.0,0.0,0.0,14.800000190734863,1.0,30000.0,7500.0,7500.0,0.3
0.0,0.0,0.0,0.0,14.800000190734863,1.0,30000.0,7500.0,7500.0,0.3
0.0,0.0,0.0,0.0,14.800000190734863,1.0,30000.0,7500.0,7500.0,0.3
0.0,0.0,0.0,0.0,14.800000190734863,1.0,30000.0,7500.0,7500.0,0.3
0.0,0.0,0.0,0.0,14.800000190734863,1.0,30000.0,7500.0,7500.0,0.3
0.0,0.0,0.0,0.0,14.800000190734863,1.0,30000.0,7500.0,7500.0,0.3
0.0,0.0,0.0,0.0,14.800000190734863,1.0,30000.0,7500.0,7500.0,0.3
0.0,0.0,0.0,0.0,14.800000190734863,1.0,30000.0,7500.0,7500.0,0.3
0.0,0.0,0.0,0.0,14.800000190734863,1.0,30000.0,7500.0,7500.0,0.3
0.0,0.0,0.0,0.0,14.800000190734863,1.0,30000.0,7500.0,7500.0,0.3
0.0,0.0,0.0,0.0,14.800000190734863,1.0,30000.0,7500.0,7500.0,0.3
0.0,0.0,0.0,0.0,14.800000190734863,1.0,30000.0,7500.0,7500.0,0.3
0.0,0.0,0.0,0.0,14.800000190734863,1.0,30000.0,7500.0,7500.0,0.3
0.0,0.0,0.0,0.0,14.800000190734863,1.0,30000.0,7500.0,7500.0,0.3
0.0,0.0,0.0,0.0,14.800000190734863,1.0,30000.0,7500.0,7500.0,0.3
0.0,0.0,0.0,0.0,14.800000190734863,1.0,30000.0,7500.0,7500.0,0.3
0.0,0.0,0.0,0.0,14.800000190734863,1.0,30000.0,7500.0,7500.0,0.3
0.0,0.0,0.0,0.0,14.800000190734863,1.0,30000.0,7500.0,7500.0,0.3
0.0,0.0,0.0,0.0,14.800000190734863,1.0,30000.0,7500.0,7500.0,0.3
0.0,0.0,0.0,0.0,14.800000190734863,1.0,30000.0,7500.0,7500.0,0.3
0.0,0.0,0.0,0.0,14.800000190734863,1.0,30000.0,7500.0,7500.0,0.3
0.0,0.0,0.0,0.0,14.800000190734863,1.0,30000.0,7500.0,7500.0,0.3
0.0,0.0,0.0,0.0,14.800000190734863,1.0,30000.0,7500.0,7500.0,0.3
0.0,0.0,0.0,0.0,14.800000190734863,1.0,30000.0,7500.0,7500.0,0.3
0.0,0.0,0.0,0.0,14.800000190734863,1.0,30000.0,7500.0,7500.0,0.3
0.0,0.0,0.0,0.0,14.800000190734863,1.0,30000.0,7500.0,7500.0,0.3
0.0,0.0,0.0,0.0,14.800000190734863,1.0,30000.0,7500.0,7500.0,0.3
0.0,0.0,0.0,0.0,14.800000190734863,1.0,30000.0,7500.0,7500.0,0.3
0.0,0.0,0.0,0.0,14.800000190734863,1.0,30000.0,7500.0,7500.0,0.3
0.0,0.0,0.0,0.0,14.800000190734863,1.0,30000.0,7500.0,7500.0,0.3
0.0,0.0,0.0,0.0,14.800000190734863,1.0,30000.0,7500.0,7500.0,0.3
0.0,0.0,0.0,0.0,14.800000190734863,1.0,30000.0,7500.0,7500.0,0.3
0.0,0.0,0.0,0.0,14.800000190734863,1.0,30000.0,7500.0,7500.0,0.3
0.0,0.0,0.0,0.0,14.800000190734863,1.0,30000.0,7500.0,7500.0,0.3
0.0,0.0,0.0,0.0,14.800000190734863,1.0,30000.0,7500.0,7500.0,0.3
0.0,0.0,0.0,0.0,14.800000190734863,1.0,30000.0,7500.0,7500.0,0.3
0.0,0.0,0.0,0.0,14.800000190734863,1.0,30000.0,7500.0,7500.0,0.3
0.0,0.0,0.0,0.0,14.800000190734863,1.0,30000.0,7500.0,7500.0,0.3
0.0,0.0,0.0,0.0,14.800000190734863,1.0,30000.0,7500.0,7500.0,0.3
0.0,0.0,0.0,0.0,14.800000190734863,1.0,30000.0,7500.0,7500.0,0.3
0.0,0.0,0.0,0.0,14.800000190734863,1.0,30000.0,7500.0,7500.0,0.3
0.0,0.0,0.0,0.0,14.800000190734863,1.0,30000.0,7500.0,7500.0,0.3
0.0,0.0,0.0,0.0,14.800000190734863,1.0,30000.0,7500.0,7500.0,0.3
0.0,0.0,0.0,0.0,14.800000190734863,1.0,30000.0,7500.0,7500.0,0.3
0.0,0.0,0.0,0.0,14.800000190734863,1.0,30000.0,7500.0,7500.0,0.3
0.0,0.0,0.0,0.0,14.800000190734863,1.0,30000.0,7500.0,7500.0,0.3
0.0,0.0,0.0,0.0,14.800000190734863,1.0,30000.0,7500.0,7500.0,0.3
0.0,0.0,0.0,0.0,14.800000190734863,1.0,30000.0,7500.0,7500.0,0.3
0.0,0.0,0.0,0.0,14.800000190734863,1.0,30000.0,7500.0,7500.0,0.3
0.0,0.0,0.0,0.0,14.800000190734863,1.0,30000.0,7500.0,7500.0,0.3
0.0,0.0,0.0,0.0,14.800000190734863,1.0,30000.0,7500.0,7500.0,0.3
0.0,0.0,0.0,0.0,14.800000190734863,1.0,30000.0,7500.0,7500.0,0.3
0.0,0.0,0.0,0.0,14.800000190734863,1.0,30000.0,7500.0,7500.0,0.3
0.0,0.0,0.0,0.0,14.800000190734863,1.0,30000.0,7500.0,7500.0,0.3
0.0,0.0,0.0,0.0,14.8100004196167,1.0,30000.0,0.0,0.0,0.3
