0.0,0.0,0.0,0.0,0.0,0.0,0.0,0.0,0.0,0.0,0.0,0.0,0.0,0.0,0.0,0.0,0.0,0.0
0.0,0.11968503892421722,0.0,0.0,0.05899994447827339,2000.0,7.5,2500.0,0.0,0.0,0.0,0.0,0.0,0.0,0.0,0.0,0.0,0.0
0.0,0.13464567586779594,0.0,0.0,0.06899993121623993,2000.0,7.5,2500.0,0.0,0.0,0.0,0.0,0.0,0.0,0.0,0.0,0.0,0.0
0.0,0.14960629865527153,0.0,0.0,0.07899992167949677,2000.0,7.5,2500.0,0.0,0.0,0.0,0.0,0.0,0.0,0.0,0.0,0.0,0.0
0.0,0.16456693559885024,0.0,0.0,0.06899993121623993,2000.0,7.5,2500.0,0.0,0.0,0.0,0.0,0.0,0.0,0.0,0.0,0.0,0.0
0.0,0.16456693559885024,0.0,0.0,0.05899994447827339,2000.0,7.5,2500.0,0.0,0.0,0.0,0.0,0.0,0.0,0.0,0.0,0.0,0.0
0.0,0.17952755838632584,0.0,0.0,0.06899993121623993,2000.0,7.5,2500.0,0.0,0.0,0.0,0.0,0.0,0.0,0.0,0.0,0.0,0.0
0.0,0.19448819532990455,0.0,0.0,0.07899992167949677,2000.0,7.5,2500.0,0.0,0.0,0.0,0.0,0.0,0.0,0.0,0.0,0.0,0.0
0.0,0.21692912951111792,0.0,0.0,0.12899987399578094,2000.0,7.5,2500.0,0.0,0.0,0.0,0.0,0.0,0.0,0.0,0.0,0.0,0.0
0.0,0.22440945506095886,0.0,0.0,0.15899984538555145,2000.0,7.5,2500.0,0.0,0.0,0.0,0.0,0.0,0.0,0.0,0.0,0.0,0.0
0.0,0.23188976645469664,0.0,0.0,0.1990000456571579,2000.0,7.5,2500.0,0.0,0.0,0.0,0.0,0.0,0.0,0.0,0.0,0.0,0.0
0.0,0.23188976645469664,0.0,0.0,0.1990000456571579,2000.0,7.5,2500.0,0.0,0.0,0.0,0.0,0.0,0.0,0.0,0.0,0.0,0.0
0.0,0.23937007784843445,0.0,0.0,0.26899999380111694,2000.0,7.5,2500.0,0.0,0.0,0.0,0.0,0.0,0.0,0.0,0.0,0.0,0.0
0.0,0.23937007784843445,0.0,0.0,0.34899991750717163,2000.0,7.5,2500.0,0.0,0.0,0.0,0.0,0.0,0.0,0.0,0.0,0.0,0.0
0.0,0.23937007784843445,0.0,0.0,0.40899986028671265,2000.0,7.5,2500.0,0.0,0.0,0.0,0.0,0.0,0.0,0.0,0.0,0.0,0.0
0.0,0.23937007784843445,0.0,0.0,0.46900004148483276,2000.0,7.5,2500.0,0.0,0.0,0.0,0.0,0.0,0.0,0.0,0.0,0.0,0.0
0.0,0.23937007784843445,0.0,0.0,0.5489999651908875,2000.0,7.5,2500.0,0.0,0.0,0.0,0.0,0.0,0.0,0.0,0.0,0.0,0.0
0.0,0.24685038924217223,0.0,0.0,0.6289998888969421,2000.0,7.5,2500.0,0.0,0.0,0.0,0.0,0.0,0.0,0.0,0.0,0.0,0.0
0.0,0.24685038924217223,0.0,0.0,0.7090000510215759,2000.0,7.5,2500.0,0.0,0.0,0.0,0.0,0.0,0.0,0.0,0.0,0.0,0.0
0.0,0.24685038924217223,0.0,0.0,0.8790000081062317,2000.0,7.5,2500.0,0.0,0.0,0.0,0.0,0.0,0.0,0.0,0.0,0.0,0.0
0.0,0.24685038924217223,0.0,0.0,0.9789999127388,2000.0,7.5,2500.0,0.0,0.0,0.0,0.0,0.0,0.0,0.0,0.0,0.0,0.0
0.0,0.24685038924217223,0.0,0.0,1.0789998769760132,2000.0,7.5,2500.0,0.0,0.0,0.0,0.0,0.0,0.0,0.0,0.0,0.0,0.0
0.0,0.24685038924217223,0.0,0.0,1.2889999151229858,2000.0,7.5,2500.0,0.0,0.0,0.0,0.0,0.0,0.0,0.0,0.0,0.0,0.0
0.0,0.24685038924217223,0.0,0.0,1.3989999294281006,2000.0,7.5,2500.0,0.0,0.0,0.0,0.0,0.0,0.0,0.0,0.0,0.0,0.0
0.0,0.24685038924217223,0.0,0.0,1.628999948501587,2000.0,7.5,2500.0,0.0,0.0,0.0,0.0,0.0,0.0,0.0,0.0,0.0,0.0
0.0,0.23937007784843445,0.0,0.0,1.8889999389648438,2000.0,7.5,2500.0,0.0,0.0,0.0,0.0,0.0,0.0,0.0,0.0,0.0,0.0
0.0,0.23937007784843445,0.0,0.0,2.0189998149871826,2000.0,7.5,2500.0,0.0,0.0,0.0,0.0,0.0,0.0,0.0,0.0,0.0,0.0
0.0,0.23937007784843445,0.0,0.0,2.1489999294281006,2000.0,7.5,2500.0,0.0,0.0,0.0,0.0,0.0,0.0,0.0,0.0,0.0,0.0
0.0,0.23937007784843445,0.0,0.0,2.2890000343322754,2000.0,7.5,2500.0,0.0,0.0,0.0,0.0,0.0,0.0,0.0,0.0,0.0,0.0
0.0,0.23937007784843445,0.0,0.0,2.428999900817871,2000.0,7.5,2500.0,0.0,0.0,0.0,0.0,0.0,0.0,0.0,0.0,0.0,0.0
0.0,0.24685038924217223,0.0,0.0,2.678999900817871,2000.0,7.5,2500.0,0.0,0.0,0.0,0.0,0.0,0.0,0.0,0.0,0.0,0.0
0.0,0.24685038924217223,0.0,0.0,2.809000015258789,2000.0,7.5,2500.0,0.0,0.0,0.0,0.0,0.0,0.0,0.0,0.0,0.0,0.0
0.0,0.23937007784843445,0.0,0.0,2.9489998817443848,2000.0,7.5,2500.0,0.0,0.0,0.0,0.0,0.0,0.0,0.0,0.0,0.0,0.0
0.0,0.23937007784843445,0.0,0.0,3.2289998531341553,2000.0,7.5,2500.0,0.0,0.0,0.0,0.0,0.0,0.0,0.0,0.0,0.0,0.0
0.0,0.23937007784843445,0.0,0.0,3.3489999771118164,2000.0,7.5,2500.0,0.0,0.0,0.0,0.0,0.0,0.0,0.0,0.0,0.0,0.0
0.0,0.23937007784843445,0.0,0.0,3.4689998626708984,2000.0,7.5,2500.0,0.0,0.0,0.0,0.0,0.0,0.0,0.0,0.0,0.0,0.0
0.0,0.23937007784843445,0.0,0.0,3.7189998626708984,2000.0,7.5,2500.0,0.0,0.0,0.0,0.0,0.0,0.0,0.0,0.0,0.0,0.0
0.0,0.23188976645469664,0.0,0.0,4.138999938964844,2000.0,7.5,2500.0,0.0,0.0,0.0,0.0,0.0,0.0,0.0,0.0,0.0,0.0
0.0,0.23188976645469664,0.0,0.0,4.138999938964844,2000.0,7.5,2500.0,0.0,0.0,0.0,0.0,0.0,0.0,0.0,0.0,0.0,0.0
0.0,0.22440945506095886,0.0,0.0,4.269000053405762,2000.0,7.5,2500.0,0.0,0.0,0.0,0.0,0.0,0.0,0.0,0.0,0.0,0.0
0.0,0.21692912951111792,0.0,0.0,4.39900016784668,2000.0,7.5,2500.0,0.0,0.0,0.0,0.0,0.0,0.0,0.0,0.0,0.0,0.0
0.0,0.21692912951111792,0.0,0.0,4.638999938964844,2000.0,7.5,2500.0,0.0,0.0,0.0,0.0,0.0,0.0,0.0,0.0,0.0,0.0
0.0,0.21692912951111792,0.0,0.0,4.749000072479248,2000.0,7.5,2500.0,0.0,0.0,0.0,0.0,0.0,0.0,0.0,0.0,0.0,0.0
0.0,0.21692912951111792,0.0,0.16491299957409178,4.858999729156494,2000.0,7.5,2500.0,0.0,0.0,0.0,0.0,0.0,0.0,0.0,0.0,0.0,0.0
0.0,0.21692912951111792,0.0,0.23087819940372847,4.968999862670898,2000.0,7.5,2500.0,0.0,0.0,0.0,0.0,0.0,0.0,0.0,0.0,0.0,0.0
0.0,0.20944881811738014,0.0,0.23087819940372847,5.078999996185303,2000.0,7.5,2500.0,0.0,0.0,0.0,0.0,0.0,0.0,0.0,0.0,0.0,0.0
0.0,0.20944881811738014,0.0,0.21438690724854906,5.298999786376953,2000.0,7.5,2500.0,0.0,0.0,0.0,0.0,0.0,0.0,0.0,0.0,0.0,0.0
0.0,0.20196850672364233,0.0,0.0,5.36899995803833,2000.0,7.5,2500.0,0.0,0.0,0.0,0.0,0.0,0.0,0.0,0.0,0.0,0.0
0.0,0.20196850672364233,0.0,0.0,5.0889997482299805,2000.0,7.5,2500.0,0.0,0.0,0.0,0.0,0.0,0.0,0.0,0.0,0.0,0.0
0.0,0.20196850672364233,0.0,0.0,4.209000110626221,2000.0,7.5,2500.0,0.0,0.0,0.0,0.0,0.0,0.0,0.0,0.0,0.0,0.0
0.0,0.20196850672364233,0.0,0.0,3.748999834060669,2000.0,7.5,2500.0,0.0,0.0,0.0,0.0,0.0,0.0,0.0,0.0,0.0,0.0
0.0,0.20196850672364233,0.0,0.0,3.3989999294281006,2000.0,7.5,2500.0,0.0,0.0,0.0,0.0,0.0,0.0,0.0,0.0,0.0,0.0
0.0,0.20196850672364233,0.0,0.0,3.188999891281128,2000.0,7.5,2500.0,0.0,0.0,0.0,0.0,0.0,0.0,0.0,0.0,0.0,0.0
0.0,0.20196850672364233,0.0,0.0,3.009000062942505,2000.0,7.5,2500.0,0.0,0.0,0.0,0.0,0.0,0.0,0.0,0.0,0.0,0.0
0.0,0.20196850672364233,0.0,0.0,2.7089998722076416,2000.0,7.5,2500.0,0.0,0.0,0.0,0.0,0.0,0.0,0.0,0.0,0.0,0.0
0.0,0.20196850672364233,0.0,0.0,2.6389999389648438,2000.0,7.5,2500.0,0.0,0.0,0.0,0.0,0.0,0.0,0.0,0.0,0.0,0.0
0.0,0.20196850672364233,0.0,0.0,2.6689999103546143,2000.0,7.5,2500.0,0.0,0.0,0.0,0.0,0.0,0.0,0.0,0.0,0.0,0.0
0.0,0.20196850672364233,0.0,0.0,2.878999948501587,2000.0,7.5,2500.0,0.0,0.0,0.0,0.0,0.0,0.0,0.0,0.0,0.0,0.0
0.0,0.20196850672364233,0.0,0.0,2.988999843597412,2000.0,7.5,2500.0,0.0,0.0,0.0,0.0,0.0,0.0,0.0,0.0,0.0,0.0
0.0,0.20196850672364233,0.0,0.0,3.0889999866485596,2000.0,7.5,2500.0,0.0,0.0,0.0,0.0,0.0,0.0,0.0,0.0,0.0,0.0
0.0,0.20944881811738014,0.0,0.0,3.1589999198913574,2000.0,7.5,2500.0,0.0,0.0,0.0,0.0,0.0,0.0,0.0,0.0,0.0,0.0
0.0,0.20944881811738014,0.0,0.0,3.488999843597412,2000.0,7.5,2500.0,0.5,0.0,0.0,0.0,0.0,0.0,0.0,0.0,0.0,0.0
0.0,0.20944881811738014,0.0,0.19769414250527528,3.5390000343322754,2000.0,7.5,2500.0,0.5,0.0,0.0,0.0,0.0,0.0,0.0,0.0,0.0,0.0
0.0,0.20944881811738014,0.0,0.19789559948891014,3.6089999675750732,2000.0,7.5,2500.0,0.5,0.0,0.0,0.0,0.0,0.0,0.0,0.0,0.0,0.0
0.0,0.20944881811738014,0.0,0.24736950716336742,3.6989998817443848,2000.0,7.5,2500.0,0.5,0.0,0.0,0.0,0.0,0.0,0.0,0.0,0.0,0.0
0.0,0.20944881811738014,0.0,0.31333470699300414,3.7890000343322754,2000.0,7.5,2500.0,0.5,0.0,0.0,0.0,0.0,0.0,0.0,0.0,0.0,0.0
0.0,0.20944881811738014,0.0,0.31333470699300414,3.8589999675750732,2000.0,7.5,2500.0,0.5,0.0,0.0,0.0,0.0,0.0,0.0,0.0,0.0,0.0
0.0,0.20944881811738014,0.0,0.32982599914818356,3.8989999294281006,2000.0,7.5,2500.0,0.5,0.0,0.0,0.0,0.0,0.0,0.0,0.0,0.0,0.0
0.0,0.20944881811738014,0.0,0.2968434148378247,3.8489999771118164,2000.0,7.5,2500.0,0.5,0.0,0.0,0.0,0.0,0.0,0.0,0.0,0.0,0.0
0.0,0.20944881811738014,0.0,0.2968434148378247,3.6489999294281006,2000.0,7.5,2500.0,0.5,0.0,0.0,0.0,0.0,0.0,0.0,0.0,0.0,0.0
0.0,0.20944881811738014,0.0,0.19789559948891014,3.258999824523926,2000.0,7.5,2500.0,0.5,0.0,0.0,0.0,0.0,0.0,0.0,0.0,0.0,0.0
0.0,0.20944881811738014,0.0,0.0,2.6589999198913574,2000.0,7.5,2500.0,0.5,0.0,0.0,0.0,0.0,0.0,0.0,0.0,0.0,0.0
0.0,0.20944881811738014,0.0,0.0,0.9789999127388,2000.0,7.5,2500.0,0.5,0.0,0.0,0.0,0.0,0.0,0.0,0.0,0.0,0.0
0.0,0.20944881811738014,0.0,0.0,-0.9310000538825989,2000.0,7.5,2500.0,0.5,0.0,0.0,0.0,0.0,0.0,0.0,0.0,0.0,0.0
0.0,0.20944881811738014,0.0,0.0,-1.8109999895095825,2000.0,7.5,2500.0,0.5,0.0,0.0,0.0,0.0,0.0,0.0,0.0,0.0,0.0
0.0,0.20944881811738014,0.0,0.0,-2.5209999084472656,2000.0,7.5,2500.0,0.5,0.0,0.0,0.0,0.0,0.0,0.0,0.0,0.0,0.0
0.0,0.20944881811738014,0.0,0.0,-2.991000175476074,2000.0,7.5,2500.0,0.5,0.0,0.0,0.0,0.0,0.0,0.0,0.0,0.0,0.0
0.0,0.20944881811738014,0.0,0.0,-3.250999927520752,2000.0,7.5,2500.0,0.5,0.0,0.0,0.0,0.0,0.0,0.0,0.0,0.0,0.0
0.0,0.20944881811738014,0.0,0.0,-3.2810001373291016,2000.0,7.5,2500.0,0.5,0.0,0.0,0.0,0.0,0.0,0.0,0.0,0.0,0.0
0.0,0.20944881811738014,0.0,0.0,-3.1710000038146973,2000.0,7.5,2500.0,0.5,0.0,0.0,0.0,0.0,0.0,0.0,0.0,0.0,0.0
0.0,0.20944881811738014,0.0,0.0,-3.0409998893737793,2000.0,7.5,2500.0,0.5,0.0,0.0,0.0,0.0,0.0,0.0,0.0,0.0,0.0
0.0,0.20944881811738014,0.0,0.0,-2.870999813079834,2000.0,7.5,2500.0,0.5,0.0,0.0,0.0,0.0,0.0,0.0,0.0,0.0,0.0
0.0,0.20944881811738014,0.0,0.0,-2.810999870300293,2000.0,7.5,2500.0,0.5,0.0,0.0,0.0,0.0,0.0,0.0,0.0,0.0,0.0
0.0,0.20944881811738014,0.0,0.0,-2.741000175476074,2000.0,7.5,2500.0,0.5,0.0,0.0,0.0,0.0,0.0,0.0,0.0,0.0,0.0
0.0,0.20944881811738014,0.0,0.0,-2.6009998321533203,2000.0,7.5,2500.0,0.5,0.0,0.0,0.0,0.0,0.0,0.0,0.0,0.0,0.0
0.0,0.21692912951111792,0.0,0.0,-2.440999984741211,2000.0,7.5,2500.0,0.5,0.0,0.0,0.0,0.0,0.0,0.0,0.0,0.0,0.0
0.0,0.21692912951111792,0.0,0.0,-2.3410000801086426,2000.0,7.5,2500.0,0.5,0.0,0.0,0.0,0.0,0.0,0.0,0.0,0.0,0.0
0.0,0.22440945506095886,0.0,0.0,-2.2210001945495605,2000.0,7.5,2500.0,0.5,0.0,0.0,0.0,0.0,0.0,0.0,0.0,0.0,0.0
0.0,0.22440945506095886,0.0,0.0,-2.1110000610351562,2000.0,7.5,2500.0,0.5,0.0,0.0,0.0,0.0,0.0,0.0,0.0,0.0,0.0
0.0,0.23937007784843445,0.0,0.0,-2.011000156402588,2000.0,7.5,2500.0,0.5,0.0,0.0,0.0,0.0,0.0,0.0,0.0,0.0,0.0
0.0,0.23937007784843445,0.0,0.0,-1.8410001993179321,2000.0,7.5,2500.0,0.5,0.0,0.0,0.0,0.0,0.0,0.0,0.0,0.0,0.0
0.0,0.24685038924217223,0.0,0.0,-1.7510000467300415,2000.0,7.5,2500.0,0.5,0.0,0.0,0.0,0.0,0.0,0.0,0.0,0.0,0.0
0.0,0.25433070063591,0.0,0.0,-1.6609998941421509,2000.0,7.5,2500.0,0.5,0.0,0.0,0.0,0.0,0.0,0.0,0.0,0.0,0.0
0.0,0.25433070063591,0.0,0.0,-1.4610000848770142,2000.0,7.5,2500.0,0.5,0.0,0.0,0.0,0.0,0.0,0.0,0.0,0.0,0.0
0.0,0.25433070063591,0.0,0.0,-1.3709999322891235,2000.0,7.5,2500.0,0.5,0.0,0.0,0.0,0.0,0.0,0.0,0.0,0.0,0.0
0.0,0.25433070063591,0.0,0.0,-1.2810002565383911,2000.0,7.5,2500.0,0.5,0.0,0.0,0.0,0.0,0.0,0.0,0.0,0.0,0.0
0.0,0.2618110120296478,0.0,0.0,-1.1710001230239868,2000.0,7.5,2500.0,0.5,0.0,0.0,0.0,0.0,0.0,0.0,0.0,0.0,0.0
0.0,0.2618110120296478,0.0,0.0,-0.921000063419342,2000.0,7.5,2500.0,0.5,0.0,0.0,0.0,0.0,0.0,0.0,0.0,0.0,0.0
0.0,0.2618110120296478,0.0,0.0,-0.8410001397132874,2000.0,7.5,2500.0,0.5,0.0,0.0,0.0,0.0,0.0,0.0,0.0,0.0,0.0
0.0,0.2618110120296478,0.0,0.0,-0.7310000061988831,2000.0,7.5,2500.0,0.5,0.0,0.0,0.0,0.0,0.0,0.0,0.0,0.0,0.0
0.0,0.2618110120296478,0.0,0.0,-0.6010001301765442,2000.0,7.5,2500.0,0.5,0.0,0.0,0.0,0.0,0.0,0.0,0.0,0.0,0.0
0.0,0.2618110120296478,0.0,0.0,-0.48100000619888306,2000.0,7.5,2500.0,0.5,0.0,0.0,0.0,0.0,0.0,0.0,0.0,0.0,0.0
0.0,0.2618110120296478,0.0,0.0,-0.23100002110004425,2000.0,7.5,2500.0,0.5,0.0,0.0,0.0,0.0,0.0,0.0,0.0,0.0,0.0
0.0,0.2618110120296478,0.0,0.0,-0.12100012600421906,2000.0,7.5,2500.0,0.5,0.0,0.0,0.0,0.0,0.0,0.0,0.0,0.0,0.0
0.0,0.2618110120296478,0.0,0.0,-0.010999989695847034,2000.0,7.5,2500.0,0.5,0.0,0.0,0.0,0.0,0.0,0.0,0.0,0.0,0.0
0.0,0.2692913517355919,0.0,0.0,0.10899989306926727,2000.0,7.5,2500.0,0.5,0.0,0.0,0.0,0.0,0.0,0.0,0.0,0.0,0.0
0.0,0.2692913517355919,0.0,0.0,0.32899993658065796,2000.0,7.5,2500.0,0.5,0.0,0.0,0.0,0.0,0.0,0.0,0.0,0.0,0.0
0.0,0.2692913517355919,0.0,0.0,0.4289998412132263,2000.0,7.5,2500.0,0.5,0.0,0.0,0.0,0.0,0.0,0.0,0.0,0.0,0.0
0.0,0.2692913517355919,0.0,0.0,0.6689998507499695,2000.0,7.5,2500.0,0.5,0.0,0.0,0.0,0.0,0.0,0.0,0.0,0.0,0.0
0.0,0.27677166312932966,0.0,0.0,0.8989999890327454,2000.0,7.5,2500.0,0.5,0.0,0.0,0.0,0.0,0.0,0.0,0.0,0.0,0.0
0.0,0.27677166312932966,0.0,0.0,1.0189999341964722,2000.0,7.5,2500.0,0.5,0.0,0.0,0.0,0.0,0.0,0.0,0.0,0.0,0.0
0.0,0.27677166312932966,0.0,0.0,1.1389999389648438,2000.0,7.5,2500.0,0.5,0.0,0.0,0.0,0.0,0.0,0.0,0.0,0.0,0.0
0.0,0.27677166312932966,0.0,0.0,1.2689999341964722,2000.0,7.5,2500.0,0.5,0.0,0.0,0.0,0.0,0.0,0.0,0.0,0.0,0.0
0.0,0.27677166312932966,0.0,0.0,1.3889999389648438,2000.0,7.5,2500.0,0.5,0.0,0.0,0.0,0.0,0.0,0.0,0.0,0.0,0.0
0.0,0.27677166312932966,0.0,0.0,1.628999948501587,2000.0,7.5,2500.0,0.5,0.0,0.0,0.0,0.0,0.0,0.0,0.0,0.0,0.0
0.0,0.27677166312932966,0.0,0.0,1.7889999151229858,2000.0,7.5,2500.0,0.5,0.0,0.0,0.0,0.0,0.0,0.0,0.0,0.0,0.0
0.0,0.27677166312932966,0.0,0.0,1.9489998817443848,2000.0,7.5,2500.0,0.5,0.0,0.0,0.0,0.0,0.0,0.0,0.0,0.0,0.0
0.0,0.27677166312932966,0.0,0.0,2.248999834060669,2000.0,7.5,2500.0,0.5,0.0,0.0,0.0,0.0,0.0,0.0,0.0,0.0,0.0
0.0,0.27677166312932966,0.0,0.0,2.378999948501587,2000.0,7.5,2500.0,0.5,0.0,0.0,0.0,0.0,0.0,0.0,0.0,0.0,0.0
0.0,0.27677166312932966,0.0,0.16491299957409178,2.5390000343322754,2000.0,7.5,2500.0,0.5,0.0,0.0,0.0,0.0,0.0,0.0,0.0,0.0,0.0
0.0,0.27677166312932966,0.0,0.19789559948891014,2.878999948501587,2000.0,7.5,2500.0,0.5,0.0,0.0,0.0,0.0,0.0,0.0,0.0,0.0,0.0
0.0,0.27677166312932966,0.0,0.23087819940372847,3.009000062942505,2000.0,7.5,2500.0,0.5,0.0,0.0,0.0,0.0,0.0,0.0,0.0,0.0,0.0
0.0,0.27677166312932966,0.0,0.07059414221795303,2.7189998626708984,2000.0,7.5,2500.0,0.5,0.0,0.0,0.0,0.0,0.0,0.0,0.0,0.0,0.0
0.0,0.2692913517355919,0.0,0.0,2.3489999771118164,2000.0,7.5,2500.0,0.5,0.0,0.0,0.0,0.0,0.0,0.0,0.0,0.0,0.0
0.0,0.2692913517355919,0.0,0.0,1.928999900817871,2000.0,7.5,2500.0,0.5,0.0,0.0,0.0,0.0,0.0,0.0,0.0,0.0,0.0
0.0,0.27677166312932966,0.0,0.0,1.4689998626708984,2000.0,7.5,2500.0,0.5,0.0,0.0,0.0,0.0,0.0,0.0,0.0,0.0,0.0
0.0,0.28425197452306744,0.0,0.0,0.9689999222755432,2000.0,7.5,2500.0,0.5,0.0,0.0,0.0,0.0,0.0,0.0,0.0,0.0,0.0
0.0,0.28425197452306744,0.0,0.0,0.48900002241134644,2000.0,7.5,2500.0,0.5,0.0,0.0,0.0,0.0,0.0,0.0,0.0,0.0,0.0
0.0,0.28425197452306744,0.0,0.0,0.07899992167949677,2000.0,7.5,2500.0,0.5,0.0,0.0,0.0,0.0,0.0,0.0,0.0,0.0,0.0
0.0,0.28425197452306744,0.0,0.0,-0.21100004017353058,2000.0,7.5,2500.0,0.5,0.0,0.0,0.0,0.0,0.0,0.0,0.0,0.0,0.0
0.0,0.28425197452306744,0.0,0.0,-0.39100009202957153,2000.0,7.5,2500.0,0.5,0.0,0.0,0.0,0.0,0.0,0.0,0.0,0.0,0.0
0.0,0.28425197452306744,0.0,0.0,-0.39100009202957153,2000.0,7.5,2500.0,0.5,0.0,0.0,0.0,0.0,0.0,0.0,0.0,0.0,0.0
0.0,0.28425197452306744,0.0,0.0,-0.5910001397132874,2000.0,7.5,2500.0,0.5,0.0,0.0,0.0,0.0,0.0,0.0,0.0,0.0,0.0
0.0,0.29921259731054306,0.0,0.0,-0.6510000824928284,2000.0,7.5,2500.0,0.5,0.0,0.0,0.0,0.0,0.0,0.0,0.0,0.0,0.0
0.0,0.30669290870428084,0.0,0.0,-0.671000063419342,2000.0,7.5,2500.0,0.5,0.0,0.0,0.0,0.0,0.0,0.0,0.0,0.0,0.0
0.0,0.30669290870428084,0.0,0.0,-0.6910000443458557,2000.0,7.5,2500.0,0.5,0.0,0.0,0.0,0.0,0.0,0.0,0.0,0.0,0.0
0.0,0.30669290870428084,0.0,0.0,-0.6910000443458557,2000.0,7.5,2500.0,0.5,0.0,0.0,0.0,0.0,0.0,0.0,0.0,0.0,0.0
0.0,0.30669290870428084,0.0,0.0,-0.671000063419342,2000.0,7.5,2500.0,0.5,0.0,0.0,0.0,0.0,0.0,0.0,0.0,0.0,0.0
0.0,0.3141732200980186,0.0,0.0,-0.6610000729560852,2000.0,7.5,2500.0,0.5,0.0,0.0,0.0,0.0,0.0,0.0,0.0,0.0,0.0
0.0,0.3141732200980186,0.0,0.0,-0.6310001015663147,2000.0,7.5,2500.0,0.5,0.0,0.0,0.0,0.0,0.0,0.0,0.0,0.0,0.0
0.0,0.3141732200980186,0.0,0.0,-0.5609999299049377,2000.0,7.5,2500.0,0.5,0.0,0.0,0.0,0.0,0.0,0.0,0.0,0.0,0.0
0.0,0.3141732200980186,0.0,0.0,-0.42100006341934204,2000.0,7.5,2500.0,0.5,0.0,0.0,0.0,0.0,0.0,0.0,0.0,0.0,0.0
0.0,0.3216535314917564,0.0,0.0,-0.37100011110305786,2000.0,7.5,2500.0,0.5,0.0,0.0,0.0,0.0,0.0,0.0,0.0,0.0,0.0
0.0,0.3216535314917564,0.0,0.0,-0.2410000115633011,2000.0,7.5,2500.0,0.5,0.0,0.0,0.0,0.0,0.0,0.0,0.0,0.0,0.0
0.0,0.3291338711977005,0.0,0.0,-0.17100007832050323,2000.0,7.5,2500.0,0.5,0.0,0.0,0.0,0.0,0.0,0.0,0.0,0.0,0.0
0.0,0.3291338711977005,0.0,0.0,0.048999954015016556,2000.0,7.5,2500.0,0.5,0.0,0.0,0.0,0.0,0.0,0.0,0.0,0.0,0.0
0.0,0.3291338711977005,0.0,0.0,0.12899987399578094,2000.0,7.5,2500.0,0.5,0.0,0.0,0.0,0.0,0.0,0.0,0.0,0.0,0.0
0.0,0.3291338711977005,0.0,0.0,0.12899987399578094,2000.0,7.5,2500.0,0.5,0.0,0.0,0.0,0.0,0.0,0.0,0.0,0.0,0.0
0.0,0.3291338711977005,0.0,0.0,0.1990000456571579,2000.0,7.5,2500.0,0.5,0.0,0.0,0.0,0.0,0.0,0.0,0.0,0.0,0.0
0.0,0.3291338711977005,0.0,0.0,0.3689998984336853,2000.0,7.5,2500.0,0.5,0.0,0.0,0.0,0.0,0.0,0.0,0.0,0.0,0.0
0.0,0.3291338711977005,0.0,0.0,0.4590000510215759,2000.0,7.5,2500.0,0.5,0.0,0.0,0.0,0.0,0.0,0.0,0.0,0.0,0.0
0.0,0.33661418259143827,0.0,0.0,0.5589999556541443,2000.0,7.5,2500.0,0.5,0.0,0.0,0.0,0.0,0.0,0.0,0.0,0.0,0.0
0.0,0.3291338711977005,0.0,0.0,0.7590000033378601,2000.0,7.5,2500.0,0.5,0.0,0.0,0.0,0.0,0.0,0.0,0.0,0.0,0.0
0.0,0.3291338711977005,0.0,0.0,0.8589999079704285,2000.0,7.5,2500.0,0.5,0.0,0.0,0.0,0.0,0.0,0.0,0.0,0.0,0.0
0.0,0.3291338711977005,0.0,0.0,0.9289999604225159,2000.0,7.5,2500.0,0.5,0.0,0.0,0.0,0.0,0.0,0.0,0.0,0.0,0.0
0.0,0.3291338711977005,0.0,0.0,1.0189999341964722,2000.0,7.5,2500.0,0.5,0.0,0.0,0.0,0.0,0.0,0.0,0.0,0.0,0.0
0.0,0.3291338711977005,0.0,0.0,1.2589999437332153,2000.0,7.5,2500.0,0.5,0.0,0.0,0.0,0.0,0.0,0.0,0.0,0.0,0.0
0.0,0.3291338711977005,0.0,0.0,1.488999843597412,2000.0,7.5,2500.0,0.5,0.0,0.0,0.0,0.0,0.0,0.0,0.0,0.0,0.0
0.0,0.3291338711977005,0.0,0.0,1.5989998579025269,2000.0,7.5,2500.0,0.5,0.0,0.0,0.0,0.0,0.0,0.0,0.0,0.0,0.0
0.0,0.3291338711977005,0.0,0.0,1.7189998626708984,2000.0,7.5,2500.0,0.5,0.0,0.0,0.0,0.0,0.0,0.0,0.0,0.0,0.0
0.0,0.33661418259143827,0.0,0.0,1.83899986743927,2000.0,7.5,2500.0,0.5,0.0,0.0,0.0,0.0,0.0,0.0,0.0,0.0,0.0
0.0,0.3291338711977005,0.0,0.0,1.938999891281128,2000.0,7.5,2500.0,0.5,0.0,0.0,0.0,0.0,0.0,0.0,0.0,0.0,0.0
0.0,0.3291338711977005,0.0,0.0,2.1989998817443848,2000.0,7.5,2500.0,0.5,0.0,0.0,0.0,0.0,0.0,0.0,0.0,0.0,0.0
0.0,0.3291338711977005,0.0,0.0,2.3389999866485596,2000.0,7.5,2500.0,0.5,0.0,0.0,0.0,0.0,0.0,0.0,0.0,0.0,0.0
0.0,0.33661418259143827,0.0,0.0,2.61899995803833,2000.0,7.5,2500.0,0.5,0.0,0.0,0.0,0.0,0.0,0.0,0.0,0.0,0.0
0.0,0.33661418259143827,0.0,0.0,2.748999834060669,2000.0,7.5,2500.0,0.5,0.0,0.0,0.0,0.0,0.0,0.0,0.0,0.0,0.0
0.0,0.34409449398517605,0.0,0.0,2.878999948501587,2000.0,7.5,2500.0,0.5,0.0,0.0,0.0,0.0,0.0,0.0,0.0,0.0,0.0
0.0,0.3515748053789139,0.0,0.0,3.1489999294281006,2000.0,7.5,2500.0,0.5,0.0,0.0,0.0,0.0,0.0,0.0,0.0,0.0,0.0
0.0,0.3515748053789139,0.0,0.0,3.2890000343322754,2000.0,7.5,2500.0,0.5,0.0,0.0,0.0,0.0,0.0,0.0,0.0,0.0,0.0
0.0,0.3590551167726517,0.0,0.0,3.4089999198913574,2000.0,7.5,2500.0,0.5,0.0,0.0,0.0,0.0,0.0,0.0,0.0,0.0,0.0
0.0,0.36653542816638945,0.0,0.0,3.7089998722076416,2000.0,7.5,2500.0,0.5,0.0,0.0,0.0,0.0,0.0,0.0,0.0,0.0,0.0
0.0,0.36653542816638945,0.0,0.0,3.86899995803833,2000.0,7.5,2500.0,0.5,0.0,0.0,0.0,0.0,0.0,0.0,0.0,0.0,0.0
0.0,0.36653542816638945,0.0,0.0,4.019000053405762,2000.0,7.5,2500.0,0.5,0.0,0.0,0.0,0.0,0.0,0.0,0.0,0.0,0.0
0.0,0.37401573956012724,0.0,0.0,4.318999767303467,2000.0,7.5,2500.0,0.5,0.0,0.0,0.0,0.0,0.0,0.0,0.0,0.0,0.0
0.0,0.37401573956012724,0.0,0.0,4.318999767303467,2000.0,7.5,2500.0,0.5,0.0,0.0,0.0,0.0,0.0,0.0,0.0,0.0,0.0
0.0,0.37401573956012724,0.0,0.0,4.638999938964844,2000.0,7.5,2500.0,0.5,0.0,0.0,0.0,0.0,0.0,0.0,0.0,0.0,0.0
0.0,0.37401573956012724,0.0,0.0,4.7789998054504395,2000.0,7.5,2500.0,0.5,0.0,0.0,0.0,0.0,0.0,0.0,0.0,0.0,0.0
0.0,0.381496050953865,0.0,0.0,4.928999900817871,2000.0,7.5,2500.0,0.5,0.0,0.0,0.0,0.0,0.0,0.0,0.0,0.0,0.0
0.0,0.381496050953865,0.0,0.0,5.078999996185303,2000.0,7.5,2500.0,0.5,0.0,0.0,0.0,0.0,0.0,0.0,0.0,0.0,0.0
0.0,0.381496050953865,0.0,0.0,5.428999900817871,2000.0,7.5,2500.0,0.5,0.0,0.0,0.0,0.0,0.0,0.0,0.0,0.0,0.0
0.0,0.381496050953865,0.0,0.0,5.608999729156494,2000.0,7.5,2500.0,0.5,0.0,0.0,0.0,0.0,0.0,0.0,0.0,0.0,0.0
0.0,0.381496050953865,0.0,0.1814043073337307,6.61899995803833,2000.0,7.5,2500.0,0.5,0.0,0.0,0.0,0.0,0.0,0.0,0.0,0.0,0.0
0.0,0.381496050953865,0.0,0.23087819940372847,6.61899995803833,2000.0,7.5,2500.0,0.5,0.0,0.0,0.0,0.0,0.0,0.0,0.0,0.0,0.0
0.0,0.381496050953865,0.0,0.24736950716336742,6.988999843597412,2000.0,7.5,2500.0,0.5,0.0,0.0,0.0,0.0,0.0,0.0,0.0,0.0,0.0
0.0,0.381496050953865,0.0,0.24736950716336742,7.198999881744385,2000.0,7.5,2500.0,0.5,0.0,0.0,0.0,0.0,0.0,0.0,0.0,0.0,0.0
0.0,0.3889763906598091,0.0,0.26386079931854683,7.198999881744385,2000.0,7.5,2500.0,0.5,0.0,0.0,0.0,0.0,0.0,0.0,0.0,0.0,0.0
0.0,0.3889763906598091,0.0,0.26386079931854683,7.36899995803833,2000.0,7.5,2500.0,0.5,0.0,0.0,0.0,0.0,0.0,0.0,0.0,0.0,0.0
0.0,0.3889763906598091,0.0,0.26386079931854683,7.419000148773193,2000.0,7.5,2500.0,0.5,0.0,0.0,0.0,0.0,0.0,0.0,0.0,0.0,0.0
0.0,0.381496050953865,0.0,0.28035209147372625,7.419000148773193,2000.0,7.5,2500.0,0.5,0.0,0.0,0.0,0.0,0.0,0.0,0.0,0.0,0.0
0.0,0.381496050953865,0.0,0.2968434148378247,7.218999862670898,2000.0,7.5,2500.0,0.5,0.0,0.0,0.0,0.0,0.0,0.0,0.0,0.0,0.0
0.0,0.381496050953865,0.0,0.2968434148378247,6.879000186920166,2000.0,7.5,2500.0,0.5,0.0,0.0,0.0,0.0,0.0,0.0,0.0,0.0,0.0
0.0,0.381496050953865,0.0,0.2968434148378247,6.459000110626221,2000.0,7.5,2500.0,0.5,0.0,0.0,0.0,0.0,0.0,0.0,0.0,0.0,0.0
0.0,0.381496050953865,0.0,0.2968434148378247,5.968999862670898,2000.0,7.5,2500.0,0.5,0.0,0.0,0.0,0.0,0.0,0.0,0.0,0.0,0.0
0.0,0.381496050953865,0.0,0.0,4.258999824523926,2000.0,7.5,2500.0,0.5,0.0,0.0,0.0,0.0,0.0,0.0,0.0,0.0,0.0
0.0,0.381496050953865,0.0,0.0,3.5889999866485596,2000.0,7.5,2500.0,0.5,0.0,0.0,0.0,0.0,0.0,0.0,0.0,0.0,0.0
0.0,0.381496050953865,0.0,0.0,2.1989998817443848,2000.0,7.5,2500.0,0.5,0.0,0.0,0.0,0.0,0.0,0.0,0.0,0.0,0.0
0.0,0.381496050953865,0.0,0.0,2.1989998817443848,2000.0,7.5,2500.0,0.5,0.0,0.0,0.0,0.0,0.0,0.0,0.0,0.0,0.0
0.0,0.381496050953865,0.0,0.0,1.438999891281128,2000.0,7.5,2500.0,0.5,0.0,0.0,0.0,0.0,0.0,0.0,0.0,0.0,0.0
0.0,0.381496050953865,0.0,0.0,0.6890000700950623,2000.0,7.5,2500.0,0.5,0.0,0.0,0.0,0.0,0.0,0.0,0.0,0.0,0.0
0.0,0.381496050953865,0.0,0.0,0.008999991230666637,2000.0,7.5,2500.0,0.5,0.0,0.0,0.0,0.0,0.0,0.0,0.0,0.0,0.0
0.0,0.381496050953865,0.0,0.0,-1.0509999990463257,2000.0,7.5,2500.0,0.5,0.0,0.0,0.0,0.0,0.0,0.0,0.0,0.0,0.0
0.0,0.381496050953865,0.0,0.0,-1.4010001420974731,2000.0,7.5,2500.0,0.5,0.0,0.0,0.0,0.0,0.0,0.0,0.0,0.0,0.0
0.0,0.381496050953865,0.0,0.0,-1.8410001993179321,2000.0,7.5,2500.0,0.5,0.0,0.0,0.0,0.0,0.0,0.0,0.0,0.0,0.0
0.0,0.381496050953865,0.0,0.0,-1.9610000848770142,2000.0,7.5,2500.0,0.5,0.0,0.0,0.0,0.0,0.0,0.0,0.0,0.0,0.0
0.0,0.3889763906598091,0.0,0.0,-2.0409998893737793,2000.0,7.5,2500.0,0.5,0.0,0.0,0.0,0.0,0.0,0.0,0.0,0.0,0.0
0.0,0.3889763906598091,0.0,0.0,-2.120999813079834,2000.0,7.5,2500.0,0.5,0.0,0.0,0.0,0.0,0.0,0.0,0.0,0.0,0.0
0.0,0.3889763906598091,0.0,0.0,-2.0910000801086426,2000.0,7.5,2500.0,0.5,0.0,0.0,0.0,0.0,0.0,0.0,0.0,0.0,0.0
0.0,0.3964567020535469,0.0,0.0,-2.0510001182556152,2000.0,7.5,2500.0,0.5,0.0,0.0,0.0,0.0,0.0,0.0,0.0,0.0,0.0
0.0,0.3964567020535469,0.0,0.0,-1.9810000658035278,2000.0,7.5,2500.0,0.5,0.0,0.0,0.0,0.0,0.0,0.0,0.0,0.0,0.0
0.0,0.3964567020535469,0.0,0.0,-1.9109998941421509,2000.0,7.5,2500.0,0.5,0.0,0.0,0.0,0.0,0.0,0.0,0.0,0.0,0.0
0.0,0.3964567020535469,0.0,0.0,-1.8410001993179321,2000.0,7.5,2500.0,0.5,0.0,0.0,0.0,0.0,0.0,0.0,0.0,0.0,0.0
0.0,0.3889763906598091,0.0,0.0,-1.6910001039505005,2000.0,7.5,2500.0,0.5,0.0,0.0,0.0,0.0,0.0,0.0,0.0,0.0,0.0
0.0,0.3889763906598091,0.0,0.0,-1.6110001802444458,2000.0,7.5,2500.0,0.5,0.0,0.0,0.0,0.0,0.0,0.0,0.0,0.0,0.0
0.0,0.3889763906598091,0.0,0.0,-1.5310002565383911,2000.0,7.5,2500.0,0.5,0.0,0.0,0.0,0.0,0.0,0.0,0.0,0.0,0.0
0.0,0.3889763906598091,0.0,0.0,-1.4510003328323364,2000.0,7.5,2500.0,0.5,0.0,0.0,0.0,0.0,0.0,0.0,0.0,0.0,0.0
0.0,0.3889763906598091,0.0,0.0,-1.2710000276565552,2000.0,7.5,2500.0,0.5,0.0,0.0,0.0,0.0,0.0,0.0,0.0,0.0,0.0
0.0,0.3889763906598091,0.0,0.0,-1.1810001134872437,2000.0,7.5,2500.0,0.5,0.0,0.0,0.0,0.0,0.0,0.0,0.0,0.0,0.0
0.0,0.3889763906598091,0.0,0.0,-0.9410000443458557,2000.0,7.5,2500.0,0.5,0.0,0.0,0.0,0.0,0.0,0.0,0.0,0.0,0.0
0.0,0.3889763906598091,0.0,0.0,-0.8510001301765442,2000.0,7.5,2500.0,0.5,0.0,0.0,0.0,0.0,0.0,0.0,0.0,0.0,0.0
0.0,0.3889763906598091,0.0,0.0,-0.7709999680519104,2000.0,7.5,2500.0,0.5,0.0,0.0,0.0,0.0,0.0,0.0,0.0,0.0,0.0
0.0,0.3889763906598091,0.0,0.0,-0.6810000538825989,2000.0,7.5,2500.0,0.5,0.0,0.0,0.0,0.0,0.0,0.0,0.0,0.0,0.0
0.0,0.3889763906598091,0.0,0.0,-0.5910001397132874,2000.0,7.5,2500.0,0.5,0.0,0.0,0.0,0.0,0.0,0.0,0.0,0.0,0.0
0.0,0.3889763906598091,0.0,0.0,-0.5109999775886536,2000.0,7.5,2500.0,0.5,0.0,0.0,0.0,0.0,0.0,0.0,0.0,0.0,0.0
0.0,0.3889763906598091,0.0,0.0,-0.3210001587867737,2000.0,7.5,2500.0,0.5,0.0,0.0,0.0,0.0,0.0,0.0,0.0,0.0,0.0
0.0,0.3889763906598091,0.0,0.0,-0.2410000115633011,2000.0,7.5,2500.0,0.5,0.0,0.0,0.0,0.0,0.0,0.0,0.0,0.0,0.0
0.0,0.3889763906598091,0.0,0.0,-0.1610000878572464,2000.0,7.5,2500.0,0.5,0.0,0.0,0.0,0.0,0.0,0.0,0.0,0.0,0.0
0.0,0.3889763906598091,0.0,0.0,0.018999982625246048,2000.0,7.5,2500.0,0.5,0.0,0.0,0.0,0.0,0.0,0.0,0.0,0.0,0.0
0.0,0.3889763906598091,0.08906249999999999,0.0,0.11899988353252411,2000.0,7.5,2500.0,0.5,0.0,0.0,0.0,0.0,0.0,0.0,0.0,0.0,0.0
0.0,0.381496050953865,0.096484375,0.0,0.20900003612041473,2000.0,7.5,2500.0,0.5,0.0,0.0,0.0,0.0,0.0,0.0,0.0,0.0,0.0
0.0,0.36653542816638945,0.10390624999999999,0.0,0.5090000033378601,2000.0,7.5,2500.0,0.5,0.0,0.0,0.0,0.0,0.0,0.0,0.0,0.0,0.0
0.0,0.34409449398517605,0.11875,0.0,0.6289998888969421,2000.0,7.5,2500.0,0.5,0.0,0.0,0.0,0.0,0.0,0.0,0.0,0.0,0.0
0.0,0.34409449398517605,0.11875,0.0,0.7490000128746033,2000.0,7.5,2500.0,0.5,0.0,0.0,0.0,0.0,0.0,0.0,0.0,0.0,0.0
0.0,0.29921259731054306,0.13359374999999998,0.0,0.8389999270439148,2000.0,7.5,2500.0,0.5,0.0,0.0,0.0,0.0,0.0,0.0,0.0,0.0,0.0
0.0,0.23937007784843445,0.126171875,0.0,0.9389999508857727,2000.0,7.5,2500.0,0.5,0.0,0.0,0.0,0.0,0.0,0.0,0.0,0.0,0.0
0.0,0.1570866100490093,0.10390624999999999,0.0,1.2089998722076416,2000.0,7.5,2500.0,0.5,0.0,0.0,0.0,0.0,0.0,0.0,0.0,0.0,0.0
0.0,0.03614401004882097,0.0,0.0,1.3489998579025269,2000.0,7.5,2500.0,0.5,0.0,0.0,0.0,0.0,0.0,0.0,0.0,0.0,0.0
0.0,0.0,0.0,0.0,1.488999843597412,2000.0,7.5,2500.0,0.5,0.0,0.0,0.0,0.0,0.0,0.0,0.0,0.0,0.0
0.0,0.0,0.0,0.0,1.7589999437332153,2000.0,7.5,2500.0,0.5,0.0,0.0,0.0,0.0,0.0,0.0,0.0,0.0,0.0
0.0,0.0,0.0,0.0,1.928999900817871,2000.0,7.5,2500.0,0.5,0.0,0.0,0.0,0.0,0.0,0.0,0.0,0.0,0.0
0.0,0.0,0.0,0.0,2.1089999675750732,2000.0,7.5,2500.0,0.5,0.0,0.0,0.0,0.0,0.0,0.0,0.0,0.0,0.0
0.0,0.0,0.0,0.0,2.4189999103546143,2000.0,7.5,2500.0,0.5,0.0,0.0,0.0,0.0,0.0,0.0,0.0,0.0,0.0
0.0,-0.259765625,0.0,0.0,2.498999834060669,2000.0,7.5,2500.0,0.5,0.0,0.0,0.0,0.0,0.0,0.0,0.0,0.0,0.0
0.0,-0.333984375,-0.08370449999991933,0.0,2.4089999198913574,2000.0,7.5,2500.0,0.5,0.0,0.0,0.0,0.0,0.0,0.0,0.0,0.0,0.0
0.0,-0.40078125,-0.11220472753047943,0.0,2.3389999866485596,2000.0,7.5,2500.0,0.5,0.0,0.0,0.0,0.0,0.0,0.0,0.0,0.0,0.0
0.0,-0.40078125,-0.11220472753047943,0.0,2.258999824523926,2000.0,7.5,2500.0,0.5,0.0,0.0,0.0,0.0,0.0,0.0,0.0,0.0,0.0
0.0,-0.46015625,-0.11968503892421722,0.0,2.128999948501587,2000.0,7.5,2500.0,0.5,0.0,0.0,0.0,0.0,0.0,0.0,0.0,0.0,0.0
0.0,-0.512109375,-0.14960629865527153,0.0,2.0290000438690186,2000.0,7.5,2500.0,0.5,0.0,0.0,0.0,0.0,0.0,0.0,0.0,0.0,0.0
0.0,-0.556640625,-0.17952755838632584,0.0,1.9889999628067017,2000.0,7.5,2500.0,0.5,0.0,0.0,0.0,0.0,0.0,0.0,0.0,0.0,0.0
0.0,-0.556640625,-0.17952755838632584,0.0,1.928999900817871,2000.0,7.5,2500.0,0.5,0.0,0.0,0.0,0.0,0.0,0.0,0.0,0.0,0.0
0.0,-0.57890625,-0.17952755838632584,0.0,1.8589999675750732,2000.0,7.5,2500.0,0.5,0.0,0.0,0.0,0.0,0.0,0.0,0.0,0.0,0.0
0.0,-0.6234375,-0.20196850672364233,0.0,1.778999924659729,2000.0,7.5,2500.0,0.5,0.0,0.0,0.0,0.0,0.0,0.0,0.0,0.0,0.0
0.0,-0.6234375,-0.20196850672364233,0.0,1.688999891281128,2000.0,7.5,2500.0,0.5,0.0,0.0,0.0,0.0,0.0,0.0,0.0,0.0,0.0
0.0,-0.6457031249999999,-0.21692912951111792,0.0,1.628999948501587,2000.0,7.5,2500.0,0.5,0.0,0.0,0.0,0.0,0.0,0.0,0.0,0.0,0.0
0.0,-0.734765625,-0.23188976645469664,0.0,1.5589998960494995,2000.0,7.5,2500.0,0.0,0.0,0.0,0.0,0.0,0.0,0.0,0.0,0.0,0.0
0.0,-0.734765625,-0.23188976645469664,0.0,1.58899986743927,2000.0,7.5,2500.0,0.0,0.0,0.0,0.0,0.0,0.0,0.0,0.0,0.0,0.0
0.0,-0.7421875,-0.23188976645469664,0.0,1.6489999294281006,2000.0,7.5,2500.0,0.0,0.0,0.0,0.0,0.0,0.0,0.0,0.0,0.0,0.0
0.0,-0.7421875,-0.23188976645469664,0.0,1.6489999294281006,2000.0,7.5,2500.0,0.0,0.0,0.0,0.0,0.0,0.0,0.0,0.0,0.0,0.0
0.0,-0.7421875,-0.20944881811738014,0.0,1.688999891281128,2000.0,7.5,2500.0,0.0,0.0,0.0,0.0,0.0,0.0,0.0,0.0,0.0,0.0
0.0,-0.7421875,-0.20944881811738014,0.0,1.7589999437332153,2000.0,7.5,2500.0,0.0,0.0,0.0,0.0,0.0,0.0,0.0,0.0,0.0,0.0
0.0,-0.7421875,-0.21692912951111792,0.0,1.7889999151229858,2000.0,7.5,2500.0,0.0,0.0,0.0,0.0,0.0,0.0,0.0,0.0,0.0,0.0
0.0,-0.7421875,-0.21692912951111792,0.0,1.8189998865127563,2000.0,7.5,2500.0,0.0,0.0,0.0,0.0,0.0,0.0,0.0,0.0,0.0,0.0
0.0,-0.7421875,-0.20196850672364233,0.0,1.8189998865127563,2000.0,7.5,2500.0,0.0,0.0,0.0,0.0,0.0,0.0,0.0,0.0,0.0,0.0
0.0,-0.7421875,-0.19448819532990455,0.0,1.8189998865127563,2000.0,7.5,2500.0,0.0,0.0,0.0,0.0,0.0,0.0,0.0,0.0,0.0,0.0
0.0,-0.7421875,-0.19448819532990455,0.0,1.8489999771118164,2000.0,7.5,2500.0,0.0,0.0,0.0,0.0,0.0,0.0,0.0,0.0,0.0,0.0
0.0,-0.7421875,-0.18700786978006362,0.0,1.86899995803833,2000.0,7.5,2500.0,0.0,0.0,0.0,0.0,0.0,0.0,0.0,0.0,0.0,0.0
0.0,-0.7421875,-0.18700786978006362,0.0,1.938999891281128,2000.0,27.5,10.0,0.0,0.0,0.0,0.0,0.0,0.0,0.0,0.0,0.0,0.0
0.0,-0.7421875,-0.17204724699258803,0.0,1.9789999723434448,2000.0,27.5,10.0,0.0,0.0,0.0,0.0,0.0,0.0,0.0,0.0,0.0,0.0
0.0,-0.7421875,-0.17204724699258803,0.0,1.9789999723434448,2000.0,27.5,10.0,0.0,0.0,0.0,0.0,0.0,0.0,0.0,0.0,0.0,0.0
0.0,-0.7421875,-0.17204724699258803,0.0,2.0390000343322754,2000.0,27.5,10.0,0.0,0.0,0.0,0.0,0.0,0.0,0.0,0.0,0.0,0.0
0.0,-0.7421875,-0.16456693559885024,0.0,2.128999948501587,2000.0,27.5,10.0,0.0,0.0,0.0,0.0,0.0,0.0,0.0,0.0,0.0,0.0
0.0,-0.7421875,-0.16456693559885024,0.0,2.3489999771118164,2000.0,27.5,10.0,0.0,0.0,0.0,0.0,0.0,0.0,0.0,0.0,0.0,0.0
0.0,-0.7421875,-0.16456693559885024,0.0,2.3489999771118164,2000.0,27.5,10.0,0.0,0.0,0.0,0.0,0.0,0.0,0.0,0.0,0.0,0.0
0.0,-0.7421875,-0.1570866100490093,0.0,2.569000005722046,2000.0,27.5,10.0,0.0,0.0,0.0,0.0,0.0,0.0,0.0,0.0,0.0,0.0
0.0,-0.7421875,-0.14212598726153372,0.0,2.678999900817871,2000.0,27.5,10.0,0.0,0.0,0.0,0.0,0.0,0.0,0.0,0.0,0.0,0.0
0.0,-0.7421875,-0.13464567586779594,0.0,2.819000005722046,2000.0,27.5,10.0,0.0,0.0,0.0,0.0,0.0,0.0,0.0,0.0,0.0,0.0
0.0,-0.7421875,-0.127165350317955,0.0,3.3989999294281006,2000.0,27.5,10.0,0.0,0.0,0.0,0.0,0.0,0.0,0.0,0.0,0.0,0.0
0.0,-0.7421875,-0.11968503892421722,0.0,3.3989999294281006,2000.0,27.5,10.0,0.0,0.0,0.0,0.0,0.0,0.0,0.0,0.0,0.0,0.0
0.0,-0.7421875,-0.09724409766495228,0.0,3.748999834060669,2000.0,27.5,10.0,0.0,0.0,0.0,0.0,0.0,0.0,0.0,0.0,0.0,0.0
0.0,-0.7421875,-0.09724409766495228,0.0,3.9489998817443848,2000.0,27.5,10.0,0.0,0.0,0.0,0.0,0.0,0.0,0.0,0.0,0.0,0.0
0.0,-0.7421875,-0.09724409766495228,0.0,4.158999919891357,2000.0,27.5,10.0,0.0,0.0,0.0,0.0,0.0,0.0,0.0,0.0,0.0,0.0
0.0,-0.7421875,-0.09724409766495228,0.0,4.158999919891357,2000.0,27.5,10.0,0.0,0.0,0.0,0.0,0.0,0.0,0.0,0.0,0.0,0.0
0.0,-0.7421875,-0.09724409766495228,0.0,4.5289998054504395,2000.0,27.5,10.0,0.0,0.0,0.0,0.0,0.0,0.0,0.0,0.0,0.0,0.0
0.0,-0.7421875,-0.09724409766495228,0.0,4.738999843597412,2000.0,27.5,10.0,0.0,0.0,0.0,0.0,0.0,0.0,0.0,0.0,0.0,0.0
0.0,-0.7421875,0.0,0.0,4.959000110626221,2000.0,27.5,10.0,0.0,0.0,0.0,0.0,0.0,0.0,0.0,0.0,0.0,0.0
0.0,-0.7421875,0.0,0.0,5.439000129699707,2000.0,27.5,10.0,0.0,0.0,0.0,0.0,0.0,0.0,0.0,0.0,0.0,0.0
0.0,-0.7421875,0.0,0.0,5.678999900817871,2000.0,27.5,10.0,0.0,0.0,0.0,0.0,0.0,0.0,0.0,0.0,0.0,0.0
0.0,-0.7421875,0.0,0.0,5.948999881744385,2000.0,27.5,10.0,0.0,0.0,0.0,0.0,0.0,0.0,0.0,0.0,0.0,0.0
0.0,-0.7421875,0.0,0.0,6.468999862670898,2000.0,27.5,10.0,0.0,0.0,0.0,0.0,0.0,0.0,0.0,0.0,0.0,0.0
0.0,-0.7421875,0.0,0.0,6.6489996910095215,2000.0,27.5,10.0,0.0,0.0,0.0,0.0,0.0,0.0,0.0,0.0,0.0,0.0
0.0,-0.7421875,0.0,0.0,7.098999977111816,2000.0,27.5,10.0,0.0,0.0,0.0,0.0,0.0,0.0,0.0,0.0,0.0,0.0
0.0,-0.7421875,0.0,0.0,7.249000072479248,2000.0,27.5,10.0,0.0,0.0,0.0,0.0,0.0,0.0,0.0,0.0,0.0,0.0
0.0,-0.7421875,0.0,0.0,7.388999938964844,2000.0,27.5,10.0,0.0,0.0,0.0,0.0,0.0,0.0,0.0,0.0,0.0,0.0
0.0,-0.7421875,0.0,0.0,7.508999824523926,2000.0,27.5,10.0,0.0,0.0,0.0,0.0,0.0,0.0,0.0,0.0,0.0,0.0
0.0,-0.734765625,0.0,0.0,7.638999938964844,2000.0,27.5,10.0,0.0,0.0,0.0,0.0,0.0,0.0,0.0,0.0,0.0,0.0
0.0,-0.72734375,0.0,0.0,7.7789998054504395,2000.0,27.5,10.0,0.0,0.0,0.0,0.0,0.0,0.0,0.0,0.0,0.0,0.0
0.0,-0.72734375,0.0,0.0,8.138999938964844,2000.0,27.5,10.0,0.0,0.0,0.0,0.0,0.0,0.0,0.0,0.0,0.0,0.0
0.0,-0.72734375,0.0,0.0,8.288999557495117,2000.0,27.5,10.0,0.0,0.0,0.0,0.0,0.0,0.0,0.0,0.0,0.0,0.0
0.0,-0.72734375,0.0,0.24736950716336742,8.4089994430542,2000.0,27.5,10.0,0.0,0.0,0.0,0.0,0.0,0.0,0.0,0.0,0.0,0.0
0.0,-0.72734375,0.0,0.3792999068226408,8.609000205993652,2000.0,27.5,10.0,0.0,0.0,0.0,0.0,0.0,0.0,0.0,0.0,0.0,0.0
0.0,-0.7199218749999999,0.0,0.4122824911329997,8.708999633789062,2000.0,27.5,10.0,0.0,0.0,0.0,0.0,0.0,0.0,0.0,0.0,0.0,0.0
0.0,-0.7124999999999999,0.0,0.4122824911329997,8.758999824523926,2000.0,27.5,10.0,0.0,0.0,0.0,0.0,0.0,0.0,0.0,0.0,0.0,0.0
0.0,-0.7124999999999999,0.0,0.31333470699300414,7.388999938964844,2000.0,27.5,10.0,0.0,0.0,0.0,0.0,0.0,0.0,0.0,0.0,0.0,0.0
0.0,-0.705078125,0.0,0.1814043073337307,7.388999938964844,2000.0,27.5,10.0,0.0,0.0,0.0,0.0,0.0,0.0,0.0,0.0,0.0,0.0
0.0,-0.705078125,0.0,0.1814043073337307,6.749000072479248,2000.0,27.5,10.0,0.0,0.0,0.0,0.0,0.0,0.0,0.0,0.0,0.0,0.0
0.0,-0.705078125,0.0,0.0,6.019000053405762,2000.0,27.5,10.0,0.0,0.0,0.0,0.0,0.0,0.0,0.0,0.0,0.0,0.0
0.0,-0.705078125,0.0,0.0,5.198999881744385,2000.0,27.5,10.0,0.0,0.0,0.0,0.0,0.0,0.0,0.0,0.0,0.0,0.0
0.0,-0.705078125,0.0,0.0,4.298999786376953,2000.0,27.5,10.0,0.0,0.0,0.0,0.0,0.0,0.0,0.0,0.0,0.0,0.0
0.0,-0.705078125,0.0,0.0,3.3889999389648438,2000.0,27.5,10.0,0.0,0.0,0.0,0.0,0.0,0.0,0.0,0.0,0.0,0.0
0.0,-0.705078125,0.0,0.0,2.4789998531341553,2000.0,27.5,10.0,0.0,0.0,0.0,0.0,0.0,0.0,0.0,0.0,0.0,0.0
0.0,-0.69765625,0.0,0.0,1.5689998865127563,2000.0,27.5,10.0,0.0,0.0,0.0,0.0,0.0,0.0,0.0,0.0,0.0,0.0
0.0,-0.69765625,0.0,0.0,0.6990000605583191,2000.0,27.5,10.0,0.0,0.0,0.0,0.0,0.0,0.0,0.0,0.0,0.0,0.0
0.0,-0.69765625,0.0,0.0,-0.09100015461444855,2000.0,27.5,10.0,0.0,0.0,0.0,0.0,0.0,0.0,0.0,0.0,0.0,0.0
0.0,-0.690234375,0.0,0.0,-1.47100031375885,2000.0,27.5,10.0,0.0,0.0,0.0,0.0,0.0,0.0,0.0,0.0,0.0,0.0
0.0,-0.675390625,0.0,0.0,-3.0310001373291016,2000.0,27.5,10.0,0.0,0.0,0.0,0.0,0.0,0.0,0.0,0.0,0.0,0.0
0.0,-0.675390625,0.0,0.0,-3.4710001945495605,2000.0,27.5,10.0,0.0,0.0,0.0,0.0,0.0,0.0,0.0,0.0,0.0,0.0
0.0,-0.675390625,0.0,0.0,-3.8509998321533203,2000.0,27.5,10.0,0.0,0.0,0.0,0.0,0.0,0.0,0.0,0.0,0.0,0.0
0.0,-0.675390625,0.0,0.0,-3.8509998321533203,2000.0,27.5,10.0,0.0,0.0,0.0,0.0,0.0,0.0,0.0,0.0,0.0,0.0
0.0,-0.675390625,0.0,0.0,-4.190999984741211,2000.0,27.5,10.0,0.0,0.0,0.0,0.0,0.0,0.0,0.0,0.0,0.0,0.0
0.0,-0.66796875,0.0,0.0,-4.790999889373779,2000.0,27.5,10.0,0.0,0.0,0.0,0.0,0.0,0.0,0.0,0.0,0.0,0.0
0.0,-0.660546875,0.0,0.0,-5.051000118255615,2000.0,27.5,10.0,0.0,0.0,0.0,0.0,0.0,0.0,0.0,0.0,0.0,0.0
0.0,-0.660546875,0.0,0.0,-5.26099967956543,2000.0,27.5,10.0,0.0,0.0,0.0,0.0,0.0,0.0,0.0,0.0,0.0,0.0
0.0,-0.660546875,0.0,0.0,-5.60099983215332,2000.0,27.5,10.0,0.0,0.0,0.0,0.0,0.0,0.0,0.0,0.0,0.0,0.0
0.0,-0.660546875,0.0,0.0,-5.76099967956543,2000.0,27.5,10.0,0.0,0.0,0.0,0.0,0.0,0.0,0.0,0.0,0.0,0.0
0.0,-0.660546875,0.0,0.0,-5.901000022888184,2000.0,27.5,10.0,0.0,0.0,0.0,0.0,0.0,0.0,0.0,0.0,0.0,0.0
0.0,-0.653125,0.0,0.0,-6.130999565124512,2000.0,27.5,10.0,0.0,0.0,0.0,0.0,0.0,0.0,0.0,0.0,0.0,0.0
0.0,-0.630859375,0.0,0.0,-6.371000289916992,2000.0,27.5,10.0,0.0,0.0,0.0,0.0,0.0,0.0,0.0,0.0,0.0,0.0
0.0,-0.6234375,0.0,0.0,-6.430999755859375,2000.0,27.5,10.0,0.0,0.0,0.0,0.0,0.0,0.0,0.0,0.0,0.0,0.0
0.0,-0.616015625,0.0,0.0,-6.461000442504883,2000.0,27.5,10.0,0.0,0.0,0.0,0.0,0.0,0.0,0.0,0.0,0.0,0.0
0.0,-0.59375,0.0,0.0,-6.461000442504883,2000.0,27.5,10.0,0.0,0.0,0.0,0.0,0.0,0.0,0.0,0.0,0.0,0.0
0.0,-0.59375,0.0,0.0,-6.50100040435791,2000.0,27.5,10.0,0.0,0.0,0.0,0.0,0.0,0.0,0.0,0.0,0.0,0.0
0.0,-0.59375,0.0,0.0,-6.5410003662109375,2000.0,27.5,10.0,0.0,0.0,0.0,0.0,0.0,0.0,0.0,0.0,0.0,0.0
0.0,-0.59375,0.0,0.0,-6.550999641418457,2000.0,27.5,10.0,0.0,0.0,0.0,0.0,0.0,0.0,0.0,0.0,0.0,0.0
0.0,-0.59375,0.0,0.0,-6.550999641418457,2000.0,27.5,10.0,0.0,0.0,0.0,0.0,0.0,0.0,0.0,0.0,0.0,0.0
0.0,-0.586328125,0.0,0.0,-6.51099967956543,2000.0,27.5,10.0,0.0,0.0,0.0,0.0,0.0,0.0,0.0,0.0,0.0,0.0
0.0,-0.586328125,0.0,0.0,-6.50100040435791,2000.0,27.5,10.0,0.0,0.0,0.0,0.0,0.0,0.0,0.0,0.0,0.0,0.0
0.0,-0.586328125,0.0,0.0,-6.470999717712402,2000.0,27.5,10.0,0.0,0.0,0.0,0.0,0.0,0.0,0.0,0.0,0.0,0.0
0.0,-0.57890625,0.0,0.0,-6.4110002517700195,2000.0,27.5,10.0,0.0,0.0,0.0,0.0,0.0,0.0,0.0,0.0,0.0,0.0
0.0,-0.57890625,0.0,0.0,-6.300999641418457,2000.0,27.5,10.0,0.0,0.0,0.0,0.0,0.0,0.0,0.0,0.0,0.0,0.0
0.0,-0.5714843749999999,0.0,0.0,-6.2910003662109375,2000.0,27.5,10.0,0.0,0.0,0.0,0.0,0.0,0.0,0.0,0.0,0.0,0.0
0.0,-0.5640625,0.0,0.0,-6.2910003662109375,2000.0,27.5,10.0,0.0,0.0,0.0,0.0,0.0,0.0,0.0,0.0,0.0,0.0
0.0,-0.5640625,0.0,0.0,-6.300999641418457,2000.0,27.5,10.0,0.0,0.0,0.0,0.0,0.0,0.0,0.0,0.0,0.0,0.0
0.0,-0.5640625,0.0,0.0,-6.310999870300293,2000.0,27.5,10.0,0.0,0.0,0.0,0.0,0.0,0.0,0.0,0.0,0.0,0.0
0.0,-0.5640625,0.0,0.0,-6.281000137329102,2000.0,27.5,10.0,0.0,0.0,0.0,0.0,0.0,0.0,0.0,0.0,0.0,0.0
0.0,-0.5640625,0.0,0.0,-6.281000137329102,2000.0,27.5,10.0,0.0,0.0,0.0,0.0,0.0,0.0,0.0,0.0,0.0,0.0
0.0,-0.556640625,0.0,0.0,-6.310999870300293,2000.0,27.5,10.0,0.0,0.0,0.0,0.0,0.0,0.0,0.0,0.0,0.0,0.0
0.0,-0.54921875,0.0,0.0,-6.331000328063965,2000.0,27.5,10.0,0.0,0.0,0.0,0.0,0.0,0.0,0.0,0.0,0.0,0.0
0.0,-0.541796875,0.0,0.0,-6.361000061035156,2000.0,27.5,10.0,0.0,0.0,0.0,0.0,0.0,0.0,0.0,0.0,0.0,0.0
0.0,-0.5343749999999999,0.0,0.0,-6.480999946594238,2000.0,27.5,10.0,0.0,0.0,0.0,0.0,0.0,0.0,0.0,0.0,0.0,0.0
0.0,-0.5343749999999999,0.0,0.0,-6.531000137329102,2000.0,27.5,10.0,0.0,0.0,0.0,0.0,0.0,0.0,0.0,0.0,0.0,0.0
0.0,-0.512109375,0.0,0.0,-6.680999755859375,2000.0,27.5,10.0,0.0,0.0,0.0,0.0,0.0,0.0,0.0,0.0,0.0,0.0
0.0,-0.512109375,0.0,0.0,-6.75100040435791,2000.0,27.5,10.0,0.0,0.0,0.0,0.0,0.0,0.0,0.0,0.0,0.0,0.0
0.0,-0.512109375,0.0,0.0,-6.75100040435791,2000.0,27.5,10.0,0.0,0.0,0.0,0.0,0.0,0.0,0.0,0.0,0.0,0.0
0.0,-0.512109375,0.0,-0.17998707911191522,-6.85099983215332,2000.0,27.5,10.0,0.0,0.0,0.0,0.0,0.0,0.0,0.0,0.0,0.0,0.0
0.0,-0.512109375,0.0,-0.17998707911191522,-6.9110002517700195,2000.0,27.5,10.0,0.0,0.0,0.0,0.0,0.0,0.0,0.0,0.0,0.0,0.0
0.0,-0.512109375,0.0,-0.2945243112740431,-7.00100040435791,2000.0,27.5,10.0,0.0,0.0,0.0,0.0,0.0,0.0,0.0,0.0,0.0,0.0
0.0,-0.5046875,0.0,-0.4417864669110646,-7.071000099182129,2000.0,27.5,10.0,0.0,0.0,0.0,0.0,0.0,0.0,0.0,0.0,0.0,0.0
0.0,-0.497265625,0.0,-0.4581489286485115,-7.00100040435791,2000.0,27.5,10.0,0.0,0.0,0.0,0.0,0.0,0.0,0.0,0.0,0.0,0.0
0.0,-0.475,0.0,-0.2146629316251199,-6.840999603271484,2000.0,27.5,10.0,0.0,0.0,0.0,0.0,0.0,0.0,0.0,0.0,0.0,0.0
0.0,-0.43046874999999996,0.0,0.0,-6.550999641418457,2000.0,27.5,10.0,0.0,0.0,0.0,0.0,0.0,0.0,0.0,0.0,0.0,0.0
0.0,-0.348828125,0.0,0.0,-6.071000099182129,2000.0,27.5,10.0,0.0,0.0,0.0,0.0,0.0,0.0,0.0,0.0,0.0,0.0
0.0,-0.23287872500016532,0.0,0.0,-4.560999870300293,2000.0,27.5,10.0,0.0,0.0,0.0,0.0,0.0,0.0,0.0,0.0,0.0,0.0
0.0,0.0,0.0,0.0,-1.1410001516342163,2000.0,27.5,10.0,0.0,0.0,0.0,0.0,0.0,0.0,0.0,0.0,0.0,0.0
0.0,0.0,0.0,0.0,-0.40100008249282837,2000.0,27.5,10.0,0.0,0.0,0.0,0.0,0.0,0.0,0.0,0.0,0.0,0.0
0.0,0.0,0.0,0.0,0.21900002658367157,2000.0,27.5,10.0,0.0,0.0,0.0,0.0,0.0,0.0,0.0,0.0,0.0,0.0
0.0,0.0,0.0,0.0,0.21900002658367157,2000.0,27.5,10.0,0.0,0.0,0.0,0.0,0.0,0.0,0.0,0.0,0.0,0.0
0.0,0.0,0.0,0.0,0.7689999938011169,2000.0,27.5,10.0,0.0,0.0,0.0,0.0,0.0,0.0,0.0,0.0,0.0,0.0
0.0,0.0,0.0,0.0,1.2989999055862427,2000.0,27.5,10.0,0.0,0.0,0.0,0.0,0.0,0.0,0.0,0.0,0.0,0.0
0.0,0.0,0.0,0.0,1.7889999151229858,2000.0,27.5,10.0,0.0,0.0,0.0,0.0,0.0,0.0,0.0,0.0,0.0,0.0
0.0,0.0,0.0,0.0,2.2689998149871826,2000.0,27.5,10.0,0.0,0.0,0.0,0.0,0.0,0.0,0.0,0.0,0.0,0.0
0.0,0.0,0.0,0.0,2.748999834060669,2000.0,27.5,10.0,0.0,0.0,0.0,0.0,0.0,0.0,0.0,0.0,0.0,0.0
0.0,0.0,0.0,0.0,3.2189998626708984,2000.0,27.5,10.0,0.0,0.0,0.0,0.0,0.0,0.0,0.0,0.0,0.0,0.0
0.0,0.0,0.0,0.0,4.0889997482299805,2000.0,27.5,10.0,0.0,0.0,0.0,0.0,0.0,0.0,0.0,0.0,0.0,0.0
0.0,0.0,0.0,0.0,4.479000091552734,2000.0,27.5,10.0,0.0,0.0,0.0,0.0,0.0,0.0,0.0,0.0,0.0,0.0
0.0,0.0,0.0,0.0,5.5889997482299805,2000.0,27.5,10.0,0.0,0.0,0.0,0.0,0.0,0.0,0.0,0.0,0.0,0.0
0.0,0.0,0.0,0.0,5.968999862670898,2000.0,27.5,10.0,0.0,0.0,0.0,0.0,0.0,0.0,0.0,0.0,0.0,0.0
0.0,0.0,0.0,0.0,6.408999919891357,2000.0,27.5,10.0,0.0,0.0,0.0,0.0,0.0,0.0,0.0,0.0,0.0,0.0
0.0,0.0,0.0,0.0,6.408999919891357,2000.0,27.5,10.0,0.0,0.0,0.0,0.0,0.0,0.0,0.0,0.0,0.0,0.0
0.0,0.0,0.0,0.0,7.158999919891357,2000.0,27.5,10.0,0.0,0.0,0.0,0.0,0.0,0.0,0.0,0.0,0.0,0.0
0.0,0.0,0.0,0.0,7.539000034332275,2000.0,27.5,10.0,0.0,0.0,0.0,0.0,0.0,0.0,0.0,0.0,0.0,0.0
0.0,0.0,0.0,0.0,8.128999710083008,2000.0,27.5,10.0,0.0,0.0,0.0,0.0,0.0,0.0,0.0,0.0,0.0,0.0
0.0,0.0,0.0,0.0,7.879000186920166,2000.0,27.5,10.0,0.0,0.0,0.0,0.0,0.0,0.0,0.0,0.0,0.0,0.0
0.0,0.0,0.0,0.0,7.178999900817871,2000.0,27.5,10.0,0.0,0.0,0.0,0.0,0.0,0.0,0.0,0.0,0.0,0.0
0.0,0.0,0.0,0.0,5.6489996910095215,2000.0,27.5,10.0,0.0,0.0,0.0,0.0,0.0,0.0,0.0,0.0,0.0,0.0
0.0,0.0,0.0,0.0,4.738999843597412,2000.0,27.5,10.0,0.0,0.0,0.0,0.0,0.0,0.0,0.0,0.0,0.0,0.0
0.0,0.0,0.0,0.0,3.7689998149871826,2000.0,27.5,10.0,0.0,0.0,0.0,0.0,0.0,0.0,0.0,0.0,0.0,0.0
0.0,0.0,0.0,0.0,2.128999948501587,2000.0,27.5,10.0,0.0,0.0,0.0,0.0,0.0,0.0,0.0,0.0,0.0,0.0
0.0,0.0,0.0,0.0,0.8489999175071716,2000.0,27.5,10.0,0.0,0.0,0.0,0.0,0.0,0.0,0.0,0.0,0.0,0.0
0.0,0.0,0.0,0.0,0.20900003612041473,2000.0,27.5,10.0,0.0,0.0,0.0,0.0,0.0,0.0,0.0,0.0,0.0,0.0
0.0,0.0,0.0,0.0,-0.39100009202957153,2000.0,27.5,10.0,0.0,0.0,0.0,0.0,0.0,0.0,0.0,0.0,0.0,0.0
0.0,0.0,0.0,0.0,-0.8710001111030579,2000.0,27.5,10.0,0.0,0.0,0.0,0.0,0.0,0.0,0.0,0.0,0.0,0.0
0.0,0.0,0.0,0.0,-1.0910001993179321,2000.0,27.5,10.0,0.0,0.0,0.0,0.0,0.0,0.0,0.0,0.0,0.0,0.0
0.0,0.0,0.0,0.0,-1.2110000848770142,2000.0,27.5,10.0,0.0,0.0,0.0,0.0,0.0,0.0,0.0,0.0,0.0,0.0
0.0,0.0,0.0,0.0,-1.3509999513626099,2000.0,27.5,10.0,0.0,0.0,0.0,0.0,0.0,0.0,0.0,0.0,0.0,0.0
0.0,0.0,0.0,0.0,-1.5110002756118774,2000.0,27.5,10.0,0.0,0.0,0.0,0.0,0.0,0.0,0.0,0.0,0.0,0.0
0.0,0.0,0.0,0.0,-1.6409999132156372,2000.0,27.5,10.0,0.0,0.0,0.0,0.0,0.0,0.0,0.0,0.0,0.0,0.0
0.0,0.0,0.0,0.0,-1.7310000658035278,2000.0,27.5,10.0,0.0,0.0,0.0,0.0,0.0,0.0,0.0,0.0,0.0,0.0
0.0,0.0,0.0,0.0,-1.7910000085830688,2000.0,27.5,10.0,0.0,0.0,0.0,0.0,0.0,0.0,0.0,0.0,0.0,0.0
0.0,0.0,0.0,0.0,-1.5010000467300415,2000.0,27.5,10.0,0.0,0.0,0.0,0.0,0.0,0.0,0.0,0.0,0.0,0.0
0.0,0.0,0.0,0.0,-1.4810000658035278,2000.0,27.5,10.0,0.0,0.0,0.0,0.0,0.0,0.0,0.0,0.0,0.0,0.0
0.0,0.0,0.0,0.0,-1.5310002565383911,2000.0,27.5,10.0,0.0,0.0,0.0,0.0,0.0,0.0,0.0,0.0,0.0,0.0
0.0,0.0,0.0,0.0,-1.5710002183914185,2000.0,27.5,10.0,0.0,0.0,0.0,0.0,0.0,0.0,0.0,0.0,0.0,0.0
0.0,0.0,0.0,0.0,-1.5310002565383911,2000.0,27.5,10.0,0.0,0.0,0.0,0.0,0.0,0.0,0.0,0.0,0.0,0.0
0.0,0.0,0.0,0.0,-1.5010000467300415,2000.0,27.5,10.0,0.0,0.0,0.0,0.0,0.0,0.0,0.0,0.0,0.0,0.0
0.0,0.0,0.0,0.0,-1.5510002374649048,2000.0,27.5,10.0,0.0,0.0,0.0,0.0,0.0,0.0,0.0,0.0,0.0,0.0
0.0,0.0,0.0,0.0,-1.5809999704360962,2000.0,27.5,10.0,0.0,0.0,0.0,0.0,0.0,0.0,0.0,0.0,0.0,0.0
0.0,0.0,0.0,0.0,-1.5910001993179321,2000.0,27.5,10.0,0.0,0.0,0.0,0.0,0.0,0.0,0.0,0.0,0.0,0.0
0.0,0.0,0.0,0.0,-1.5910001993179321,2000.0,27.5,10.0,0.0,0.0,0.0,0.0,0.0,0.0,0.0,0.0,0.0,0.0
0.0,0.0,0.0,0.0,-1.5910001993179321,2000.0,27.5,10.0,0.0,0.0,0.0,0.0,0.0,0.0,0.0,0.0,0.0,0.0
0.0,0.0,0.0,0.0,-1.6310001611709595,2000.0,27.5,10.0,0.0,0.0,0.0,0.0,0.0,0.0,0.0,0.0,0.0,0.0
0.0,0.0,0.0,0.0,-1.6310001611709595,2000.0,27.5,10.0,0.0,0.0,0.0,0.0,0.0,0.0,0.0,0.0,0.0,0.0
0.0,0.0,0.0,0.0,-1.5910001993179321,2000.0,27.5,10.0,0.0,0.0,0.0,0.0,0.0,0.0,0.0,0.0,0.0,0.0
0.0,0.0,0.0,0.0,-1.5809999704360962,2000.0,27.5,10.0,0.0,0.0,0.0,0.0,0.0,0.0,0.0,0.0,0.0,0.0
0.0,0.0,0.0,0.0,-1.5809999704360962,2000.0,27.5,10.0,0.0,0.0,0.0,0.0,0.0,0.0,0.0,0.0,0.0,0.0
0.0,0.0,0.0,0.0,-1.5809999704360962,2000.0,27.5,10.0,0.0,0.0,0.0,0.0,0.0,0.0,0.0,0.0,0.0,0.0
0.0,0.0,0.0,0.0,-1.5910001993179321,2000.0,27.5,10.0,0.0,0.0,0.0,0.0,0.0,0.0,0.0,0.0,0.0,0.0
0.0,0.0,0.0,0.0,-1.6009999513626099,2000.0,27.5,10.0,0.0,0.0,0.0,0.0,0.0,0.0,0.0,0.0,0.0,0.0
0.0,0.0,0.0,0.0,-1.6009999513626099,2000.0,27.5,10.0,0.0,0.0,0.0,0.0,0.0,0.0,0.0,0.0,0.0,0.0
0.0,0.0,0.0,0.0,-1.6209999322891235,-142000.0,11.5,8000.0,0.0,0.0,0.0,0.0,0.0,0.0,0.0,0.0,0.0,0.0
0.0,0.0,0.0,0.0,-1.6310001611709595,-142000.0,11.5,8000.0,0.0,0.0,0.0,0.0,0.0,0.0,0.0,0.0,0.0,0.0
0.0,0.0,0.0,0.0,-1.6409999132156372,-142000.0,11.5,8000.0,0.0,0.0,0.0,0.0,0.0,0.0,0.0,0.0,0.0,0.0
0.0,0.0,0.0,0.0,-1.6310001611709595,-142000.0,11.5,8000.0,0.0,0.0,0.0,0.0,0.0,0.0,0.0,0.0,0.0,0.0
0.0,0.0,0.0,0.0,-1.5910001993179321,-142000.0,11.5,8000.0,0.0,0.0,0.0,0.0,0.0,0.0,0.0,0.0,0.0,0.0
0.0,0.0,0.0,0.0,-1.5910001993179321,-142000.0,11.5,8000.0,0.0,0.0,0.0,0.0,0.0,0.0,0.0,0.0,0.0,0.0
0.0,0.0,0.0,0.0,-1.5910001993179321,-142000.0,11.5,8000.0,0.0,0.0,0.0,0.0,0.0,0.0,0.0,0.0,0.0,0.0
0.0,0.0,0.0,0.0,-1.6009999513626099,-142000.0,11.5,8000.0,0.0,0.0,0.0,0.0,0.0,0.0,0.0,0.0,0.0,0.0
0.0,0.0,0.0,0.0,-1.6009999513626099,-142000.0,11.5,8000.0,0.0,0.0,0.0,0.0,0.0,0.0,0.0,0.0,0.0,0.0
0.0,0.0,0.0,0.0,-1.6009999513626099,-142000.0,11.5,8000.0,0.0,0.0,0.0,0.0,0.0,0.0,0.0,0.0,0.0,0.0
0.0,0.0,0.0,0.0,-1.6009999513626099,-142000.0,11.5,8000.0,0.0,0.0,0.0,0.0,0.0,0.0,0.0,0.0,0.0,0.0
0.0,0.0,0.0,0.0,-1.6110001802444458,-142000.0,11.5,8000.0,0.0,0.0,0.0,0.0,0.0,0.0,0.0,0.0,0.0,0.0
0.0,0.0,0.0,0.0,-1.6110001802444458,-142000.0,11.5,8000.0,0.0,0.0,0.0,0.0,0.0,0.0,0.0,0.0,0.0,0.0
0.0,0.0,0.0,0.0,-1.6110001802444458,-142000.0,11.5,8000.0,0.0,0.0,0.0,0.0,0.0,0.0,0.0,0.0,0.0,0.0
0.0,0.0,0.0,0.0,-1.6110001802444458,-142000.0,11.5,8000.0,0.0,0.0,0.0,0.0,0.0,0.0,0.0,0.0,0.0,0.0
0.0,0.0,0.0,0.0,-1.6009999513626099,-142000.0,11.5,8000.0,0.0,0.0,0.0,0.0,0.0,0.0,0.0,0.0,0.0,0.0
0.0,0.0,0.0,0.0,-1.6110001802444458,-142000.0,11.5,8000.0,0.0,0.0,0.0,0.0,0.0,0.0,0.0,0.0,0.0,0.0
0.0,0.0,0.0,0.0,-1.6110001802444458,-142000.0,11.5,8000.0,0.0,0.0,0.0,0.0,0.0,0.0,0.0,0.0,0.0,0.0
0.0,0.0,0.0,0.0,-1.6110001802444458,-142000.0,11.5,8000.0,0.0,0.0,0.0,0.0,0.0,0.0,0.0,0.0,0.0,0.0
0.0,0.0,0.0,0.0,-1.6009999513626099,-142000.0,11.5,8000.0,0.0,0.0,0.0,0.0,0.0,0.0,0.0,0.0,0.0,0.0
0.0,0.0,0.0,0.0,-1.6110001802444458,-142000.0,11.5,8000.0,0.0,0.0,0.0,0.0,0.0,0.0,0.0,0.0,0.0,0.0
0.0,0.0,0.0,0.0,-1.6110001802444458,-142000.0,11.5,8000.0,0.0,0.0,0.0,0.0,0.0,0.0,0.0,0.0,0.0,0.0
0.0,0.0,0.0,0.0,-1.6110001802444458,-142000.0,11.5,8000.0,0.0,0.0,0.0,0.0,0.0,0.0,0.0,0.0,0.0,0.0
0.0,0.0,0.0,0.0,-1.6110001802444458,-142000.0,11.5,8000.0,0.0,0.0,0.0,0.0,0.0,0.0,0.0,0.0,0.0,0.0
0.0,0.0,0.0,0.0,-1.6110001802444458,-142000.0,11.5,8000.0,0.0,0.0,0.0,0.0,0.0,0.0,0.0,0.0,0.0,0.0
0.0,0.0,0.0,0.0,-1.6110001802444458,-142000.0,11.5,8000.0,0.0,0.0,0.0,0.0,0.0,0.0,0.0,0.0,0.0,0.0
0.0,0.0,0.0,0.0,-1.6110001802444458,-142000.0,11.5,8000.0,0.0,0.0,0.0,0.0,0.0,0.0,0.0,0.0,0.0,0.0
0.0,0.0,0.0,0.0,-1.6110001802444458,-142000.0,11.5,8000.0,0.0,0.0,0.0,0.0,0.0,0.0,0.0,0.0,0.0,0.0
0.0,0.0,0.0,0.0,-1.6110001802444458,-142000.0,11.5,8000.0,0.0,0.0,0.0,0.0,0.0,0.0,0.0,0.0,0.0,0.0
0.0,0.0,0.0,0.0,-1.6110001802444458,-142000.0,11.5,8000.0,0.0,0.0,0.0,0.0,0.0,0.0,0.0,0.0,0.0,0.0
0.0,0.0,0.0,0.0,-1.6110001802444458,-142000.0,11.5,8000.0,0.0,0.0,0.0,0.0,0.0,0.0,0.0,0.0,0.0,0.0
0.0,0.0,0.0,0.0,-1.6110001802444458,-142000.0,11.5,8000.0,0.0,0.0,0.0,0.0,0.0,0.0,0.0,0.0,0.0,0.0
0.0,0.0,0.0,0.0,-1.6110001802444458,-142000.0,11.5,8000.0,0.0,0.0,0.0,0.0,0.0,0.0,0.0,0.0,0.0,0.0
0.0,0.0,0.0,0.0,-1.6110001802444458,-142000.0,11.5,8000.0,0.0,0.0,0.0,0.0,0.0,0.0,0.0,0.0,0.0,0.0
0.0,0.0,0.0,0.0,-1.6110001802444458,-142000.0,11.5,8000.0,0.0,0.0,0.0,0.0,0.0,0.0,0.0,0.0,0.0,0.0
0.0,0.0,0.0,0.0,-1.6110001802444458,-142000.0,11.5,8000.0,0.0,0.0,0.0,0.0,0.0,0.0,0.0,0.0,0.0,0.0
0.0,0.0,0.0,0.0,-1.6110001802444458,-142000.0,11.5,8000.0,0.0,0.0,0.0,0.0,0.0,0.0,0.0,0.0,0.0,0.0
0.0,0.0,0.0,0.0,-1.6110001802444458,-142000.0,11.5,8000.0,0.0,0.0,0.0,0.0,0.0,0.0,0.0,0.0,0.0,0.0
0.0,0.0,0.0,0.0,-1.6110001802444458,-142000.0,11.5,8000.0,0.0,0.0,0.0,0.0,0.0,0.0,0.0,0.0,0.0,0.0
0.0,0.0,0.0,0.0,-1.6110001802444458,-142000.0,11.5,8000.0,0.0,0.0,0.0,0.0,0.0,0.0,0.0,0.0,0.0,0.0
0.0,0.0,0.0,0.0,-1.6009999513626099,-142000.0,11.5,8000.0,0.0,0.0,0.0,0.0,0.0,0.0,0.0,0.0,0.0,0.0
0.0,0.0,0.0,0.0,-1.6009999513626099,-142000.0,11.5,8000.0,0.0,0.0,0.0,0.0,0.0,0.0,0.0,0.0,0.0,0.0
0.0,0.0,0.0,0.0,-1.6110001802444458,-142000.0,11.5,8000.0,0.0,0.0,0.0,0.0,0.0,0.0,0.0,0.0,0.0,0.0
0.0,0.0,0.0,0.0,-1.6110001802444458,-142000.0,11.5,8000.0,0.0,0.0,0.0,0.0,0.0,0.0,0.0,0.0,0.0,0.0
0.0,0.0,0.0,0.0,-1.6110001802444458,-142000.0,11.5,8000.0,0.0,0.0,0.0,0.0,0.0,0.0,0.0,0.0,0.0,0.0
0.0,0.0,0.0,0.0,-1.6110001802444458,-142000.0,11.5,8000.0,0.0,0.0,0.0,0.0,0.0,0.0,0.0,0.0,0.0,0.0
0.0,0.0,0.0,0.0,-1.6110001802444458,-142000.0,11.5,8000.0,0.0,0.0,0.0,0.0,0.0,0.0,0.0,0.0,0.0,0.0
0.0,0.0,0.0,0.0,-1.6009999513626099,-142000.0,11.5,8000.0,0.0,0.0,0.0,0.0,0.0,0.0,0.0,0.0,0.0,0.0
0.0,0.0,0.0,0.0,-1.6009999513626099,-142000.0,11.5,8000.0,0.0,0.0,0.0,0.0,0.0,0.0,0.0,0.0,0.0,0.0
0.0,0.0,0.0,0.0,-1.6110001802444458,-142000.0,11.5,8000.0,0.0,0.0,0.0,0.0,0.0,0.0,0.0,0.0,0.0,0.0
0.0,0.0,0.0,0.0,-1.6110001802444458,-142000.0,11.5,8000.0,0.0,0.0,0.0,0.0,0.0,0.0,0.0,0.0,0.0,0.0
0.0,0.0,0.0,0.0,-1.6110001802444458,-142000.0,11.5,8000.0,0.0,0.0,0.0,0.0,0.0,0.0,0.0,0.0,0.0,0.0
0.0,0.0,0.0,0.0,-1.6009999513626099,-142000.0,11.5,8000.0,0.0,0.0,0.0,0.0,0.0,0.0,0.0,0.0,0.0,0.0
0.0,0.0,0.0,0.0,-1.6009999513626099,-142000.0,11.5,8000.0,0.0,0.0,0.0,0.0,0.0,0.0,0.0,0.0,0.0,0.0
0.0,0.0,0.0,0.0,-1.6009999513626099,-142000.0,11.5,8000.0,0.0,0.0,0.0,0.0,0.0,0.0,0.0,0.0,0.0,0.0
0.0,0.0,0.0,0.0,-1.5910001993179321,-142000.0,11.5,8000.0,0.0,0.0,0.0,0.0,0.0,0.0,0.0,0.0,0.0,0.0
0.0,0.0,0.0,0.0,-1.5809999704360962,-142000.0,11.5,8000.0,0.0,0.0,0.0,0.0,0.0,0.0,0.0,0.0,0.0,0.0
0.0,0.0,0.0,0.0,-1.5609999895095825,-142000.0,11.5,8000.0,0.0,0.0,0.0,0.0,0.0,0.0,0.0,0.0,0.0,0.0
0.0,0.0,0.0,0.0,-1.5710002183914185,-142000.0,11.5,8000.0,0.0,0.0,0.0,0.0,0.0,0.0,0.0,0.0,0.0,0.0
0.0,0.0,0.0,0.0,-1.5710002183914185,-142000.0,11.5,8000.0,0.0,0.0,0.0,0.0,0.0,0.0,0.0,0.0,0.0,0.0
0.0,0.0,0.0,0.0,-1.5609999895095825,-142000.0,11.5,8000.0,0.0,0.0,0.0,0.0,0.0,0.0,0.0,0.0,0.0,0.0
0.0,0.0,0.0,0.0,-1.5609999895095825,-142000.0,11.5,8000.0,0.0,0.0,0.0,0.0,0.0,0.0,0.0,0.0,0.0,0.0
0.0,0.0,0.0,0.0,-1.5710002183914185,-142000.0,11.5,8000.0,0.0,0.0,0.0,0.0,0.0,0.0,0.0,0.0,0.0,0.0
0.0,0.0,0.0,0.0,-1.5910001993179321,-142000.0,11.5,8000.0,0.0,0.0,0.0,0.0,0.0,0.0,0.0,0.0,0.0,0.0
0.0,0.0,0.0,0.0,-1.6209999322891235,-142000.0,11.5,8000.0,0.0,0.0,0.0,0.0,0.0,0.0,0.0,0.0,0.0,0.0
0.0,0.0,0.0,0.0,-1.6209999322891235,-142000.0,11.5,8000.0,0.0,0.0,0.0,0.0,0.0,0.0,0.0,0.0,0.0,0.0
0.0,0.0,0.0,0.0,-1.6209999322891235,-142000.0,11.5,8000.0,0.0,0.0,0.0,0.0,0.0,0.0,0.0,0.0,0.0,0.0
0.0,0.0,0.0,0.0,-1.6209999322891235,-142000.0,11.5,8000.0,0.0,0.0,0.0,0.0,0.0,0.0,0.0,0.0,0.0,0.0
0.0,0.0,0.0,0.0,-1.6209999322891235,-142000.0,11.5,8000.0,0.0,0.0,0.0,0.0,0.0,0.0,0.0,0.0,0.0,0.0
0.0,0.0,0.0,0.0,-1.6209999322891235,-142000.0,11.5,8000.0,0.0,0.0,0.0,0.0,0.0,0.0,0.0,0.0,0.0,0.0
0.0,0.0,0.0,0.0,-1.6209999322891235,-142000.0,11.5,8000.0,0.0,0.0,0.0,0.0,0.0,0.0,0.0,0.0,0.0,0.0
0.0,0.0,0.0,0.0,-1.6209999322891235,-142000.0,11.5,8000.0,0.0,0.0,0.0,0.0,0.0,0.0,0.0,0.0,0.0,0.0
0.0,0.0,0.0,0.0,-1.6209999322891235,-142000.0,11.5,8000.0,0.0,0.0,0.0,0.0,0.0,0.0,0.0,0.0,0.0,0.0
0.0,0.0,0.0,0.0,-1.6110001802444458,-142000.0,11.5,8000.0,0.0,0.0,0.0,0.0,0.0,0.0,0.0,0.0,0.0,0.0
0.0,0.0,0.0,0.0,-1.6110001802444458,-142000.0,11.5,8000.0,0.0,0.0,0.0,0.0,0.0,0.0,0.0,0.0,0.0,0.0
0.0,0.0,0.0,0.0,-1.6110001802444458,-142000.0,11.5,8000.0,0.0,0.0,0.0,0.0,0.0,0.0,0.0,0.0,0.0,0.0
0.0,0.0,0.0,0.0,-1.6110001802444458,-142000.0,11.5,8000.0,0.0,0.0,0.0,0.0,0.0,0.0,0.0,0.0,0.0,0.0
0.0,0.0,0.0,0.0,-1.6110001802444458,-142000.0,11.5,8000.0,0.0,0.0,0.0,0.0,0.0,0.0,0.0,0.0,0.0,0.0
0.0,0.0,0.0,0.0,-1.6110001802444458,-142000.0,11.5,8000.0,0.0,0.0,0.0,0.0,0.0,0.0,0.0,0.0,0.0,0.0
0.0,0.0,0.0,0.0,-1.6009999513626099,-142000.0,11.5,8000.0,0.0,0.0,0.0,0.0,0.0,0.0,0.0,0.0,0.0,0.0
0.0,0.0,0.0,0.0,-1.6009999513626099,-142000.0,11.5,8000.0,0.0,0.0,0.0,0.0,0.0,0.0,0.0,0.0,0.0,0.0
0.0,0.0,0.0,0.0,-1.6009999513626099,-142000.0,11.5,8000.0,0.0,0.0,0.0,0.0,0.0,0.0,0.0,0.0,0.0,0.0
0.0,0.0,0.0,0.0,-1.6110001802444458,-142000.0,11.5,8000.0,0.0,0.0,0.0,0.0,0.0,0.0,0.0,0.0,0.0,0.0
0.0,0.0,0.0,0.0,-1.6009999513626099,-142000.0,11.5,8000.0,0.0,0.0,0.0,0.0,0.0,0.0,0.0,0.0,0.0,0.0
0.0,0.0,0.0,0.0,-1.6110001802444458,-142000.0,11.5,8000.0,0.0,0.0,0.0,0.0,0.0,0.0,0.0,0.0,0.0,0.0
0.0,0.0,0.0,0.0,-1.6110001802444458,-142000.0,11.5,8000.0,0.0,0.0,0.0,0.0,0.0,0.0,0.0,0.0,0.0,0.0
0.0,0.0,0.0,0.0,-1.6110001802444458,-142000.0,11.5,8000.0,0.0,0.0,0.0,0.0,0.0,0.0,0.0,0.0,0.0,0.0
0.0,0.0,0.0,0.0,-1.6110001802444458,-142000.0,11.5,8000.0,0.0,0.0,0.0,0.0,0.0,0.0,0.0,0.0,0.0,0.0
0.0,0.0,0.0,0.0,-1.6110001802444458,-142000.0,11.5,8000.0,0.0,0.0,0.0,0.0,0.0,0.0,0.0,0.0,0.0,0.0
0.0,0.0,0.0,0.0,-1.6110001802444458,-142000.0,11.5,8000.0,0.0,0.0,0.0,0.0,0.0,0.0,0.0,0.0,0.0,0.0
0.0,0.0,0.0,0.0,-1.6110001802444458,-142000.0,11.5,8000.0,0.0,0.0,0.0,0.0,0.0,0.0,0.0,0.0,0.0,0.0
0.0,0.0,0.0,0.0,-1.6110001802444458,-142000.0,11.5,8000.0,0.0,0.0,0.0,0.0,0.0,0.0,0.0,0.0,0.0,0.0
0.0,0.0,0.0,0.0,-1.6009999513626099,-142000.0,11.5,8000.0,0.0,0.0,0.0,0.0,0.0,0.0,0.0,0.0,0.0,0.0
0.0,0.0,0.0,0.0,-1.6009999513626099,-142000.0,11.5,8000.0,0.0,0.0,0.0,0.0,0.0,0.0,0.0,0.0,0.0,0.0
0.0,0.0,0.0,0.0,-1.5910001993179321,-142000.0,11.5,8000.0,0.0,0.0,0.0,0.0,0.0,0.0,0.0,0.0,0.0,0.0
0.0,0.0,0.0,0.0,-1.5910001993179321,-142000.0,11.5,8000.0,0.0,0.0,0.0,0.0,0.0,0.0,0.0,0.0,0.0,0.0
0.0,0.0,0.0,0.0,-1.6009999513626099,-142000.0,11.5,8000.0,0.0,0.0,0.0,0.0,0.0,0.0,0.0,0.0,0.0,0.0
0.0,0.0,0.0,0.0,-1.6009999513626099,-142000.0,11.5,8000.0,0.0,0.0,0.0,0.0,0.0,0.0,0.0,0.0,0.0,0.0
0.0,0.0,0.0,0.0,-1.6009999513626099,-142000.0,11.5,8000.0,0.0,0.0,0.0,0.0,0.0,0.0,0.0,0.0,0.0,0.0
0.0,0.0,0.0,0.0,-1.6009999513626099,-142000.0,11.5,8000.0,0.0,0.0,0.0,0.0,0.0,0.0,0.0,0.0,0.0,0.0
0.0,0.0,0.0,0.0,-1.6009999513626099,-142000.0,11.5,8000.0,0.0,0.0,0.0,0.0,0.0,0.0,0.0,0.0,0.0,0.0
0.0,0.0,0.0,0.0,-1.6009999513626099,-142000.0,11.5,8000.0,0.0,0.0,0.0,0.0,0.0,0.0,0.0,0.0,0.0,0.0
0.0,0.0,0.0,0.0,-1.6009999513626099,-142000.0,11.5,8000.0,0.0,0.0,0.0,0.0,0.0,0.0,0.0,0.0,0.0,0.0
0.0,0.0,0.0,0.0,-1.6009999513626099,-142000.0,11.5,8000.0,0.0,0.0,0.0,0.0,0.0,0.0,0.0,0.0,0.0,0.0
0.0,0.0,0.0,0.0,-1.6009999513626099,-142000.0,11.5,8000.0,0.0,0.0,0.0,0.0,0.0,0.0,0.0,0.0,0.0,0.0
0.0,0.0,0.0,0.0,-1.6009999513626099,-142000.0,11.5,8000.0,0.0,0.0,0.0,0.0,0.0,0.0,0.0,0.0,0.0,0.0
0.0,0.0,0.0,0.0,-1.6009999513626099,-142000.0,11.5,8000.0,0.0,0.0,0.0,0.0,0.0,0.0,0.0,0.0,0.0,0.0
0.0,0.0,0.0,0.0,-1.6009999513626099,-142000.0,11.5,8000.0,0.0,0.0,0.0,0.0,0.0,0.0,0.0,0.0,0.0,0.0
0.0,0.0,0.0,0.0,-1.6009999513626099,-142000.0,11.5,8000.0,0.0,0.0,0.0,0.0,0.0,0.0,0.0,0.0,0.0,0.0
0.0,0.0,0.0,0.0,-1.5910001993179321,-142000.0,11.5,8000.0,0.0,0.0,0.0,0.0,0.0,0.0,0.0,0.0,0.0,0.0
0.0,0.0,0.0,0.0,-1.5910001993179321,-142000.0,11.5,8000.0,0.0,0.0,0.0,0.0,0.0,0.0,0.0,0.0,0.0,0.0
0.0,0.0,0.0,0.0,-1.5710002183914185,-142000.0,11.5,8000.0,0.0,0.0,0.0,0.0,0.0,0.0,0.0,0.0,0.0,0.0
0.0,0.0,0.0,0.0,-1.5609999895095825,-142000.0,11.5,8000.0,0.0,0.0,0.0,0.0,0.0,0.0,0.0,0.0,0.0,0.0
0.0,0.0,0.0,0.0,-1.5609999895095825,-142000.0,11.5,8000.0,0.0,0.0,0.0,0.0,0.0,0.0,0.0,0.0,0.0,0.0
0.0,0.0,0.0,0.0,-1.5609999895095825,-142000.0,11.5,8000.0,0.0,0.0,0.0,0.0,0.0,0.0,0.0,0.0,0.0,0.0
0.0,0.0,0.0,0.0,-1.5510002374649048,-142000.0,11.5,8000.0,0.0,0.0,0.0,0.0,0.0,0.0,0.0,0.0,0.0,0.0
0.0,0.0,0.0,0.0,-1.5609999895095825,-142000.0,11.5,8000.0,0.0,0.0,0.0,0.0,0.0,0.0,0.0,0.0,0.0,0.0
0.0,0.0,0.0,0.0,-1.5710002183914185,-142000.0,11.5,8000.0,0.0,0.0,0.0,0.0,0.0,0.0,0.0,0.0,0.0,0.0
0.0,0.0,0.0,0.0,-1.5910001993179321,-142000.0,11.5,8000.0,0.0,0.0,0.0,0.0,0.0,0.0,0.0,0.0,0.0,0.0
0.0,0.0,0.0,0.0,-1.6009999513626099,-142000.0,11.5,8000.0,0.0,0.0,0.0,0.0,0.0,0.0,0.0,0.0,0.0,0.0
0.0,0.0,0.0,0.0,-1.5809999704360962,-142000.0,11.5,8000.0,0.0,0.0,0.0,0.0,0.0,0.0,0.0,0.0,0.0,0.0
0.0,0.0,0.0,0.0,-1.5609999895095825,-142000.0,11.5,8000.0,0.0,0.0,0.0,0.0,0.0,0.0,0.0,0.0,0.0,0.0
0.0,0.0,0.0,0.0,-1.5410000085830688,-142000.0,11.5,8000.0,0.0,0.0,0.0,0.0,0.0,0.0,0.0,0.0,0.0,0.0
0.0,0.0,0.0,0.0,-1.5110002756118774,-142000.0,11.5,8000.0,0.0,0.0,0.0,0.0,0.0,0.0,0.0,0.0,0.0,0.0
0.0,0.0,0.0,0.0,-1.4810000658035278,-142000.0,11.5,8000.0,0.0,0.0,0.0,0.0,0.0,0.0,0.0,0.0,0.0,0.0
0.0,0.0,0.0,0.0,-1.4010001420974731,-142000.0,11.5,8000.0,0.0,0.0,0.0,0.0,0.0,0.0,0.0,0.0,0.0,0.0
0.0,0.0,0.0,0.0,-1.3909999132156372,-142000.0,11.5,8000.0,0.0,0.0,0.0,0.0,0.0,0.0,0.0,0.0,0.0,0.0
0.0,0.0,0.0,0.0,-1.3810001611709595,-142000.0,11.5,8000.0,0.0,0.0,0.0,0.0,0.0,0.0,0.0,0.0,0.0,0.0
0.0,0.0,0.0,0.0,-1.3709999322891235,-142000.0,11.5,8000.0,0.0,0.0,0.0,0.0,0.0,0.0,0.0,0.0,0.0,0.0
0.0,0.0,0.0,0.0,-1.3709999322891235,-142000.0,11.5,8000.0,0.0,0.0,0.0,0.0,0.0,0.0,0.0,0.0,0.0,0.0
0.0,0.0,0.0,0.0,-1.3610001802444458,-142000.0,11.5,8000.0,0.0,0.0,0.0,0.0,0.0,0.0,0.0,0.0,0.0,0.0
0.0,0.0,0.0,0.0,-1.3810001611709595,-142000.0,11.5,8000.0,0.0,0.0,0.0,0.0,0.0,0.0,0.0,0.0,0.0,0.0
0.0,0.0,0.0,0.0,-1.4010001420974731,-142000.0,11.5,8000.0,0.0,0.0,0.0,0.0,0.0,0.0,0.0,0.0,0.0,0.0
0.0,0.0,0.0,0.0,-1.4610000848770142,-142000.0,11.5,8000.0,0.0,0.0,0.0,0.0,0.0,0.0,0.0,0.0,0.0,0.0
0.0,0.0,0.0,0.0,-1.4910002946853638,-142000.0,11.5,8000.0,0.0,0.0,0.0,0.0,0.0,0.0,0.0,0.0,0.0,0.0
0.0,0.0,0.0,0.0,-1.5010000467300415,-142000.0,11.5,8000.0,0.0,0.0,0.0,0.0,0.0,0.0,0.0,0.0,0.0,0.0
0.0,0.0,0.0,0.0,-1.5210000276565552,-142000.0,11.5,8000.0,0.0,0.0,0.0,0.0,0.0,0.0,0.0,0.0,0.0,0.0
0.0,0.0,0.0,0.0,-1.5210000276565552,-142000.0,11.5,8000.0,0.0,0.0,0.0,0.0,0.0,0.0,0.0,0.0,0.0,0.0
0.0,0.0,0.0,0.0,-1.5210000276565552,-142000.0,11.5,8000.0,0.0,0.0,0.0,0.0,0.0,0.0,0.0,0.0,0.0,0.0
0.0,0.0,0.0,0.0,-1.5210000276565552,-142000.0,11.5,8000.0,0.0,0.0,0.0,0.0,0.0,0.0,0.0,0.0,0.0,0.0
0.0,0.0,0.0,0.0,-1.5310002565383911,-142000.0,11.5,8000.0,0.0,0.0,0.0,0.0,0.0,0.0,0.0,0.0,0.0,0.0
0.0,0.0,0.0,0.0,-1.5310002565383911,-142000.0,11.5,8000.0,0.0,0.0,0.0,0.0,0.0,0.0,0.0,0.0,0.0,0.0
0.0,0.0,0.0,0.0,-1.5310002565383911,-142000.0,11.5,8000.0,0.0,0.0,0.0,0.0,0.0,0.0,0.0,0.0,0.0,0.0
0.0,0.0,0.0,0.0,-1.5210000276565552,-142000.0,11.5,8000.0,0.0,0.0,0.0,0.0,0.0,0.0,0.0,0.0,0.0,0.0
0.0,0.0,0.0,0.0,-1.5010000467300415,-142000.0,11.5,8000.0,0.0,0.0,0.0,0.0,0.0,0.0,0.0,0.0,0.0,0.0
0.0,0.0,0.0,0.0,-1.5010000467300415,-142000.0,11.5,8000.0,0.0,0.0,0.0,0.0,0.0,0.0,0.0,0.0,0.0,0.0
0.0,0.0,0.0,0.0,-1.4910002946853638,-142000.0,11.5,8000.0,0.0,0.0,0.0,0.0,0.0,0.0,0.0,0.0,0.0,0.0
0.0,0.0,0.0,0.0,-1.4910002946853638,-142000.0,11.5,8000.0,0.0,0.0,0.0,0.0,0.0,0.0,0.0,0.0,0.0,0.0
0.0,0.0,0.0,0.0,-1.5010000467300415,-142000.0,11.5,8000.0,0.0,0.0,0.0,0.0,0.0,0.0,0.0,0.0,0.0,0.0
0.0,0.0,0.0,0.0,-1.5010000467300415,-142000.0,11.5,8000.0,0.0,0.0,0.0,0.0,0.0,0.0,0.0,0.0,0.0,0.0
0.0,0.0,0.0,0.0,-1.5010000467300415,-142000.0,11.5,8000.0,0.0,0.0,0.0,0.0,0.0,0.0,0.0,0.0,0.0,0.0
0.0,0.0,0.0,0.0,-1.5010000467300415,-142000.0,11.5,8000.0,0.0,0.0,0.0,0.0,0.0,0.0,0.0,0.0,0.0,0.0
0.0,0.0,0.0,0.0,-1.5110002756118774,-142000.0,11.5,8000.0,0.0,0.0,0.0,0.0,0.0,0.0,0.0,0.0,0.0,0.0
0.0,0.0,0.0,0.0,-1.5110002756118774,-142000.0,11.5,8000.0,0.0,0.0,0.0,0.0,0.0,0.0,0.0,0.0,0.0,0.0
0.0,0.0,0.0,0.0,-1.5110002756118774,-142000.0,11.5,8000.0,0.0,0.0,0.0,0.0,0.0,0.0,0.0,0.0,0.0,0.0
0.0,0.0,0.0,0.0,-1.5110002756118774,-142000.0,11.5,8000.0,0.0,0.0,0.0,0.0,0.0,0.0,0.0,0.0,0.0,0.0
0.0,0.0,0.0,0.0,-1.5110002756118774,-142000.0,11.5,8000.0,0.0,0.0,0.0,0.0,0.0,0.0,0.0,0.0,0.0,0.0
0.0,0.0,0.0,0.0,-1.5110002756118774,-142000.0,11.5,8000.0,0.0,0.0,0.0,0.0,0.0,0.0,0.0,0.0,0.0,0.0
0.0,0.0,0.0,0.0,-1.5110002756118774,-142000.0,11.5,8000.0,0.0,0.0,0.0,0.0,0.0,0.0,0.0,0.0,0.0,0.0
0.0,0.0,0.0,0.0,-1.5110002756118774,-142000.0,11.5,8000.0,0.0,0.0,0.0,0.0,0.0,0.0,0.0,0.0,0.0,0.0
0.0,0.0,0.0,0.0,-1.5010000467300415,-142000.0,11.5,8000.0,0.0,0.0,0.0,0.0,0.0,0.0,0.0,0.0,0.0,0.0
0.0,0.0,0.0,0.0,-1.5010000467300415,-142000.0,11.5,8000.0,0.0,0.0,0.0,0.0,0.0,0.0,0.0,0.0,0.0,0.0
0.0,0.0,0.0,0.0,-1.5010000467300415,-142000.0,11.5,8000.0,0.0,0.0,0.0,0.0,0.0,0.0,0.0,0.0,0.0,0.0
0.0,0.0,0.0,0.0,-1.5010000467300415,-142000.0,11.5,8000.0,0.0,0.0,0.0,0.0,0.0,0.0,0.0,0.0,0.0,0.0
0.0,0.0,0.0,0.0,-1.5010000467300415,-142000.0,11.5,8000.0,0.0,0.0,0.0,0.0,0.0,0.0,0.0,0.0,0.0,0.0
0.0,0.0,0.0,0.0,-1.5010000467300415,-142000.0,11.5,8000.0,0.0,0.0,0.0,0.0,0.0,0.0,0.0,0.0,0.0,0.0
0.0,0.0,0.0,0.0,-1.5010000467300415,-142000.0,11.5,8000.0,0.0,0.0,0.0,0.0,0.0,0.0,0.0,0.0,0.0,0.0
0.0,0.0,0.0,0.0,-1.5010000467300415,-142000.0,11.5,8000.0,0.0,0.0,0.0,0.0,0.0,0.0,0.0,0.0,0.0,0.0
0.0,0.0,0.0,0.0,-1.5110002756118774,-142000.0,11.5,8000.0,0.0,0.0,0.0,0.0,0.0,0.0,0.0,0.0,0.0,0.0
0.0,0.0,0.0,0.0,-1.5010000467300415,-142000.0,11.5,8000.0,0.0,0.0,0.0,0.0,0.0,0.0,0.0,0.0,0.0,0.0
0.0,0.0,0.0,0.0,-1.5110002756118774,-142000.0,11.5,8000.0,0.0,0.0,0.0,0.0,0.0,0.0,0.0,0.0,0.0,0.0
0.0,0.0,0.0,0.0,-1.5010000467300415,-142000.0,11.5,8000.0,0.0,0.0,0.0,0.0,0.0,0.0,0.0,0.0,0.0,0.0
0.0,0.0,0.0,0.0,-1.5010000467300415,-142000.0,11.5,8000.0,0.0,0.0,0.0,0.0,0.0,0.0,0.0,0.0,0.0,0.0
0.0,0.0,0.0,0.0,-1.5010000467300415,-142000.0,11.5,8000.0,0.0,0.0,0.0,0.0,0.0,0.0,0.0,0.0,0.0,0.0
0.0,0.0,0.0,0.0,-1.5010000467300415,-142000.0,11.5,8000.0,0.0,0.0,0.0,0.0,0.0,0.0,0.0,0.0,0.0,0.0
0.0,0.0,0.0,0.0,-1.5010000467300415,-142000.0,11.5,8000.0,0.0,0.0,0.0,0.0,0.0,0.0,0.0,0.0,0.0,0.0
0.0,0.0,0.0,0.0,-1.5010000467300415,-142000.0,11.5,8000.0,0.0,0.0,0.0,0.0,0.0,0.0,0.0,0.0,0.0,0.0
0.0,0.0,0.0,0.0,-1.5010000467300415,-142000.0,11.5,8000.0,0.0,0.0,0.0,0.0,0.0,0.0,0.0,0.0,0.0,0.0
0.0,0.0,0.0,0.0,-1.5010000467300415,2000.0,27.5,10.0,0.0,0.0,0.0,0.0,0.0,0.0,0.0,0.0,0.0,0.0